Block_Index,Message,HashTime_uS,VerifyTime_uS,PrevHash_OK,Valid
0,"t=22.73,h=36.34,p=1011.86",150,113,True,True
1,"t=22.73,h=36.34,p=1011.86",71,26,True,True
2,"t=22.77,h=36.36,p=1011.87",64,2,True,True
3,"t=22.77,h=36.36,p=1011.87",61,2,True,True
4,"t=22.77,h=36.36,p=1011.87",63,2,True,True
5,"t=22.77,h=36.36,p=1011.87",61,2,True,True
6,"t=22.77,h=36.36,p=1011.87",62,2,True,True
7,"t=22.77,h=36.36,p=1011.87",61,2,True,True
8,"t=22.77,h=36.36,p=1011.87",63,4,True,True
9,"t=22.77,h=36.36,p=1011.87",61,2,True,True
10,"t=22.77,h=36.36,p=1011.87",62,2,True,True
11,"t=22.77,h=36.36,p=1011.87",61,2,True,True
12,"t=22.80,h=36.34,p=1011.84",62,2,True,True
13,"t=22.80,h=36.34,p=1011.84",62,36,True,True
14,"t=22.80,h=36.34,p=1011.84",71,7,True,True
15,"t=22.80,h=36.34,p=1011.84",62,9,True,True
16,"t=22.80,h=36.34,p=1011.84",61,7,True,True
17,"t=22.80,h=36.34,p=1011.84",63,4,True,True
18,"t=22.80,h=36.34,p=1011.84",61,4,True,True
19,"t=22.80,h=36.34,p=1011.84",62,4,True,True
20,"t=22.80,h=36.34,p=1011.84",61,5,True,True
21,"t=22.80,h=36.32,p=1011.81",62,4,True,True
22,"t=22.80,h=36.32,p=1011.81",62,4,True,True
23,"t=22.80,h=36.32,p=1011.81",62,4,True,True
24,"t=22.80,h=36.32,p=1011.81",61,4,True,True
25,"t=22.80,h=36.32,p=1011.81",62,41,True,True
26,"t=22.80,h=36.32,p=1011.81",71,7,True,True
27,"t=22.80,h=36.32,p=1011.81",62,7,True,True
28,"t=22.80,h=36.32,p=1011.81",61,6,True,True
29,"t=22.80,h=36.32,p=1011.81",62,6,True,True
30,"t=22.80,h=36.32,p=1011.81",61,7,True,True
31,"t=22.85,h=36.33,p=1011.89",63,6,True,True
32,"t=22.85,h=36.33,p=1011.89",61,6,True,True
33,"t=22.85,h=36.33,p=1011.89",62,6,True,True
34,"t=22.85,h=36.33,p=1011.89",61,6,True,True
35,"t=22.85,h=36.33,p=1011.89",64,2,True,True
36,"t=22.85,h=36.33,p=1011.89",61,2,True,True
37,"t=22.85,h=36.33,p=1011.89",65,37,True,True
38,"t=22.85,h=36.33,p=1011.89",63,7,True,True
39,"t=22.85,h=36.33,p=1011.89",63,7,True,True
40,"t=22.85,h=36.33,p=1011.89",61,7,True,True
41,"t=22.86,h=36.31,p=1011.89",62,3,True,True
42,"t=22.86,h=36.31,p=1011.89",61,2,True,True
43,"t=22.86,h=36.31,p=1011.89",63,2,True,True
44,"t=22.86,h=36.31,p=1011.89",61,2,True,True
45,"t=22.86,h=36.31,p=1011.89",62,2,True,True
46,"t=22.86,h=36.31,p=1011.89",61,2,True,True
47,"t=22.86,h=36.31,p=1011.89",62,2,True,True
48,"t=22.86,h=36.31,p=1011.89",61,36,True,True
49,"t=22.86,h=36.31,p=1011.89",63,7,True,True
50,"t=22.86,h=36.31,p=1011.89",61,8,True,True
51,"t=22.87,h=36.33,p=1011.89",62,11,True,True
52,"t=22.87,h=36.33,p=1011.89",61,5,True,True
53,"t=22.87,h=36.33,p=1011.89",62,5,True,True
54,"t=22.87,h=36.33,p=1011.89",61,5,True,True
55,"t=22.87,h=36.33,p=1011.89",62,22,True,True
56,"t=22.87,h=36.33,p=1011.89",62,7,True,True
57,"t=22.87,h=36.33,p=1011.89",62,7,True,True
58,"t=22.87,h=36.33,p=1011.89",61,19,True,True
59,"t=22.87,h=36.33,p=1011.89",63,6,True,True
60,"t=22.88,h=36.32,p=1011.91",61,7,True,True
61,"t=22.88,h=36.32,p=1011.91",62,6,True,True
62,"t=22.88,h=36.32,p=1011.91",61,34,True,True
63,"t=22.88,h=36.32,p=1011.91",64,5,True,True
64,"t=22.88,h=36.32,p=1011.91",61,5,True,True
65,"t=22.88,h=36.32,p=1011.91",63,6,True,True
66,"t=22.88,h=36.32,p=1011.91",61,5,True,True
67,"t=22.88,h=36.32,p=1011.91",63,4,True,True
68,"t=22.88,h=36.32,p=1011.91",61,4,True,True
69,"t=22.88,h=36.32,p=1011.91",62,4,True,True
70,"t=22.86,h=36.32,p=1011.82",61,5,True,True
71,"t=22.86,h=36.32,p=1011.82",62,4,True,True
72,"t=22.86,h=36.32,p=1011.82",61,4,True,True
73,"t=22.86,h=36.32,p=1011.82",62,4,True,True
74,"t=22.86,h=36.32,p=1011.82",61,40,True,True
75,"t=22.86,h=36.32,p=1011.82",92,5,True,True
76,"t=22.86,h=36.32,p=1011.82",87,2,True,True
77,"t=22.86,h=36.32,p=1011.82",61,2,True,True
78,"t=22.86,h=36.32,p=1011.82",62,2,True,True
79,"t=22.86,h=36.32,p=1011.82",61,2,True,True
80,"t=22.89,h=36.37,p=1011.88",80,36,True,True
81,"t=22.89,h=36.37,p=1011.88",62,5,True,True
82,"t=22.89,h=36.37,p=1011.88",62,5,True,True
83,"t=22.89,h=36.37,p=1011.88",61,5,True,True
84,"t=22.89,h=36.37,p=1011.88",62,5,True,True
85,"t=22.89,h=36.37,p=1011.88",61,5,True,True
86,"t=22.89,h=36.37,p=1011.88",62,4,True,True
87,"t=22.89,h=36.37,p=1011.88",61,4,True,True
88,"t=22.89,h=36.37,p=1011.88",63,4,True,True
89,"t=22.87,h=36.33,p=1011.86",61,4,True,True
90,"t=22.87,h=36.33,p=1011.86",62,5,True,True
91,"t=22.87,h=36.33,p=1011.86",61,4,True,True
92,"t=22.87,h=36.33,p=1011.86",62,39,True,True
93,"t=22.87,h=36.33,p=1011.86",70,4,True,True
94,"t=22.87,h=36.33,p=1011.86",63,2,True,True
95,"t=22.87,h=36.33,p=1011.86",61,2,True,True
96,"t=22.87,h=36.33,p=1011.86",62,2,True,True
97,"t=22.87,h=36.33,p=1011.86",61,2,True,True
98,"t=22.87,h=36.33,p=1011.86",62,2,True,True
99,"t=22.91,h=36.36,p=1011.89",61,2,True,True
100,"t=22.91,h=36.36,p=1011.89",63,2,True,True
101,"t=22.91,h=36.36,p=1011.89",62,6,True,True
102,"t=22.91,h=36.36,p=1011.89",62,2,True,True
103,"t=22.91,h=36.36,p=1011.89",61,2,True,True
104,"t=22.91,h=36.36,p=1011.89",62,39,True,True
105,"t=22.91,h=36.36,p=1011.89",86,8,True,True
106,"t=22.91,h=36.36,p=1011.89",62,5,True,True
107,"t=22.91,h=36.36,p=1011.89",61,6,True,True
108,"t=22.91,h=36.36,p=1011.89",62,4,True,True
109,"t=22.91,h=36.29,p=1011.92",61,9,True,True
110,"t=22.91,h=36.29,p=1011.92",63,39,True,True
111,"t=22.91,h=36.29,p=1011.92",62,7,True,True
112,"t=22.91,h=36.29,p=1011.92",62,10,True,True
113,"t=22.91,h=36.29,p=1011.92",61,7,True,True
114,"t=22.91,h=36.29,p=1011.92",62,6,True,True
115,"t=22.91,h=36.29,p=1011.92",61,6,True,True
116,"t=22.91,h=36.29,p=1011.92",62,2,True,True
117,"t=22.91,h=36.29,p=1011.92",85,2,True,True
118,"t=22.91,h=36.29,p=1011.91",63,2,True,True
119,"t=22.91,h=36.29,p=1011.91",61,16,True,True
120,"t=22.91,h=36.29,p=1011.91",63,2,True,True
121,"t=22.91,h=36.29,p=1011.91",61,2,True,True
122,"t=22.91,h=36.29,p=1011.91",62,2,True,True
123,"t=22.91,h=36.29,p=1011.91",61,2,True,True
124,"t=22.91,h=36.29,p=1011.91",62,2,True,True
125,"t=22.91,h=36.29,p=1011.91",61,2,True,True
126,"t=22.91,h=36.29,p=1011.91",62,2,True,True
127,"t=22.91,h=36.29,p=1011.91",61,2,True,True
128,"t=22.89,h=36.36,p=1011.87",62,3,True,True
129,"t=22.89,h=36.36,p=1011.87",61,3,True,True
130,"t=22.89,h=36.36,p=1011.87",62,26,True,True
131,"t=22.89,h=36.36,p=1011.87",62,2,True,True
132,"t=22.89,h=36.36,p=1011.87",62,2,True,True
133,"t=22.89,h=36.36,p=1011.87",61,2,True,True
134,"t=22.89,h=36.36,p=1011.87",62,2,True,True
135,"t=22.89,h=36.36,p=1011.87",61,39,True,True
136,"t=22.89,h=36.36,p=1011.87",64,7,True,True
137,"t=22.89,h=36.36,p=1011.87",61,9,True,True
138,"t=22.91,h=36.37,p=1011.90",62,7,True,True
139,"t=22.91,h=36.37,p=1011.90",62,2,True,True
140,"t=22.91,h=36.37,p=1011.90",63,39,True,True
141,"t=22.91,h=36.37,p=1011.90",62,8,True,True
142,"t=22.91,h=36.37,p=1011.90",62,9,True,True
143,"t=22.91,h=36.37,p=1011.90",62,2,True,True
144,"t=22.91,h=36.37,p=1011.90",62,2,True,True
145,"t=22.91,h=36.37,p=1011.90",61,2,True,True
146,"t=22.91,h=36.37,p=1011.90",63,2,True,True
147,"t=22.91,h=36.37,p=1011.90",61,2,True,True
148,"t=22.92,h=36.37,p=1011.89",62,2,True,True
149,"t=22.92,h=36.37,p=1011.89",61,2,True,True
150,"t=22.92,h=36.37,p=1011.89",62,41,True,True
151,"t=22.92,h=36.37,p=1011.89",63,11,True,True
152,"t=22.92,h=36.37,p=1011.89",63,6,True,True
153,"t=22.92,h=36.37,p=1011.89",61,7,True,True
154,"t=22.92,h=36.37,p=1011.89",62,6,True,True
155,"t=22.92,h=36.37,p=1011.89",61,5,True,True
156,"t=22.92,h=36.37,p=1011.89",62,22,True,True
157,"t=22.92,h=36.39,p=1011.88",62,7,True,True
158,"t=22.92,h=36.39,p=1011.88",62,5,True,True
159,"t=22.92,h=36.39,p=1011.88",61,5,True,True
160,"t=22.92,h=36.39,p=1011.88",63,15,True,True
161,"t=22.92,h=36.39,p=1011.88",78,40,True,True
162,"t=22.92,h=36.39,p=1011.88",63,7,True,True
163,"t=22.92,h=36.39,p=1011.88",61,2,True,True
164,"t=22.92,h=36.39,p=1011.88",62,2,True,True
165,"t=22.92,h=36.39,p=1011.88",61,2,True,True
166,"t=22.92,h=36.39,p=1011.88",62,3,True,True
167,"t=22.93,h=36.42,p=1011.88",61,2,True,True
168,"t=22.93,h=36.42,p=1011.88",62,2,True,True
169,"t=22.93,h=36.42,p=1011.88",61,2,True,True
170,"t=22.93,h=36.42,p=1011.88",81,25,True,True
171,"t=22.93,h=36.42,p=1011.88",62,2,True,True
172,"t=22.93,h=36.42,p=1011.88",62,3,True,True
173,"t=22.93,h=36.42,p=1011.88",61,2,True,True
174,"t=22.93,h=36.42,p=1011.88",62,2,True,True
175,"t=22.93,h=36.42,p=1011.88",61,29,True,True
176,"t=22.93,h=36.42,p=1011.88",64,3,True,True
177,"t=22.93,h=36.39,p=1011.92",61,5,True,True
178,"t=22.93,h=36.39,p=1011.92",62,2,True,True
179,"t=22.93,h=36.39,p=1011.92",61,2,True,True
180,"t=22.93,h=36.39,p=1011.92",62,2,True,True
181,"t=22.93,h=36.39,p=1011.92",61,27,True,True
182,"t=22.93,h=36.39,p=1011.92",63,4,True,True
183,"t=22.93,h=36.39,p=1011.92",61,2,True,True
184,"t=22.93,h=36.39,p=1011.92",62,2,True,True
185,"t=22.93,h=36.39,p=1011.92",61,2,True,True
186,"t=22.94,h=36.45,p=1011.92",61,2,True,True
187,"t=22.94,h=36.45,p=1011.92",60,2,True,True
188,"t=22.94,h=36.45,p=1011.92",78,2,True,True
189,"t=22.94,h=36.45,p=1011.92",60,2,True,True
190,"t=22.94,h=36.45,p=1011.92",61,2,True,True
191,"t=22.94,h=36.45,p=1011.92",60,28,True,True
192,"t=22.94,h=36.45,p=1011.92",62,8,True,True
193,"t=22.94,h=36.45,p=1011.92",59,7,True,True
194,"t=22.94,h=36.45,p=1011.92",61,6,True,True
195,"t=22.94,h=36.45,p=1011.92",59,6,True,True
196,"t=22.94,h=36.48,p=1011.92",62,6,True,True
197,"t=22.94,h=36.48,p=1011.92",61,7,True,True
198,"t=22.94,h=36.48,p=1011.92",62,7,True,True
199,"t=22.94,h=36.48,p=1011.92",61,6,True,True
200,"t=22.94,h=36.48,p=1011.92",62,6,True,True
201,"t=22.94,h=36.48,p=1011.92",84,49,True,True
202,"t=22.94,h=36.48,p=1011.92",63,9,True,True
203,"t=22.94,h=36.48,p=1011.92",61,7,True,True
204,"t=22.94,h=36.48,p=1011.92",62,7,True,True
205,"t=22.94,h=36.48,p=1011.92",62,6,True,True
206,"t=22.94,h=36.50,p=1011.90",62,7,True,True
207,"t=22.94,h=36.50,p=1011.90",67,6,True,True
208,"t=22.94,h=36.50,p=1011.90",62,6,True,True
209,"t=22.94,h=36.50,p=1011.90",61,6,True,True
210,"t=22.94,h=36.50,p=1011.90",63,4,True,True
211,"t=22.94,h=36.50,p=1011.90",71,27,True,True
212,"t=22.94,h=36.50,p=1011.90",63,3,True,True
213,"t=22.94,h=36.50,p=1011.90",61,2,True,True
214,"t=22.94,h=36.50,p=1011.90",63,2,True,True
215,"t=22.94,h=36.51,p=1011.92",61,2,True,True
216,"t=22.94,h=36.51,p=1011.92",62,2,True,True
217,"t=22.94,h=36.51,p=1011.92",61,2,True,True
218,"t=22.94,h=36.51,p=1011.92",62,2,True,True
219,"t=22.94,h=36.51,p=1011.92",61,2,True,True
220,"t=22.94,h=36.51,p=1011.92",62,2,True,True
221,"t=22.94,h=36.51,p=1011.92",65,2,True,True
222,"t=22.94,h=36.51,p=1011.92",62,31,True,True
223,"t=22.94,h=36.51,p=1011.92",62,5,True,True
224,"t=22.94,h=36.51,p=1011.92",63,5,True,True
225,"t=22.94,h=36.50,p=1011.89",61,4,True,True
226,"t=22.94,h=36.50,p=1011.89",62,5,True,True
227,"t=22.94,h=36.50,p=1011.89",61,4,True,True
228,"t=22.94,h=36.50,p=1011.89",62,5,True,True
229,"t=22.94,h=36.50,p=1011.89",78,4,True,True
230,"t=22.94,h=36.50,p=1011.89",62,4,True,True
231,"t=22.94,h=36.50,p=1011.89",61,5,True,True
232,"t=22.94,h=36.50,p=1011.89",62,26,True,True
233,"t=22.94,h=36.50,p=1011.89",63,3,True,True
234,"t=22.94,h=36.50,p=1011.89",62,2,True,True
235,"t=22.95,h=36.55,p=1011.91",61,2,True,True
236,"t=22.95,h=36.55,p=1011.91",62,2,True,True
237,"t=22.95,h=36.55,p=1011.91",73,2,True,True
238,"t=22.95,h=36.55,p=1011.91",63,2,True,True
239,"t=22.95,h=36.55,p=1011.91",61,2,True,True
240,"t=22.95,h=36.55,p=1011.91",62,2,True,True
241,"t=22.95,h=36.55,p=1011.91",61,2,True,True
242,"t=22.95,h=36.55,p=1011.91",62,2,True,True
243,"t=22.95,h=36.55,p=1011.91",61,40,True,True
244,"t=22.95,h=36.55,p=1011.91",63,8,True,True
245,"t=22.94,h=36.57,p=1011.87",61,7,True,True
246,"t=22.94,h=36.57,p=1011.87",63,8,True,True
247,"t=22.94,h=36.57,p=1011.87",61,6,True,True
248,"t=22.94,h=36.57,p=1011.87",62,6,True,True
249,"t=22.94,h=36.57,p=1011.87",61,6,True,True
250,"t=22.94,h=36.57,p=1011.87",62,6,True,True
251,"t=22.94,h=36.57,p=1011.87",61,5,True,True
252,"t=22.94,h=36.57,p=1011.87",68,2,True,True
253,"t=22.94,h=36.57,p=1011.87",61,35,True,True
254,"t=22.95,h=36.60,p=1011.91",64,6,True,True
255,"t=22.95,h=36.60,p=1011.91",61,4,True,True
256,"t=22.95,h=36.60,p=1011.91",63,6,True,True
257,"t=22.95,h=36.60,p=1011.91",61,5,True,True
258,"t=22.95,h=36.60,p=1011.91",79,5,True,True
259,"t=22.95,h=36.60,p=1011.91",61,4,True,True
260,"t=22.95,h=36.60,p=1011.91",62,5,True,True
261,"t=22.95,h=36.60,p=1011.91",61,5,True,True
262,"t=22.95,h=36.60,p=1011.91",62,4,True,True
263,"t=22.95,h=36.60,p=1011.91",61,22,True,True
264,"t=22.95,h=36.62,p=1011.91",64,5,True,True
265,"t=22.95,h=36.62,p=1011.91",61,4,True,True
266,"t=22.95,h=36.62,p=1011.91",62,6,True,True
267,"t=22.95,h=36.62,p=1011.91",61,4,True,True
268,"t=22.95,h=36.62,p=1011.91",62,4,True,True
269,"t=22.95,h=36.62,p=1011.91",61,5,True,True
270,"t=22.95,h=36.62,p=1011.91",63,4,True,True
271,"t=22.95,h=36.62,p=1011.91",61,5,True,True
272,"t=22.95,h=36.62,p=1011.91",62,4,True,True
273,"t=22.95,h=36.62,p=1011.91",61,22,True,True
274,"t=22.95,h=36.63,p=1011.93",64,5,True,True
275,"t=22.95,h=36.63,p=1011.93",61,5,True,True
276,"t=22.95,h=36.63,p=1011.93",62,6,True,True
277,"t=22.95,h=36.63,p=1011.93",61,5,True,True
278,"t=22.95,h=36.63,p=1011.93",62,8,True,True
279,"t=22.95,h=36.63,p=1011.93",61,5,True,True
280,"t=22.95,h=36.63,p=1011.93",62,5,True,True
281,"t=22.95,h=36.63,p=1011.93",61,5,True,True
282,"t=22.95,h=36.63,p=1011.93",63,4,True,True
283,"t=22.95,h=36.64,p=1011.91",61,5,True,True
284,"t=22.95,h=36.64,p=1011.91",62,39,True,True
285,"t=22.95,h=36.64,p=1011.91",63,7,True,True
286,"t=22.95,h=36.64,p=1011.91",63,9,True,True
287,"t=22.95,h=36.64,p=1011.91",61,6,True,True
288,"t=22.95,h=36.64,p=1011.91",62,6,True,True
289,"t=22.95,h=36.64,p=1011.91",61,5,True,True
290,"t=22.95,h=36.64,p=1011.91",62,2,True,True
291,"t=22.95,h=36.64,p=1011.91",62,2,True,True
292,"t=22.95,h=36.64,p=1011.91",62,2,True,True
293,"t=22.95,h=36.66,p=1011.91",64,2,True,True
294,"t=22.95,h=36.66,p=1011.91",62,30,True,True
295,"t=22.95,h=36.66,p=1011.91",62,5,True,True
296,"t=22.95,h=36.66,p=1011.91",63,6,True,True
297,"t=22.95,h=36.66,p=1011.91",61,3,True,True
298,"t=22.95,h=36.66,p=1011.91",62,2,True,True
299,"t=22.95,h=36.66,p=1011.91",61,2,True,True
300,"t=22.95,h=36.66,p=1011.91",62,2,True,True
301,"t=22.95,h=36.66,p=1011.91",62,6,True,True
302,"t=22.95,h=36.66,p=1011.91",63,2,True,True
303,"t=22.94,h=36.67,p=1011.87",61,2,True,True
304,"t=22.94,h=36.67,p=1011.87",62,19,True,True
305,"t=22.94,h=36.67,p=1011.87",62,3,True,True
306,"t=22.94,h=36.67,p=1011.87",62,2,True,True
307,"t=22.94,h=36.67,p=1011.87",61,2,True,True
308,"t=22.94,h=36.67,p=1011.87",62,2,True,True
309,"t=22.94,h=36.67,p=1011.87",61,2,True,True
310,"t=22.94,h=36.67,p=1011.87",62,2,True,True
311,"t=22.94,h=36.67,p=1011.87",61,2,True,True
312,"t=22.94,h=36.67,p=1011.87",63,3,True,True
313,"t=22.94,h=36.68,p=1011.87",60,3,True,True
314,"t=22.94,h=36.68,p=1011.87",61,28,True,True
315,"t=22.94,h=36.68,p=1011.87",61,2,True,True
316,"t=22.94,h=36.68,p=1011.87",61,2,True,True
317,"t=22.94,h=36.68,p=1011.87",60,2,True,True
318,"t=22.94,h=36.68,p=1011.87",61,2,True,True
319,"t=22.94,h=36.68,p=1011.87",60,2,True,True
320,"t=22.94,h=36.68,p=1011.87",61,2,True,True
321,"t=22.94,h=36.68,p=1011.87",60,2,True,True
322,"t=22.95,h=36.67,p=1011.90",63,2,True,True
323,"t=22.95,h=36.67,p=1011.90",61,2,True,True
324,"t=22.95,h=36.67,p=1011.90",63,2,True,True
325,"t=22.95,h=36.67,p=1011.90",84,28,True,True
326,"t=22.95,h=36.67,p=1011.90",63,7,True,True
327,"t=22.95,h=36.67,p=1011.90",61,7,True,True
328,"t=22.95,h=36.67,p=1011.90",62,6,True,True
329,"t=22.95,h=36.67,p=1011.90",61,7,True,True
330,"t=22.95,h=36.67,p=1011.90",86,29,True,True
331,"t=22.95,h=36.67,p=1011.90",62,6,True,True
332,"t=22.96,h=36.64,p=1011.92",86,5,True,True
333,"t=22.96,h=36.64,p=1011.92",61,4,True,True
334,"t=22.96,h=36.64,p=1011.92",62,2,True,True
335,"t=22.96,h=36.64,p=1011.92",61,2,True,True
336,"t=22.96,h=36.64,p=1011.92",63,21,True,True
337,"t=22.96,h=36.64,p=1011.92",62,5,True,True
338,"t=22.96,h=36.64,p=1011.92",62,5,True,True
339,"t=22.96,h=36.64,p=1011.92",61,5,True,True
340,"t=22.96,h=36.64,p=1011.92",62,4,True,True
341,"t=22.96,h=36.64,p=1011.92",61,5,True,True
342,"t=22.96,h=36.70,p=1011.89",62,5,True,True
343,"t=22.96,h=36.70,p=1011.89",61,5,True,True
344,"t=22.96,h=36.70,p=1011.89",62,5,True,True
345,"t=22.96,h=36.70,p=1011.89",61,4,True,True
346,"t=22.96,h=36.70,p=1011.89",63,33,True,True
347,"t=22.96,h=36.70,p=1011.89",63,3,True,True
348,"t=22.96,h=36.70,p=1011.89",62,3,True,True
349,"t=22.96,h=36.70,p=1011.89",61,3,True,True
350,"t=22.96,h=36.70,p=1011.89",62,2,True,True
351,"t=22.96,h=36.73,p=1011.91",61,12,True,True
352,"t=22.96,h=36.73,p=1011.91",62,5,True,True
353,"t=22.96,h=36.73,p=1011.91",61,5,True,True
354,"t=22.96,h=36.73,p=1011.91",62,5,True,True
355,"t=22.96,h=36.73,p=1011.91",62,5,True,True
356,"t=22.96,h=36.73,p=1011.91",63,4,True,True
357,"t=22.96,h=36.73,p=1011.91",61,5,True,True
358,"t=22.96,h=36.73,p=1011.91",62,38,True,True
359,"t=22.96,h=36.73,p=1011.91",70,10,True,True
360,"t=22.96,h=36.73,p=1011.91",62,7,True,True
361,"t=22.96,h=36.69,p=1011.89",62,6,True,True
362,"t=22.96,h=36.69,p=1011.89",62,6,True,True
363,"t=22.96,h=36.69,p=1011.89",61,7,True,True
364,"t=22.96,h=36.69,p=1011.89",62,7,True,True
365,"t=22.96,h=36.69,p=1011.89",61,2,True,True
366,"t=22.96,h=36.69,p=1011.89",62,2,True,True
367,"t=22.96,h=36.69,p=1011.89",61,2,True,True
368,"t=22.96,h=36.69,p=1011.89",62,2,True,True
369,"t=22.96,h=36.69,p=1011.89",61,2,True,True
370,"t=22.96,h=36.69,p=1011.89",62,27,True,True
371,"t=22.96,h=36.73,p=1011.90",70,3,True,True
372,"t=22.96,h=36.73,p=1011.90",62,2,True,True
373,"t=22.96,h=36.73,p=1011.90",72,2,True,True
374,"t=22.96,h=36.73,p=1011.90",62,3,True,True
375,"t=22.96,h=36.73,p=1011.90",61,2,True,True
376,"t=22.96,h=36.73,p=1011.90",63,2,True,True
377,"t=22.96,h=36.73,p=1011.90",61,2,True,True
378,"t=22.96,h=36.73,p=1011.90",63,21,True,True
379,"t=22.96,h=36.73,p=1011.90",62,7,True,True
380,"t=22.96,h=36.69,p=1011.90",62,5,True,True
381,"t=22.96,h=36.69,p=1011.90",62,5,True,True
382,"t=22.96,h=36.69,p=1011.90",62,4,True,True
383,"t=22.96,h=36.69,p=1011.90",61,5,True,True
384,"t=22.96,h=36.69,p=1011.90",62,5,True,True
385,"t=22.96,h=36.69,p=1011.90",61,4,True,True
386,"t=22.96,h=36.69,p=1011.90",63,4,True,True
387,"t=22.96,h=36.69,p=1011.90",62,4,True,True
388,"t=22.96,h=36.69,p=1011.90",63,5,True,True
389,"t=22.96,h=36.69,p=1011.90",61,5,True,True
390,"t=22.97,h=36.76,p=1011.90",63,35,True,True
391,"t=22.97,h=36.76,p=1011.90",69,5,True,True
392,"t=22.97,h=36.76,p=1011.90",63,5,True,True
393,"t=22.97,h=36.76,p=1011.90",61,4,True,True
394,"t=22.97,h=36.76,p=1011.90",62,5,True,True
395,"t=22.97,h=36.76,p=1011.90",61,4,True,True
396,"t=22.97,h=36.76,p=1011.90",67,4,True,True
397,"t=22.97,h=36.76,p=1011.90",61,4,True,True
398,"t=22.97,h=36.76,p=1011.90",63,4,True,True
399,"t=22.97,h=36.76,p=1011.90",61,44,True,True
400,"t=22.94,h=36.75,p=1011.84",62,7,True,True
401,"t=22.94,h=36.75,p=1011.84",61,5,True,True
402,"t=22.94,h=36.75,p=1011.84",61,2,True,True
403,"t=22.94,h=36.75,p=1011.84",60,2,True,True
404,"t=22.94,h=36.75,p=1011.84",61,2,True,True
405,"t=22.94,h=36.75,p=1011.84",60,2,True,True
406,"t=22.94,h=36.75,p=1011.84",61,2,True,True
407,"t=22.94,h=36.75,p=1011.84",60,2,True,True
408,"t=22.94,h=36.75,p=1011.84",61,2,True,True
409,"t=22.94,h=36.75,p=1011.84",60,2,True,True
410,"t=22.97,h=36.72,p=1011.91",63,2,True,True
411,"t=22.97,h=36.72,p=1011.91",61,47,True,True
412,"t=22.97,h=36.72,p=1011.91",70,8,True,True
413,"t=22.97,h=36.72,p=1011.91",62,7,True,True
414,"t=22.97,h=36.72,p=1011.91",62,7,True,True
415,"t=22.97,h=36.72,p=1011.91",63,6,True,True
416,"t=22.97,h=36.72,p=1011.91",61,14,True,True
417,"t=22.97,h=36.72,p=1011.91",62,41,True,True
418,"t=22.97,h=36.72,p=1011.91",62,8,True,True
419,"t=22.96,h=36.74,p=1011.89",62,7,True,True
420,"t=22.96,h=36.74,p=1011.89",61,6,True,True
421,"t=22.96,h=36.74,p=1011.89",62,7,True,True
422,"t=22.96,h=36.74,p=1011.89",61,6,True,True
423,"t=22.96,h=36.74,p=1011.89",62,6,True,True
424,"t=22.96,h=36.74,p=1011.89",61,6,True,True
425,"t=22.96,h=36.74,p=1011.89",62,6,True,True
426,"t=22.96,h=36.74,p=1011.89",61,3,True,True
427,"t=22.96,h=36.74,p=1011.89",62,2,True,True
428,"t=22.96,h=36.74,p=1011.89",61,28,True,True
429,"t=22.97,h=36.75,p=1011.91",63,3,True,True
430,"t=22.97,h=36.75,p=1011.91",61,2,True,True
431,"t=22.97,h=36.75,p=1011.91",63,3,True,True
432,"t=22.97,h=36.75,p=1011.91",61,2,True,True
433,"t=22.97,h=36.75,p=1011.91",62,2,True,True
434,"t=22.97,h=36.75,p=1011.91",61,2,True,True
435,"t=22.97,h=36.75,p=1011.91",62,2,True,True
436,"t=22.97,h=36.75,p=1011.91",62,2,True,True
437,"t=22.97,h=36.75,p=1011.91",83,2,True,True
438,"t=22.97,h=36.75,p=1011.91",61,38,True,True
439,"t=22.97,h=36.73,p=1011.89",63,2,True,True
440,"t=22.97,h=36.73,p=1011.89",61,2,True,True
441,"t=22.97,h=36.73,p=1011.89",62,3,True,True
442,"t=22.97,h=36.73,p=1011.89",61,2,True,True
443,"t=22.97,h=36.73,p=1011.89",62,28,True,True
444,"t=22.97,h=36.73,p=1011.89",85,7,True,True
445,"t=22.97,h=36.73,p=1011.89",62,7,True,True
446,"t=22.97,h=36.73,p=1011.89",61,8,True,True
447,"t=22.97,h=36.73,p=1011.89",62,6,True,True
448,"t=22.97,h=36.78,p=1011.90",61,6,True,True
449,"t=22.97,h=36.78,p=1011.90",63,32,True,True
450,"t=22.97,h=36.78,p=1011.90",63,5,True,True
451,"t=22.97,h=36.78,p=1011.90",62,7,True,True
452,"t=22.97,h=36.78,p=1011.90",61,2,True,True
453,"t=22.97,h=36.78,p=1011.90",63,2,True,True
454,"t=22.97,h=36.78,p=1011.90",61,17,True,True
455,"t=22.97,h=36.78,p=1011.90",63,3,True,True
456,"t=22.97,h=36.78,p=1011.90",62,3,True,True
457,"t=22.97,h=36.78,p=1011.90",62,2,True,True
458,"t=22.97,h=36.73,p=1011.88",61,2,True,True
459,"t=22.97,h=36.73,p=1011.88",62,2,True,True
460,"t=22.97,h=36.73,p=1011.88",61,2,True,True
461,"t=22.97,h=36.73,p=1011.88",62,2,True,True
462,"t=22.97,h=36.73,p=1011.88",61,30,True,True
463,"t=22.97,h=36.73,p=1011.88",63,2,True,True
464,"t=22.97,h=36.73,p=1011.88",61,2,True,True
465,"t=22.97,h=36.73,p=1011.88",63,2,True,True
466,"t=22.97,h=36.73,p=1011.88",61,16,True,True
467,"t=22.97,h=36.73,p=1011.88",62,2,True,True
468,"t=22.97,h=36.78,p=1011.92",61,2,True,True
469,"t=22.97,h=36.78,p=1011.92",62,2,True,True
470,"t=22.97,h=36.78,p=1011.92",61,2,True,True
471,"t=22.97,h=36.78,p=1011.92",63,2,True,True
472,"t=22.97,h=36.78,p=1011.92",62,2,True,True
473,"t=22.97,h=36.78,p=1011.92",63,2,True,True
474,"t=22.97,h=36.78,p=1011.92",61,26,True,True
475,"t=22.97,h=36.78,p=1011.92",69,3,True,True
476,"t=22.97,h=36.78,p=1011.92",62,2,True,True
477,"t=22.97,h=36.78,p=1011.92",61,2,True,True
478,"t=22.98,h=36.78,p=1011.91",62,2,True,True
479,"t=22.98,h=36.78,p=1011.91",61,2,True,True
480,"t=22.98,h=36.78,p=1011.91",62,60,True,True
481,"t=22.98,h=36.78,p=1011.91",62,11,True,True
482,"t=22.98,h=36.78,p=1011.91",63,7,True,True
483,"t=22.98,h=36.78,p=1011.91",62,6,True,True
484,"t=22.98,h=36.78,p=1011.91",62,6,True,True
485,"t=22.98,h=36.78,p=1011.91",78,4,True,True
486,"t=22.98,h=36.78,p=1011.91",62,2,True,True
487,"t=22.97,h=36.78,p=1011.90",61,2,True,True
488,"t=22.97,h=36.78,p=1011.90",62,2,True,True
489,"t=22.97,h=36.78,p=1011.90",61,2,True,True
490,"t=22.97,h=36.78,p=1011.90",63,2,True,True
491,"t=22.97,h=36.78,p=1011.90",61,2,True,True
492,"t=22.97,h=36.78,p=1011.90",62,28,True,True
493,"t=22.97,h=36.78,p=1011.90",70,2,True,True
494,"t=22.97,h=36.78,p=1011.90",62,2,True,True
495,"t=22.97,h=36.78,p=1011.90",61,2,True,True
496,"t=22.97,h=36.78,p=1011.90",62,2,True,True
497,"t=22.97,h=36.79,p=1011.93",61,2,True,True
498,"t=22.97,h=36.79,p=1011.93",62,2,True,True
499,"t=22.97,h=36.79,p=1011.93",61,2,True,True
500,"t=22.97,h=36.79,p=1011.93",62,2,True,True
501,"t=22.97,h=36.79,p=1011.93",62,7,True,True
502,"t=22.97,h=36.79,p=1011.93",62,2,True,True
503,"t=22.97,h=36.79,p=1011.93",61,2,True,True
504,"t=22.97,h=36.79,p=1011.93",62,21,True,True
505,"t=22.97,h=36.79,p=1011.93",72,5,True,True
506,"t=22.97,h=36.79,p=1011.93",62,6,True,True
507,"t=22.97,h=36.79,p=1011.90",61,5,True,True
508,"t=22.97,h=36.79,p=1011.90",63,4,True,True
509,"t=22.97,h=36.79,p=1011.90",61,4,True,True
510,"t=22.97,h=36.79,p=1011.90",62,50,True,True
511,"t=22.97,h=36.79,p=1011.90",63,4,True,True
512,"t=22.97,h=36.79,p=1011.90",62,2,True,True
513,"t=22.97,h=36.79,p=1011.90",61,2,True,True
514,"t=22.97,h=36.79,p=1011.90",63,2,True,True
515,"t=22.97,h=36.79,p=1011.90",61,2,True,True
516,"t=22.97,h=36.78,p=1011.90",63,2,True,True
517,"t=22.97,h=36.78,p=1011.90",61,15,True,True
518,"t=22.97,h=36.78,p=1011.90",79,2,True,True
519,"t=22.97,h=36.78,p=1011.90",62,28,True,True
520,"t=22.97,h=36.78,p=1011.90",63,5,True,True
521,"t=22.97,h=36.78,p=1011.90",61,2,True,True
522,"t=22.97,h=36.78,p=1011.90",62,2,True,True
523,"t=22.97,h=36.78,p=1011.90",61,2,True,True
524,"t=22.97,h=36.78,p=1011.90",75,2,True,True
525,"t=22.97,h=36.78,p=1011.90",61,2,True,True
526,"t=22.97,h=36.80,p=1011.92",62,2,True,True
527,"t=22.97,h=36.80,p=1011.92",61,2,True,True
528,"t=22.97,h=36.80,p=1011.92",62,2,True,True
529,"t=22.97,h=36.80,p=1011.92",61,40,True,True
530,"t=22.97,h=36.80,p=1011.92",64,10,True,True
531,"t=22.97,h=36.80,p=1011.92",61,7,True,True
532,"t=22.97,h=36.80,p=1011.92",62,6,True,True
533,"t=22.97,h=36.80,p=1011.92",61,6,True,True
534,"t=22.97,h=36.80,p=1011.92",62,6,True,True
535,"t=22.97,h=36.80,p=1011.92",61,2,True,True
536,"t=22.97,h=36.79,p=1011.89",62,2,True,True
537,"t=22.97,h=36.79,p=1011.89",61,2,True,True
538,"t=22.97,h=36.79,p=1011.89",62,2,True,True
539,"t=22.97,h=36.79,p=1011.89",61,26,True,True
540,"t=22.97,h=36.79,p=1011.89",64,4,True,True
541,"t=22.97,h=36.79,p=1011.89",61,2,True,True
542,"t=22.97,h=36.79,p=1011.89",62,2,True,True
543,"t=22.97,h=36.79,p=1011.89",61,2,True,True
544,"t=22.97,h=36.79,p=1011.89",62,2,True,True
545,"t=22.98,h=36.78,p=1011.91",61,2,True,True
546,"t=22.98,h=36.78,p=1011.91",62,2,True,True
547,"t=22.98,h=36.78,p=1011.91",61,2,True,True
548,"t=22.98,h=36.78,p=1011.91",63,2,True,True
549,"t=22.98,h=36.78,p=1011.91",61,2,True,True
550,"t=22.98,h=36.78,p=1011.91",62,43,True,True
551,"t=22.98,h=36.78,p=1011.91",62,11,True,True
552,"t=22.98,h=36.78,p=1011.91",62,5,True,True
553,"t=22.98,h=36.78,p=1011.91",61,4,True,True
554,"t=22.98,h=36.78,p=1011.91",62,5,True,True
555,"t=22.98,h=36.79,p=1011.91",61,5,True,True
556,"t=22.98,h=36.79,p=1011.91",62,5,True,True
557,"t=22.98,h=36.79,p=1011.91",61,4,True,True
558,"t=22.98,h=36.79,p=1011.91",62,4,True,True
559,"t=22.98,h=36.79,p=1011.91",61,4,True,True
560,"t=22.98,h=36.79,p=1011.91",62,24,True,True
561,"t=22.98,h=36.79,p=1011.91",63,7,True,True
562,"t=22.98,h=36.79,p=1011.91",62,7,True,True
563,"t=22.98,h=36.79,p=1011.91",61,7,True,True
564,"t=22.98,h=36.79,p=1011.91",63,6,True,True
565,"t=22.98,h=36.79,p=1011.92",61,46,True,True
566,"t=22.98,h=36.79,p=1011.92",63,7,True,True
567,"t=22.98,h=36.79,p=1011.92",61,7,True,True
568,"t=22.98,h=36.79,p=1011.92",63,26,True,True
569,"t=22.98,h=36.79,p=1011.92",61,7,True,True
570,"t=22.98,h=36.79,p=1011.92",64,7,True,True
571,"t=22.98,h=36.79,p=1011.92",61,6,True,True
572,"t=22.98,h=36.79,p=1011.92",62,4,True,True
573,"t=22.98,h=36.79,p=1011.92",61,2,True,True
574,"t=22.98,h=36.79,p=1011.92",62,2,True,True
575,"t=22.98,h=36.72,p=1011.93",61,2,True,True
576,"t=22.98,h=36.72,p=1011.93",63,2,True,True
577,"t=22.98,h=36.72,p=1011.93",61,27,True,True
578,"t=22.98,h=36.72,p=1011.93",69,3,True,True
579,"t=22.98,h=36.72,p=1011.93",62,2,True,True
580,"t=22.98,h=36.72,p=1011.93",61,2,True,True
581,"t=22.98,h=36.72,p=1011.93",62,2,True,True
582,"t=22.98,h=36.72,p=1011.93",61,2,True,True
583,"t=22.98,h=36.72,p=1011.93",62,2,True,True
584,"t=22.98,h=36.79,p=1011.91",61,34,True,True
585,"t=22.98,h=36.79,p=1011.91",64,9,True,True
586,"t=22.98,h=36.79,p=1011.91",61,5,True,True
587,"t=22.98,h=36.79,p=1011.91",62,5,True,True
588,"t=22.98,h=36.79,p=1011.91",81,5,True,True
589,"t=22.98,h=36.79,p=1011.91",62,5,True,True
590,"t=22.98,h=36.79,p=1011.91",61,5,True,True
591,"t=22.98,h=36.79,p=1011.91",63,2,True,True
592,"t=22.98,h=36.79,p=1011.91",61,2,True,True
593,"t=22.98,h=36.79,p=1011.91",63,2,True,True
594,"t=22.98,h=36.80,p=1011.93",61,2,True,True
595,"t=22.98,h=36.80,p=1011.93",62,2,True,True
596,"t=22.98,h=36.80,p=1011.93",61,38,True,True
597,"t=22.98,h=36.80,p=1011.93",69,8,True,True
598,"t=22.98,h=36.80,p=1011.93",62,7,True,True
599,"t=22.98,h=36.80,p=1011.93",62,6,True,True
600,"t=22.98,h=36.80,p=1011.93",62,5,True,True
601,"t=22.98,h=36.80,p=1011.93",62,6,True,True
602,"t=22.98,h=36.80,p=1011.93",63,39,True,True
603,"t=22.98,h=36.80,p=1011.93",63,8,True,True
604,"t=22.98,h=36.80,p=1011.96",62,7,True,True
605,"t=22.98,h=36.80,p=1011.96",61,8,True,True
606,"t=22.98,h=36.80,p=1011.96",63,6,True,True
607,"t=22.98,h=36.80,p=1011.96",61,40,True,True
608,"t=22.98,h=36.80,p=1011.96",64,19,True,True
609,"t=22.98,h=36.80,p=1011.96",61,2,True,True
610,"t=22.98,h=36.80,p=1011.96",62,2,True,True
611,"t=22.98,h=36.80,p=1011.96",61,2,True,True
612,"t=22.98,h=36.80,p=1011.96",62,40,True,True
613,"t=22.98,h=36.80,p=1011.94",63,8,True,True
614,"t=22.98,h=36.80,p=1011.94",62,7,True,True
615,"t=22.98,h=36.80,p=1011.94",62,9,True,True
616,"t=22.98,h=36.80,p=1011.94",62,7,True,True
617,"t=22.98,h=36.80,p=1011.94",61,47,True,True
618,"t=22.98,h=36.80,p=1011.94",64,8,True,True
619,"t=22.98,h=36.80,p=1011.94",61,7,True,True
620,"t=22.98,h=36.80,p=1011.94",62,2,True,True
621,"t=22.98,h=36.80,p=1011.94",61,2,True,True
622,"t=22.98,h=36.80,p=1011.94",62,33,True,True
623,"t=22.98,h=36.79,p=1011.92",62,3,True,True
624,"t=22.98,h=36.79,p=1011.92",62,2,True,True
625,"t=22.98,h=36.79,p=1011.92",61,2,True,True
626,"t=22.98,h=36.79,p=1011.92",63,2,True,True
627,"t=22.98,h=36.79,p=1011.92",61,38,True,True
628,"t=22.98,h=36.79,p=1011.92",63,6,True,True
629,"t=22.98,h=36.79,p=1011.92",85,4,True,True
630,"t=22.98,h=36.79,p=1011.92",62,5,True,True
631,"t=22.98,h=36.79,p=1011.92",61,4,True,True
632,"t=22.98,h=36.79,p=1011.92",87,5,True,True
633,"t=22.99,h=36.77,p=1011.94",61,34,True,True
634,"t=22.99,h=36.77,p=1011.94",64,5,True,True
635,"t=22.99,h=36.77,p=1011.94",61,5,True,True
636,"t=22.99,h=36.77,p=1011.94",62,5,True,True
637,"t=22.99,h=36.77,p=1011.94",61,5,True,True
638,"t=22.99,h=36.77,p=1011.94",62,38,True,True
639,"t=22.99,h=36.77,p=1011.94",63,7,True,True
640,"t=22.99,h=36.77,p=1011.94",62,5,True,True
641,"t=22.99,h=36.77,p=1011.94",61,4,True,True
642,"t=22.99,h=36.77,p=1011.94",62,5,True,True
643,"t=22.99,h=36.78,p=1011.94",74,5,True,True
644,"t=22.99,h=36.78,p=1011.94",62,4,True,True
645,"t=22.99,h=36.78,p=1011.94",61,4,True,True
646,"t=22.99,h=36.78,p=1011.94",63,5,True,True
647,"t=22.99,h=36.78,p=1011.94",61,5,True,True
648,"t=22.99,h=36.78,p=1011.94",62,5,True,True
649,"t=22.99,h=36.78,p=1011.94",61,4,True,True
650,"t=22.99,h=36.78,p=1011.94",62,28,True,True
651,"t=22.99,h=36.78,p=1011.94",70,7,True,True
652,"t=22.99,h=36.78,p=1011.93",62,5,True,True
653,"t=22.99,h=36.78,p=1011.93",61,2,True,True
654,"t=22.99,h=36.78,p=1011.93",62,2,True,True
655,"t=22.99,h=36.78,p=1011.93",61,3,True,True
656,"t=22.99,h=36.78,p=1011.93",62,2,True,True
657,"t=22.99,h=36.78,p=1011.93",61,22,True,True
658,"t=22.99,h=36.78,p=1011.93",64,5,True,True
659,"t=22.99,h=36.78,p=1011.93",61,4,True,True
660,"t=22.99,h=36.78,p=1011.93",62,4,True,True
661,"t=22.99,h=36.78,p=1011.93",61,4,True,True
662,"t=22.99,h=36.74,p=1011.91",62,31,True,True
663,"t=22.99,h=36.74,p=1011.91",63,2,True,True
664,"t=22.99,h=36.74,p=1011.91",62,2,True,True
665,"t=22.99,h=36.74,p=1011.91",61,2,True,True
666,"t=22.99,h=36.74,p=1011.91",62,2,True,True
667,"t=22.99,h=36.74,p=1011.91",61,2,True,True
668,"t=22.99,h=36.74,p=1011.91",62,2,True,True
669,"t=22.99,h=36.74,p=1011.91",61,2,True,True
670,"t=22.99,h=36.74,p=1011.91",83,2,True,True
671,"t=22.99,h=36.74,p=1011.91",61,2,True,True
672,"t=22.99,h=36.77,p=1011.93",62,2,True,True
673,"t=22.99,h=36.77,p=1011.93",61,41,True,True
674,"t=22.99,h=36.77,p=1011.93",64,7,True,True
675,"t=22.99,h=36.77,p=1011.93",61,6,True,True
676,"t=22.99,h=36.77,p=1011.93",62,6,True,True
677,"t=22.99,h=36.77,p=1011.93",61,7,True,True
678,"t=22.99,h=36.77,p=1011.93",62,4,True,True
679,"t=22.99,h=36.77,p=1011.93",61,3,True,True
680,"t=22.99,h=36.77,p=1011.93",62,3,True,True
681,"t=22.97,h=36.77,p=1011.91",62,3,True,True
682,"t=22.97,h=36.77,p=1011.91",81,43,True,True
683,"t=22.97,h=36.77,p=1011.91",62,7,True,True
684,"t=22.97,h=36.77,p=1011.91",62,7,True,True
685,"t=22.97,h=36.77,p=1011.91",61,6,True,True
686,"t=22.97,h=36.77,p=1011.91",62,6,True,True
687,"t=22.97,h=36.77,p=1011.91",62,7,True,True
688,"t=22.97,h=36.77,p=1011.91",84,6,True,True
689,"t=22.97,h=36.77,p=1011.91",61,2,True,True
690,"t=22.97,h=36.77,p=1011.91",63,2,True,True
691,"t=22.95,h=36.78,p=1011.88",61,2,True,True
692,"t=22.95,h=36.78,p=1011.88",62,2,True,True
693,"t=22.95,h=36.78,p=1011.88",61,31,True,True
694,"t=22.95,h=36.78,p=1011.88",63,6,True,True
695,"t=22.95,h=36.78,p=1011.88",61,5,True,True
696,"t=22.95,h=36.78,p=1011.88",62,5,True,True
697,"t=22.95,h=36.78,p=1011.88",61,5,True,True
698,"t=22.95,h=36.78,p=1011.88",62,44,True,True
699,"t=22.95,h=36.78,p=1011.88",63,9,True,True
700,"t=22.95,h=36.78,p=1011.88",63,7,True,True
701,"t=22.97,h=36.75,p=1011.89",62,6,True,True
702,"t=22.97,h=36.75,p=1011.89",62,3,True,True
703,"t=22.97,h=36.75,p=1011.89",61,16,True,True
704,"t=22.97,h=36.75,p=1011.89",63,2,True,True
705,"t=22.97,h=36.75,p=1011.89",61,2,True,True
706,"t=22.97,h=36.75,p=1011.89",62,2,True,True
707,"t=22.97,h=36.75,p=1011.89",61,2,True,True
708,"t=22.97,h=36.75,p=1011.89",62,2,True,True
709,"t=22.97,h=36.75,p=1011.89",61,46,True,True
710,"t=22.97,h=36.75,p=1011.92",64,9,True,True
711,"t=22.97,h=36.75,p=1011.92",61,5,True,True
712,"t=22.97,h=36.75,p=1011.92",62,5,True,True
713,"t=22.97,h=36.75,p=1011.92",61,5,True,True
714,"t=22.97,h=36.75,p=1011.92",62,5,True,True
715,"t=22.97,h=36.75,p=1011.92",62,4,True,True
716,"t=22.97,h=36.75,p=1011.92",62,4,True,True
717,"t=22.97,h=36.75,p=1011.92",61,4,True,True
718,"t=22.97,h=36.75,p=1011.92",63,5,True,True
719,"t=22.97,h=36.75,p=1011.92",61,5,True,True
720,"t=22.99,h=36.75,p=1011.96",62,5,True,True
721,"t=22.99,h=36.75,p=1011.96",61,34,True,True
722,"t=22.99,h=36.75,p=1011.96",70,5,True,True
723,"t=22.99,h=36.75,p=1011.96",62,5,True,True
724,"t=22.99,h=36.75,p=1011.96",61,6,True,True
725,"t=22.99,h=36.75,p=1011.96",62,4,True,True
726,"t=22.99,h=36.75,p=1011.96",61,4,True,True
727,"t=22.99,h=36.75,p=1011.96",62,4,True,True
728,"t=22.99,h=36.75,p=1011.96",61,5,True,True
729,"t=22.99,h=36.75,p=1011.96",63,5,True,True
730,"t=22.98,h=36.74,p=1011.93",61,4,True,True
731,"t=22.98,h=36.74,p=1011.93",63,4,True,True
732,"t=22.98,h=36.74,p=1011.93",61,2,True,True
733,"t=22.98,h=36.74,p=1011.93",62,41,True,True
734,"t=22.98,h=36.74,p=1011.93",71,11,True,True
735,"t=22.98,h=36.74,p=1011.93",62,7,True,True
736,"t=22.98,h=36.74,p=1011.93",61,25,True,True
737,"t=22.98,h=36.74,p=1011.93",62,6,True,True
738,"t=22.98,h=36.74,p=1011.93",61,2,True,True
739,"t=22.98,h=36.74,p=1011.93",62,44,True,True
740,"t=22.99,h=36.76,p=1011.97",63,8,True,True
741,"t=22.99,h=36.76,p=1011.97",62,8,True,True
742,"t=22.99,h=36.76,p=1011.97",62,8,True,True
743,"t=22.99,h=36.76,p=1011.97",62,8,True,True
744,"t=22.99,h=36.76,p=1011.97",78,44,True,True
745,"t=22.99,h=36.76,p=1011.97",64,7,True,True
746,"t=22.99,h=36.76,p=1011.97",61,7,True,True
747,"t=22.99,h=36.76,p=1011.97",62,6,True,True
748,"t=22.99,h=36.76,p=1011.97",61,6,True,True
749,"t=22.99,h=36.70,p=1011.92",62,31,True,True
750,"t=22.99,h=36.70,p=1011.92",62,7,True,True
751,"t=22.99,h=36.70,p=1011.92",62,5,True,True
752,"t=22.99,h=36.70,p=1011.92",62,2,True,True
753,"t=22.99,h=36.70,p=1011.92",62,2,True,True
754,"t=22.99,h=36.70,p=1011.92",61,2,True,True
755,"t=22.99,h=36.70,p=1011.92",62,2,True,True
756,"t=22.99,h=36.70,p=1011.92",61,2,True,True
757,"t=22.99,h=36.70,p=1011.92",62,2,True,True
758,"t=22.99,h=36.70,p=1011.92",61,2,True,True
759,"t=22.99,h=36.74,p=1011.92",62,2,True,True
760,"t=22.99,h=36.74,p=1011.92",61,2,True,True
761,"t=22.99,h=36.74,p=1011.92",62,35,True,True
762,"t=22.99,h=36.74,p=1011.92",70,7,True,True
763,"t=22.99,h=36.74,p=1011.92",62,7,True,True
764,"t=22.99,h=36.74,p=1011.92",61,9,True,True
765,"t=22.99,h=36.74,p=1011.92",62,4,True,True
766,"t=22.99,h=36.74,p=1011.92",62,2,True,True
767,"t=22.99,h=36.74,p=1011.92",62,2,True,True
768,"t=22.99,h=36.74,p=1011.92",61,2,True,True
769,"t=22.98,h=36.71,p=1011.86",62,2,True,True
770,"t=22.98,h=36.71,p=1011.86",61,2,True,True
771,"t=22.98,h=36.71,p=1011.86",62,2,True,True
772,"t=22.98,h=36.71,p=1011.86",61,2,True,True
773,"t=22.98,h=36.71,p=1011.86",62,41,True,True
774,"t=22.98,h=36.71,p=1011.86",70,11,True,True
775,"t=22.98,h=36.71,p=1011.86",62,4,True,True
776,"t=22.98,h=36.71,p=1011.86",61,2,True,True
777,"t=22.98,h=36.71,p=1011.86",63,2,True,True
778,"t=22.99,h=36.74,p=1011.90",61,2,True,True
779,"t=22.99,h=36.74,p=1011.90",62,2,True,True
780,"t=22.99,h=36.74,p=1011.90",61,16,True,True
781,"t=22.99,h=36.74,p=1011.90",64,2,True,True
782,"t=22.99,h=36.74,p=1011.90",61,2,True,True
783,"t=22.99,h=36.74,p=1011.90",62,2,True,True
784,"t=22.99,h=36.74,p=1011.90",61,2,True,True
785,"t=22.99,h=36.74,p=1011.90",62,2,True,True
786,"t=22.99,h=36.74,p=1011.90",61,2,True,True
787,"t=22.99,h=36.74,p=1011.90",63,2,True,True
788,"t=22.99,h=36.70,p=1011.91",61,3,True,True
789,"t=22.99,h=36.70,p=1011.91",63,3,True,True
790,"t=22.99,h=36.70,p=1011.91",62,3,True,True
791,"t=22.99,h=36.70,p=1011.91",62,3,True,True
792,"t=22.99,h=36.70,p=1011.91",61,40,True,True
793,"t=22.99,h=36.70,p=1011.91",69,7,True,True
794,"t=22.99,h=36.70,p=1011.91",62,9,True,True
795,"t=22.99,h=36.70,p=1011.91",61,6,True,True
796,"t=22.99,h=36.70,p=1011.91",62,7,True,True
797,"t=22.99,h=36.70,p=1011.91",62,6,True,True
798,"t=22.99,h=36.67,p=1011.94",62,52,True,True
799,"t=22.99,h=36.67,p=1011.94",62,7,True,True
800,"t=22.99,h=36.67,p=1011.94",62,2,True,True
801,"t=22.99,h=36.67,p=1011.94",63,12,True,True
802,"t=22.99,h=36.67,p=1011.94",62,5,True,True
803,"t=22.99,h=36.67,p=1011.94",82,4,True,True
804,"t=22.99,h=36.67,p=1011.94",63,6,True,True
805,"t=22.99,h=36.67,p=1011.94",61,37,True,True
806,"t=22.99,h=36.67,p=1011.94",64,7,True,True
807,"t=22.99,h=36.67,p=1011.94",61,6,True,True
808,"t=22.98,h=36.64,p=1011.90",62,6,True,True
809,"t=22.98,h=36.64,p=1011.90",61,7,True,True
810,"t=22.98,h=36.64,p=1011.90",63,44,True,True
811,"t=22.98,h=36.64,p=1011.90",63,7,True,True
812,"t=22.98,h=36.64,p=1011.90",62,3,True,True
813,"t=22.98,h=36.64,p=1011.90",61,3,True,True
814,"t=22.98,h=36.64,p=1011.90",63,3,True,True
815,"t=22.98,h=36.64,p=1011.90",61,2,True,True
816,"t=22.98,h=36.64,p=1011.90",62,2,True,True
817,"t=22.99,h=36.65,p=1011.91",61,2,True,True
818,"t=22.99,h=36.65,p=1011.91",62,2,True,True
819,"t=22.99,h=36.65,p=1011.91",61,2,True,True
820,"t=22.99,h=36.65,p=1011.91",62,2,True,True
821,"t=22.99,h=36.65,p=1011.91",61,2,True,True
822,"t=22.99,h=36.65,p=1011.91",63,49,True,True
823,"t=22.99,h=36.65,p=1011.91",70,9,True,True
824,"t=22.99,h=36.65,p=1011.91",63,23,True,True
825,"t=22.99,h=36.65,p=1011.91",62,7,True,True
826,"t=22.99,h=36.65,p=1011.91",62,7,True,True
827,"t=22.99,h=36.62,p=1011.93",62,7,True,True
828,"t=22.99,h=36.62,p=1011.93",62,40,True,True
829,"t=22.99,h=36.62,p=1011.93",62,8,True,True
830,"t=22.99,h=36.62,p=1011.93",63,42,True,True
831,"t=22.99,h=36.62,p=1011.93",61,6,True,True
832,"t=22.99,h=36.62,p=1011.93",62,8,True,True
833,"t=22.99,h=36.62,p=1011.93",61,2,True,True
834,"t=22.99,h=36.62,p=1011.93",62,2,True,True
835,"t=22.99,h=36.62,p=1011.93",61,2,True,True
836,"t=22.99,h=36.62,p=1011.93",62,40,True,True
837,"t=22.99,h=36.63,p=1011.93",63,11,True,True
838,"t=22.99,h=36.63,p=1011.93",62,2,True,True
839,"t=22.99,h=36.63,p=1011.93",61,2,True,True
840,"t=22.99,h=36.63,p=1011.93",62,2,True,True
841,"t=22.99,h=36.63,p=1011.93",61,2,True,True
842,"t=22.99,h=36.63,p=1011.93",63,2,True,True
843,"t=22.99,h=36.63,p=1011.93",61,2,True,True
844,"t=22.99,h=36.63,p=1011.93",85,2,True,True
845,"t=22.99,h=36.63,p=1011.93",61,2,True,True
846,"t=23.00,h=36.61,p=1011.92",71,40,True,True
847,"t=23.00,h=36.61,p=1011.92",62,11,True,True
848,"t=23.00,h=36.61,p=1011.92",63,6,True,True
849,"t=23.00,h=36.61,p=1011.92",61,7,True,True
850,"t=23.00,h=36.61,p=1011.92",62,6,True,True
851,"t=23.00,h=36.61,p=1011.92",61,12,True,True
852,"t=23.00,h=36.61,p=1011.92",63,5,True,True
853,"t=23.00,h=36.61,p=1011.92",61,5,True,True
854,"t=23.00,h=36.61,p=1011.92",63,4,True,True
855,"t=23.00,h=36.61,p=1011.92",61,5,True,True
856,"t=22.98,h=36.62,p=1011.91",62,4,True,True
857,"t=22.98,h=36.62,p=1011.91",61,31,True,True
858,"t=22.98,h=36.62,p=1011.91",63,2,True,True
859,"t=22.98,h=36.62,p=1011.91",61,2,True,True
860,"t=22.98,h=36.62,p=1011.91",62,2,True,True
861,"t=22.98,h=36.62,p=1011.91",61,2,True,True
862,"t=22.98,h=36.62,p=1011.91",62,8,True,True
863,"t=22.98,h=36.62,p=1011.91",61,2,True,True
864,"t=22.98,h=36.62,p=1011.91",63,2,True,True
865,"t=22.98,h=36.62,p=1011.91",61,2,True,True
866,"t=22.96,h=36.63,p=1011.87",62,2,True,True
867,"t=22.96,h=36.63,p=1011.87",61,2,True,True
868,"t=22.96,h=36.63,p=1011.87",62,39,True,True
869,"t=22.96,h=36.63,p=1011.87",62,5,True,True
870,"t=22.96,h=36.63,p=1011.87",62,4,True,True
871,"t=22.96,h=36.63,p=1011.87",61,5,True,True
872,"t=22.96,h=36.63,p=1011.87",62,6,True,True
873,"t=22.96,h=36.63,p=1011.87",61,4,True,True
874,"t=22.96,h=36.63,p=1011.87",63,20,True,True
875,"t=22.96,h=36.63,p=1011.93",61,5,True,True
876,"t=22.99,h=36.58,p=1011.93",63,4,True,True
877,"t=22.99,h=36.58,p=1011.93",61,17,True,True
878,"t=22.99,h=36.58,p=1011.93",63,2,True,True
879,"t=22.99,h=36.58,p=1011.93",61,2,True,True
880,"t=22.99,h=36.58,p=1011.93",62,2,True,True
881,"t=22.99,h=36.58,p=1011.93",61,2,True,True
882,"t=22.99,h=36.58,p=1011.93",62,2,True,True
883,"t=22.99,h=36.58,p=1011.93",61,2,True,True
884,"t=22.99,h=36.58,p=1011.93",62,2,True,True
885,"t=22.99,h=36.51,p=1011.92",85,2,True,True
886,"t=22.99,h=36.51,p=1011.92",62,2,True,True
887,"t=22.99,h=36.51,p=1011.92",61,2,True,True
888,"t=22.99,h=36.51,p=1011.92",62,27,True,True
889,"t=22.99,h=36.51,p=1011.92",62,3,True,True
890,"t=22.99,h=36.51,p=1011.92",62,2,True,True
891,"t=22.99,h=36.51,p=1011.92",61,2,True,True
892,"t=22.99,h=36.51,p=1011.92",62,2,True,True
893,"t=22.99,h=36.51,p=1011.92",62,41,True,True
894,"t=22.99,h=36.51,p=1011.92",63,7,True,True
895,"t=22.98,h=36.56,p=1011.88",61,7,True,True
896,"t=22.98,h=36.56,p=1011.88",63,7,True,True
897,"t=22.98,h=36.56,p=1011.88",61,8,True,True
898,"t=22.98,h=36.56,p=1011.88",63,34,True,True
899,"t=22.98,h=36.56,p=1011.88",62,6,True,True
900,"t=22.98,h=36.56,p=1011.88",62,5,True,True
901,"t=22.98,h=36.56,p=1011.88",62,30,True,True
902,"t=22.98,h=36.56,p=1011.88",63,5,True,True
903,"t=22.98,h=36.56,p=1011.88",61,2,True,True
904,"t=22.98,h=36.56,p=1011.88",63,2,True,True
905,"t=22.99,h=36.57,p=1011.92",61,2,True,True
906,"t=22.99,h=36.57,p=1011.92",62,2,True,True
907,"t=22.99,h=36.57,p=1011.92",62,2,True,True
908,"t=22.99,h=36.57,p=1011.92",62,29,True,True
909,"t=22.99,h=36.57,p=1011.92",62,7,True,True
910,"t=22.99,h=36.57,p=1011.92",62,2,True,True
911,"t=22.99,h=36.57,p=1011.92",61,2,True,True
912,"t=22.99,h=36.57,p=1011.92",62,2,True,True
913,"t=22.99,h=36.57,p=1011.92",61,2,True,True
914,"t=22.99,h=36.51,p=1011.93",62,2,True,True
915,"t=22.99,h=36.51,p=1011.93",61,2,True,True
916,"t=22.99,h=36.51,p=1011.93",62,2,True,True
917,"t=22.99,h=36.51,p=1011.93",61,2,True,True
918,"t=22.99,h=36.51,p=1011.93",62,38,True,True
919,"t=22.99,h=36.51,p=1011.93",62,3,True,True
920,"t=22.99,h=36.51,p=1011.93",62,2,True,True
921,"t=22.99,h=36.51,p=1011.93",61,2,True,True
922,"t=22.99,h=36.51,p=1011.93",62,3,True,True
923,"t=22.99,h=36.51,p=1011.93",61,2,True,True
924,"t=23.00,h=36.53,p=1011.92",62,2,True,True
925,"t=23.00,h=36.53,p=1011.92",61,15,True,True
926,"t=23.00,h=36.53,p=1011.92",81,2,True,True
927,"t=23.00,h=36.53,p=1011.92",61,2,True,True
928,"t=23.00,h=36.53,p=1011.92",62,31,True,True
929,"t=23.00,h=36.53,p=1011.92",62,3,True,True
930,"t=23.00,h=36.53,p=1011.92",62,2,True,True
931,"t=23.00,h=36.53,p=1011.92",61,2,True,True
932,"t=23.00,h=36.53,p=1011.92",62,2,True,True
933,"t=23.00,h=36.53,p=1011.92",61,2,True,True
934,"t=23.00,h=36.55,p=1011.92",63,2,True,True
935,"t=23.00,h=36.55,p=1011.92",61,2,True,True
936,"t=23.00,h=36.55,p=1011.92",63,2,True,True
937,"t=23.00,h=36.55,p=1011.92",61,2,True,True
938,"t=23.00,h=36.55,p=1011.92",62,2,True,True
939,"t=23.00,h=36.55,p=1011.92",61,33,True,True
940,"t=23.00,h=36.55,p=1011.92",63,7,True,True
941,"t=23.00,h=36.55,p=1011.92",61,5,True,True
942,"t=23.00,h=36.55,p=1011.92",62,5,True,True
943,"t=23.00,h=36.50,p=1011.94",61,6,True,True
944,"t=23.00,h=36.50,p=1011.94",62,4,True,True
945,"t=23.00,h=36.50,p=1011.94",61,5,True,True
946,"t=23.00,h=36.50,p=1011.94",62,4,True,True
947,"t=23.00,h=36.50,p=1011.94",61,4,True,True
948,"t=23.00,h=36.50,p=1011.94",62,2,True,True
949,"t=23.00,h=36.50,p=1011.94",61,17,True,True
950,"t=23.00,h=36.50,p=1011.94",63,2,True,True
951,"t=23.00,h=36.50,p=1011.94",61,5,True,True
952,"t=23.00,h=36.50,p=1011.94",62,2,True,True
953,"t=23.00,h=36.51,p=1011.94",61,2,True,True
954,"t=23.00,h=36.51,p=1011.94",63,2,True,True
955,"t=23.00,h=36.51,p=1011.94",61,2,True,True
956,"t=23.00,h=36.51,p=1011.94",62,2,True,True
957,"t=23.00,h=36.51,p=1011.94",61,2,True,True
958,"t=23.00,h=36.51,p=1011.94",63,2,True,True
959,"t=23.00,h=36.51,p=1011.94",85,16,True,True
960,"t=23.00,h=36.51,p=1011.94",63,2,True,True
961,"t=23.00,h=36.51,p=1011.94",61,2,True,True
962,"t=23.00,h=36.51,p=1011.94",63,2,True,True
963,"t=23.00,h=36.50,p=1011.91",61,2,True,True
964,"t=23.00,h=36.50,p=1011.91",63,17,True,True
965,"t=23.00,h=36.50,p=1011.91",62,2,True,True
966,"t=23.00,h=36.50,p=1011.91",62,2,True,True
967,"t=23.00,h=36.50,p=1011.91",61,2,True,True
968,"t=23.00,h=36.50,p=1011.91",63,2,True,True
969,"t=23.00,h=36.50,p=1011.91",61,2,True,True
970,"t=23.00,h=36.50,p=1011.91",63,22,True,True
971,"t=23.00,h=36.50,p=1011.91",63,2,True,True
972,"t=23.00,h=36.50,p=1011.91",62,2,True,True
973,"t=22.99,h=36.49,p=1011.91",61,2,True,True
974,"t=22.99,h=36.49,p=1011.91",62,2,True,True
975,"t=22.99,h=36.49,p=1011.91",61,2,True,True
976,"t=22.99,h=36.49,p=1011.91",62,7,True,True
977,"t=22.99,h=36.49,p=1011.91",61,2,True,True
978,"t=22.99,h=36.49,p=1011.91",62,2,True,True
979,"t=22.99,h=36.49,p=1011.91",61,2,True,True
980,"t=22.99,h=36.49,p=1011.91",79,18,True,True
981,"t=22.99,h=36.49,p=1011.91",62,2,True,True
982,"t=23.00,h=36.49,p=1011.90",62,2,True,True
983,"t=23.00,h=36.49,p=1011.90",61,2,True,True
984,"t=23.00,h=36.49,p=1011.90",62,2,True,True
985,"t=23.00,h=36.49,p=1011.90",61,2,True,True
986,"t=23.00,h=36.49,p=1011.90",62,15,True,True
987,"t=23.00,h=36.49,p=1011.90",62,2,True,True
988,"t=23.00,h=36.49,p=1011.90",63,2,True,True
989,"t=23.00,h=36.49,p=1011.90",61,2,True,True
990,"t=23.00,h=36.49,p=1011.90",72,28,True,True
991,"t=23.00,h=36.49,p=1011.90",62,2,True,True
992,"t=23.00,h=36.46,p=1011.90",63,2,True,True
993,"t=23.00,h=36.46,p=1011.90",61,3,True,True
994,"t=23.00,h=36.46,p=1011.90",62,2,True,True
995,"t=23.00,h=36.46,p=1011.90",61,2,True,True
996,"t=23.00,h=36.46,p=1011.90",62,2,True,True
997,"t=23.00,h=36.46,p=1011.90",83,2,True,True
998,"t=23.00,h=36.46,p=1011.90",62,2,True,True
999,"t=23.00,h=36.46,p=1011.90",61,2,True,True
1000,"t=23.00,h=36.46,p=1011.90",62,2,True,True
1001,"t=23.00,h=36.46,p=1011.90",62,16,True,True
1002,"t=23.00,h=36.47,p=1011.93",63,2,True,True
1003,"t=23.00,h=36.47,p=1011.93",61,3,True,True
1004,"t=23.00,h=36.47,p=1011.93",63,2,True,True
1005,"t=23.00,h=36.47,p=1011.93",61,2,True,True
1006,"t=23.00,h=36.47,p=1011.93",62,2,True,True
1007,"t=23.00,h=36.47,p=1011.93",61,2,True,True
1008,"t=23.00,h=36.47,p=1011.93",62,2,True,True
1009,"t=23.00,h=36.47,p=1011.93",61,2,True,True
1010,"t=23.00,h=36.47,p=1011.93",63,2,True,True
1011,"t=23.00,h=36.46,p=1011.93",61,20,True,True
1012,"t=23.00,h=36.46,p=1011.93",63,2,True,True
1013,"t=23.00,h=36.46,p=1011.93",61,2,True,True
1014,"t=23.00,h=36.46,p=1011.93",63,2,True,True
1015,"t=23.00,h=36.46,p=1011.93",61,2,True,True
1016,"t=23.00,h=36.46,p=1011.93",62,16,True,True
1017,"t=23.00,h=36.46,p=1011.93",62,2,True,True
1018,"t=23.00,h=36.46,p=1011.93",62,2,True,True
1019,"t=23.00,h=36.46,p=1011.93",61,2,True,True
1020,"t=23.00,h=36.46,p=1011.93",62,2,True,True
1021,"t=23.00,h=36.43,p=1011.93",61,2,True,True
1022,"t=23.00,h=36.43,p=1011.93",63,28,True,True
1023,"t=23.00,h=36.43,p=1011.93",62,9,True,True
1024,"t=23.00,h=36.43,p=1011.93",62,6,True,True
1025,"t=23.00,h=36.43,p=1011.93",61,4,True,True
1026,"t=23.00,h=36.43,p=1011.93",63,2,True,True
1027,"t=23.00,h=36.43,p=1011.93",62,35,True,True
1028,"t=23.00,h=36.43,p=1011.93",63,4,True,True
1029,"t=23.00,h=36.43,p=1011.93",61,2,True,True
1030,"t=23.00,h=36.43,p=1011.93",63,11,True,True
1031,"t=23.00,h=36.46,p=1011.94",61,2,True,True
1032,"t=23.00,h=36.46,p=1011.94",62,2,True,True
1033,"t=23.00,h=36.46,p=1011.94",61,2,True,True
1034,"t=23.00,h=36.46,p=1011.94",62,2,True,True
1035,"t=23.00,h=36.46,p=1011.94",61,2,True,True
1036,"t=23.00,h=36.46,p=1011.94",62,2,True,True
1037,"t=23.00,h=36.46,p=1011.94",61,2,True,True
1038,"t=23.00,h=36.46,p=1011.94",63,2,True,True
1039,"t=23.00,h=36.46,p=1011.94",61,30,True,True
1040,"t=23.00,h=36.46,p=1011.92",70,10,True,True
1041,"t=23.00,h=36.47,p=1011.93",62,7,True,True
1042,"t=23.00,h=36.47,p=1011.93",61,8,True,True
1043,"t=23.00,h=36.47,p=1011.93",62,7,True,True
1044,"t=23.00,h=36.47,p=1011.93",61,7,True,True
1045,"t=23.00,h=36.47,p=1011.93",63,8,True,True
1046,"t=23.00,h=36.47,p=1011.93",61,2,True,True
1047,"t=23.00,h=36.47,p=1011.93",62,2,True,True
1048,"t=23.00,h=36.47,p=1011.93",62,2,True,True
1049,"t=23.00,h=36.47,p=1011.93",62,2,True,True
1050,"t=23.00,h=36.47,p=1011.93",62,2,True,True
1051,"t=23.00,h=36.47,p=1011.93",86,17,True,True
1052,"t=23.00,h=36.47,p=1011.93",63,3,True,True
1053,"t=23.00,h=36.47,p=1011.93",62,2,True,True
1054,"t=23.00,h=36.47,p=1011.93",61,2,True,True
1055,"t=23.00,h=36.47,p=1011.93",62,2,True,True
1056,"t=23.00,h=36.47,p=1011.93",61,2,True,True
1057,"t=23.00,h=36.47,p=1011.93",62,2,True,True
1058,"t=23.00,h=36.47,p=1011.93",61,2,True,True
1059,"t=23.00,h=36.47,p=1011.93",62,2,True,True
1060,"t=22.98,h=36.44,p=1011.89",61,2,True,True
1061,"t=22.98,h=36.44,p=1011.89",74,28,True,True
1062,"t=22.98,h=36.44,p=1011.89",62,10,True,True
1063,"t=22.98,h=36.44,p=1011.89",62,7,True,True
1064,"t=22.98,h=36.44,p=1011.89",61,6,True,True
1065,"t=22.98,h=36.44,p=1011.89",62,7,True,True
1066,"t=22.98,h=36.44,p=1011.89",62,6,True,True
1067,"t=22.98,h=36.44,p=1011.89",62,7,True,True
1068,"t=22.98,h=36.44,p=1011.89",61,6,True,True
1069,"t=22.98,h=36.44,p=1011.89",62,6,True,True
1070,"t=22.98,h=36.46,p=1011.92",61,6,True,True
1071,"t=22.98,h=36.46,p=1011.92",63,6,True,True
1072,"t=22.98,h=36.46,p=1011.92",61,22,True,True
1073,"t=22.98,h=36.46,p=1011.92",64,5,True,True
1074,"t=22.98,h=36.46,p=1011.92",61,5,True,True
1075,"t=22.98,h=36.46,p=1011.92",62,4,True,True
1076,"t=22.98,h=36.46,p=1011.92",61,4,True,True
1077,"t=22.98,h=36.46,p=1011.92",62,5,True,True
1078,"t=22.98,h=36.46,p=1011.92",61,5,True,True
1079,"t=22.99,h=36.43,p=1011.90",62,4,True,True
1080,"t=22.99,h=36.43,p=1011.90",61,4,True,True
1081,"t=22.99,h=36.43,p=1011.90",63,2,True,True
1082,"t=22.99,h=36.43,p=1011.90",71,18,True,True
1083,"t=22.99,h=36.43,p=1011.90",63,2,True,True
1084,"t=22.99,h=36.43,p=1011.90",61,2,True,True
1085,"t=22.99,h=36.43,p=1011.90",63,2,True,True
1086,"t=22.99,h=36.43,p=1011.90",61,3,True,True
1087,"t=22.99,h=36.43,p=1011.90",62,2,True,True
1088,"t=22.99,h=36.43,p=1011.90",61,2,True,True
1089,"t=22.99,h=36.42,p=1011.91",62,2,True,True
1090,"t=22.99,h=36.42,p=1011.91",61,2,True,True
1091,"t=22.99,h=36.42,p=1011.91",62,2,True,True
1092,"t=22.99,h=36.42,p=1011.91",62,16,True,True
1093,"t=22.99,h=36.42,p=1011.91",63,2,True,True
1094,"t=22.99,h=36.42,p=1011.91",61,2,True,True
1095,"t=22.99,h=36.42,p=1011.91",62,2,True,True
1096,"t=22.99,h=36.42,p=1011.91",61,2,True,True
1097,"t=22.99,h=36.42,p=1011.91",62,2,True,True
1098,"t=22.99,h=36.42,p=1011.91",61,2,True,True
1099,"t=22.99,h=36.43,p=1011.94",62,3,True,True
1100,"t=22.99,h=36.43,p=1011.94",68,3,True,True
1101,"t=22.99,h=36.43,p=1011.94",63,6,True,True
1102,"t=22.99,h=36.43,p=1011.94",61,3,True,True
1103,"t=22.99,h=36.43,p=1011.94",62,16,True,True
1104,"t=22.99,h=36.43,p=1011.94",62,2,True,True
1105,"t=22.99,h=36.43,p=1011.94",62,2,True,True
1106,"t=22.99,h=36.43,p=1011.94",61,2,True,True
1107,"t=22.99,h=36.43,p=1011.94",62,2,True,True
1108,"t=23.00,h=36.46,p=1011.92",61,2,True,True
1109,"t=23.00,h=36.46,p=1011.92",62,2,True,True
1110,"t=23.00,h=36.46,p=1011.92",61,2,True,True
1111,"t=23.00,h=36.46,p=1011.92",62,2,True,True
1112,"t=23.00,h=36.46,p=1011.92",62,2,True,True
1113,"t=23.00,h=36.46,p=1011.92",87,17,True,True
1114,"t=23.00,h=36.46,p=1011.92",62,2,True,True
1115,"t=23.00,h=36.46,p=1011.92",62,2,True,True
1116,"t=23.00,h=36.46,p=1011.92",61,2,True,True
1117,"t=23.00,h=36.46,p=1011.92",62,2,True,True
1118,"t=23.00,h=36.45,p=1011.94",61,10,True,True
1119,"t=23.00,h=36.45,p=1011.94",63,2,True,True
1120,"t=23.00,h=36.45,p=1011.94",61,2,True,True
1121,"t=23.00,h=36.45,p=1011.94",62,2,True,True
1122,"t=23.00,h=36.45,p=1011.94",62,2,True,True
1123,"t=23.00,h=36.45,p=1011.94",62,15,True,True
1124,"t=23.00,h=36.45,p=1011.94",62,2,True,True
1125,"t=23.00,h=36.45,p=1011.94",63,2,True,True
1126,"t=23.00,h=36.45,p=1011.94",61,2,True,True
1127,"t=23.00,h=36.45,p=1011.94",62,2,True,True
1128,"t=23.00,h=36.41,p=1011.93",68,2,True,True
1129,"t=23.00,h=36.41,p=1011.93",62,2,True,True
1130,"t=23.00,h=36.41,p=1011.93",61,2,True,True
1131,"t=23.00,h=36.41,p=1011.93",63,2,True,True
1132,"t=23.00,h=36.41,p=1011.93",61,2,True,True
1133,"t=23.00,h=36.41,p=1011.93",63,19,True,True
1134,"t=23.00,h=36.41,p=1011.93",63,3,True,True
1135,"t=23.00,h=36.41,p=1011.93",62,2,True,True
1136,"t=23.00,h=36.41,p=1011.93",61,2,True,True
1137,"t=23.00,h=36.41,p=1011.93",62,2,True,True
1138,"t=23.00,h=36.43,p=1011.91",61,2,True,True
1139,"t=23.00,h=36.43,p=1011.91",62,2,True,True
1140,"t=23.00,h=36.43,p=1011.91",61,2,True,True
1141,"t=23.00,h=36.43,p=1011.91",87,2,True,True
1142,"t=23.00,h=36.43,p=1011.91",61,2,True,True
1143,"t=23.00,h=36.43,p=1011.91",76,33,True,True
1144,"t=23.00,h=36.43,p=1011.91",62,2,True,True
1145,"t=23.00,h=36.43,p=1011.91",62,2,True,True
1146,"t=23.00,h=36.43,p=1011.91",61,2,True,True
1147,"t=23.00,h=36.42,p=1011.93",62,2,True,True
1148,"t=23.00,h=36.42,p=1011.93",61,2,True,True
1149,"t=23.00,h=36.42,p=1011.93",63,2,True,True
1150,"t=23.00,h=36.42,p=1011.93",61,2,True,True
1151,"t=23.00,h=36.42,p=1011.93",62,13,True,True
1152,"t=23.00,h=36.42,p=1011.93",61,5,True,True
1153,"t=23.00,h=36.42,p=1011.93",63,5,True,True
1154,"t=23.00,h=36.42,p=1011.93",61,15,True,True
1155,"t=23.00,h=36.42,p=1011.93",64,2,True,True
1156,"t=23.00,h=36.42,p=1011.93",61,2,True,True
1157,"t=23.00,h=36.42,p=1011.95",62,2,True,True
1158,"t=23.00,h=36.42,p=1011.95",61,2,True,True
1159,"t=23.00,h=36.42,p=1011.95",62,2,True,True
1160,"t=23.00,h=36.42,p=1011.95",61,2,True,True
1161,"t=23.00,h=36.42,p=1011.95",63,2,True,True
1162,"t=23.00,h=36.42,p=1011.95",61,2,True,True
1163,"t=23.00,h=36.42,p=1011.95",62,2,True,True
1164,"t=23.00,h=36.42,p=1011.95",61,15,True,True
1165,"t=23.00,h=36.42,p=1011.95",64,2,True,True
1166,"t=23.00,h=36.42,p=1011.95",61,2,True,True
1167,"t=23.00,h=36.40,p=1011.92",62,2,True,True
1168,"t=23.00,h=36.40,p=1011.92",61,2,True,True
1169,"t=23.00,h=36.40,p=1011.92",62,2,True,True
1170,"t=23.00,h=36.40,p=1011.92",61,2,True,True
1171,"t=23.00,h=36.40,p=1011.92",63,2,True,True
1172,"t=23.00,h=36.40,p=1011.92",61,2,True,True
1173,"t=23.00,h=36.40,p=1011.92",62,2,True,True
1174,"t=23.00,h=36.40,p=1011.92",61,22,True,True
1175,"t=23.00,h=36.40,p=1011.92",63,5,True,True
1176,"t=23.00,h=36.42,p=1011.93",61,5,True,True
1177,"t=23.00,h=36.42,p=1011.93",62,5,True,True
1178,"t=23.00,h=36.42,p=1011.93",61,5,True,True
1179,"t=23.00,h=36.42,p=1011.93",63,27,True,True
1180,"t=23.00,h=36.42,p=1011.93",62,3,True,True
1181,"t=23.00,h=36.42,p=1011.93",62,2,True,True
1182,"t=23.00,h=36.42,p=1011.93",61,2,True,True
1183,"t=23.00,h=36.42,p=1011.93",62,2,True,True
1184,"t=23.00,h=36.42,p=1011.93",68,17,True,True
1185,"t=23.00,h=36.42,p=1011.93",64,3,True,True
1186,"t=23.00,h=36.42,p=1011.94",61,2,True,True
1187,"t=23.00,h=36.42,p=1011.94",62,2,True,True
1188,"t=23.00,h=36.42,p=1011.94",61,2,True,True
1189,"t=23.00,h=36.42,p=1011.94",62,2,True,True
1190,"t=23.00,h=36.42,p=1011.94",61,2,True,True
1191,"t=23.00,h=36.42,p=1011.94",62,2,True,True
1192,"t=23.00,h=36.42,p=1011.94",61,2,True,True
1193,"t=23.00,h=36.42,p=1011.94",62,2,True,True
1194,"t=23.00,h=36.42,p=1011.94",61,2,True,True
1195,"t=23.00,h=36.42,p=1011.94",62,28,True,True
1196,"t=23.00,h=36.40,p=1011.90",62,7,True,True
1197,"t=23.00,h=36.40,p=1011.90",62,7,True,True
1198,"t=23.00,h=36.40,p=1011.90",61,7,True,True
1199,"t=23.00,h=36.40,p=1011.90",63,6,True,True
1200,"t=23.00,h=36.40,p=1011.90",61,29,True,True
1201,"t=23.00,h=36.40,p=1011.90",65,5,True,True
1202,"t=23.00,h=36.40,p=1011.90",61,2,True,True
1203,"t=23.00,h=36.40,p=1011.90",63,2,True,True
1204,"t=23.00,h=36.40,p=1011.90",61,2,True,True
1205,"t=23.00,h=36.40,p=1011.93",62,16,True,True
1206,"t=23.00,h=36.35,p=1011.93",62,2,True,True
1207,"t=23.00,h=36.35,p=1011.93",63,2,True,True
1208,"t=23.00,h=36.35,p=1011.93",61,2,True,True
1209,"t=23.00,h=36.35,p=1011.93",62,2,True,True
1210,"t=23.00,h=36.35,p=1011.93",61,40,True,True
1211,"t=23.00,h=36.35,p=1011.93",64,7,True,True
1212,"t=23.00,h=36.35,p=1011.93",61,7,True,True
1213,"t=23.00,h=36.35,p=1011.93",63,8,True,True
1214,"t=23.00,h=36.35,p=1011.93",61,7,True,True
1215,"t=23.00,h=36.40,p=1011.91",62,2,True,True
1216,"t=23.00,h=36.40,p=1011.91",61,2,True,True
1217,"t=23.00,h=36.40,p=1011.91",62,2,True,True
1218,"t=23.00,h=36.40,p=1011.91",61,2,True,True
1219,"t=23.00,h=36.40,p=1011.91",62,2,True,True
1220,"t=23.00,h=36.40,p=1011.91",61,2,True,True
1221,"t=23.00,h=36.40,p=1011.91",62,2,True,True
1222,"t=23.00,h=36.40,p=1011.91",61,40,True,True
1223,"t=23.00,h=36.40,p=1011.91",71,8,True,True
1224,"t=23.00,h=36.40,p=1011.91",63,5,True,True
1225,"t=23.00,h=36.41,p=1011.92",61,4,True,True
1226,"t=23.00,h=36.41,p=1011.92",62,4,True,True
1227,"t=23.00,h=36.41,p=1011.92",61,4,True,True
1228,"t=23.00,h=36.41,p=1011.92",70,29,True,True
1229,"t=23.00,h=36.41,p=1011.92",62,7,True,True
1230,"t=23.00,h=36.41,p=1011.92",63,7,True,True
1231,"t=23.00,h=36.41,p=1011.92",61,6,True,True
1232,"t=23.00,h=36.41,p=1011.92",63,7,True,True
1233,"t=23.00,h=36.41,p=1011.92",61,7,True,True
1234,"t=23.00,h=36.41,p=1011.92",63,6,True,True
1235,"t=23.01,h=36.40,p=1011.92",61,6,True,True
1236,"t=23.01,h=36.40,p=1011.92",62,6,True,True
1237,"t=23.01,h=36.40,p=1011.92",61,6,True,True
1238,"t=23.01,h=36.40,p=1011.92",62,7,True,True
1239,"t=23.01,h=36.40,p=1011.92",61,9,True,True
1240,"t=23.01,h=36.40,p=1011.92",63,35,True,True
1241,"t=23.01,h=36.40,p=1011.92",69,8,True,True
1242,"t=23.01,h=36.40,p=1011.92",62,7,True,True
1243,"t=23.01,h=36.40,p=1011.92",61,7,True,True
1244,"t=23.01,h=36.39,p=1011.92",62,6,True,True
1245,"t=23.01,h=36.39,p=1011.92",61,8,True,True
1246,"t=23.01,h=36.39,p=1011.92",62,7,True,True
1247,"t=23.01,h=36.39,p=1011.92",61,7,True,True
1248,"t=23.01,h=36.39,p=1011.92",62,6,True,True
1249,"t=23.01,h=36.39,p=1011.92",61,6,True,True
1250,"t=23.01,h=36.39,p=1011.92",62,7,True,True
1251,"t=23.01,h=36.39,p=1011.92",61,15,True,True
1252,"t=23.01,h=36.39,p=1011.92",62,38,True,True
1253,"t=23.01,h=36.39,p=1011.92",88,7,True,True
1254,"t=23.00,h=36.35,p=1011.91",63,6,True,True
1255,"t=23.00,h=36.35,p=1011.91",61,8,True,True
1256,"t=23.00,h=36.35,p=1011.91",62,6,True,True
1257,"t=23.00,h=36.35,p=1011.91",62,6,True,True
1258,"t=23.00,h=36.35,p=1011.91",63,6,True,True
1259,"t=23.00,h=36.35,p=1011.91",61,6,True,True
1260,"t=23.00,h=36.35,p=1011.91",63,7,True,True
1261,"t=23.00,h=36.35,p=1011.91",62,6,True,True
1262,"t=23.00,h=36.35,p=1011.91",62,6,True,True
1263,"t=23.00,h=36.35,p=1011.91",61,6,True,True
1264,"t=23.01,h=36.38,p=1011.88",62,28,True,True
1265,"t=23.01,h=36.38,p=1011.88",69,5,True,True
1266,"t=23.01,h=36.38,p=1011.88",62,2,True,True
1267,"t=23.01,h=36.38,p=1011.88",61,2,True,True
1268,"t=23.01,h=36.38,p=1011.88",63,2,True,True
1269,"t=23.01,h=36.38,p=1011.88",61,2,True,True
1270,"t=23.01,h=36.38,p=1011.88",62,2,True,True
1271,"t=23.01,h=36.38,p=1011.88",72,2,True,True
1272,"t=23.01,h=36.38,p=1011.88",63,2,True,True
1273,"t=22.98,h=36.35,p=1011.86",61,2,True,True
1274,"t=22.98,h=36.35,p=1011.86",62,2,True,True
1275,"t=22.98,h=36.35,p=1011.86",61,2,True,True
1276,"t=22.98,h=36.35,p=1011.86",62,29,True,True
1277,"t=22.98,h=36.35,p=1011.86",63,3,True,True
1278,"t=22.98,h=36.35,p=1011.86",63,2,True,True
1279,"t=22.98,h=36.35,p=1011.86",61,2,True,True
1280,"t=22.98,h=36.35,p=1011.86",62,2,True,True
1281,"t=22.98,h=36.35,p=1011.86",61,2,True,True
1282,"t=22.98,h=36.35,p=1011.86",62,2,True,True
1283,"t=23.00,h=36.35,p=1011.95",61,2,True,True
1284,"t=23.00,h=36.35,p=1011.95",62,2,True,True
1285,"t=23.00,h=36.35,p=1011.95",62,2,True,True
1286,"t=23.00,h=36.35,p=1011.95",86,29,True,True
1287,"t=23.00,h=36.35,p=1011.95",62,8,True,True
1288,"t=23.00,h=36.35,p=1011.95",62,6,True,True
1289,"t=23.00,h=36.35,p=1011.95",61,7,True,True
1290,"t=23.00,h=36.35,p=1011.95",62,7,True,True
1291,"t=23.00,h=36.35,p=1011.95",61,7,True,True
1292,"t=23.00,h=36.35,p=1011.95",62,6,True,True
1293,"t=23.01,h=36.37,p=1011.93",61,6,True,True
1294,"t=23.01,h=36.37,p=1011.93",62,6,True,True
1295,"t=23.01,h=36.37,p=1011.93",61,7,True,True
1296,"t=23.01,h=36.37,p=1011.93",63,6,True,True
1297,"t=23.01,h=36.37,p=1011.93",61,16,True,True
1298,"t=23.01,h=36.37,p=1011.93",63,2,True,True
1299,"t=23.01,h=36.37,p=1011.93",61,2,True,True
1300,"t=23.01,h=36.37,p=1011.93",63,3,True,True
1301,"t=23.01,h=36.37,p=1011.93",63,7,True,True
1302,"t=23.01,h=36.33,p=1011.94",61,2,True,True
1303,"t=23.01,h=36.33,p=1011.94",60,2,True,True
1304,"t=23.01,h=36.33,p=1011.94",61,3,True,True
1305,"t=23.01,h=36.33,p=1011.94",60,2,True,True
1306,"t=23.01,h=36.33,p=1011.94",61,2,True,True
1307,"t=23.01,h=36.33,p=1011.94",60,40,True,True
1308,"t=23.01,h=36.33,p=1011.94",63,7,True,True
1309,"t=23.01,h=36.33,p=1011.94",60,7,True,True
1310,"t=23.01,h=36.33,p=1011.94",61,3,True,True
1311,"t=23.01,h=36.33,p=1011.94",60,2,True,True
1312,"t=23.01,h=36.38,p=1011.93",62,2,True,True
1313,"t=23.01,h=36.38,p=1011.93",61,2,True,True
1314,"t=23.01,h=36.38,p=1011.93",62,2,True,True
1315,"t=23.01,h=36.38,p=1011.93",61,2,True,True
1316,"t=23.01,h=36.38,p=1011.93",62,2,True,True
1317,"t=23.01,h=36.38,p=1011.93",61,2,True,True
1318,"t=23.01,h=36.38,p=1011.93",62,2,True,True
1319,"t=23.01,h=36.38,p=1011.93",61,40,True,True
1320,"t=23.01,h=36.38,p=1011.93",70,11,True,True
1321,"t=23.01,h=36.38,p=1011.93",62,7,True,True
1322,"t=23.01,h=36.37,p=1011.90",62,6,True,True
1323,"t=23.01,h=36.37,p=1011.90",62,7,True,True
1324,"t=23.01,h=36.37,p=1011.90",61,6,True,True
1325,"t=23.01,h=36.37,p=1011.90",79,7,True,True
1326,"t=23.01,h=36.37,p=1011.90",61,6,True,True
1327,"t=23.01,h=36.37,p=1011.90",62,6,True,True
1328,"t=23.01,h=36.37,p=1011.90",61,6,True,True
1329,"t=23.01,h=36.37,p=1011.90",62,2,True,True
1330,"t=23.01,h=36.37,p=1011.90",61,2,True,True
1331,"t=23.01,h=36.35,p=1011.93",62,41,True,True
1332,"t=23.01,h=36.35,p=1011.93",70,3,True,True
1333,"t=23.01,h=36.35,p=1011.93",63,2,True,True
1334,"t=23.01,h=36.35,p=1011.93",61,2,True,True
1335,"t=23.01,h=36.35,p=1011.93",62,3,True,True
1336,"t=23.01,h=36.35,p=1011.93",61,2,True,True
1337,"t=23.01,h=36.35,p=1011.93",62,2,True,True
1338,"t=23.01,h=36.35,p=1011.93",61,2,True,True
1339,"t=23.01,h=36.35,p=1011.93",63,2,True,True
1340,"t=23.01,h=36.35,p=1011.93",61,2,True,True
1341,"t=23.01,h=36.36,p=1011.91",63,2,True,True
1342,"t=23.01,h=36.36,p=1011.91",61,2,True,True
1343,"t=23.01,h=36.36,p=1011.91",62,35,True,True
1344,"t=23.01,h=36.36,p=1011.91",69,4,True,True
1345,"t=23.01,h=36.36,p=1011.91",63,2,True,True
1346,"t=23.01,h=36.36,p=1011.91",61,2,True,True
1347,"t=23.01,h=36.36,p=1011.91",63,2,True,True
1348,"t=23.01,h=36.36,p=1011.91",61,2,True,True
1349,"t=23.01,h=36.36,p=1011.91",71,2,True,True
1350,"t=23.01,h=36.36,p=1011.91",61,2,True,True
1351,"t=23.01,h=36.33,p=1011.91",61,5,True,True
1352,"t=23.01,h=36.33,p=1011.91",60,2,True,True
1353,"t=23.01,h=36.33,p=1011.91",61,2,True,True
1354,"t=23.01,h=36.33,p=1011.91",60,2,True,True
1355,"t=23.01,h=36.33,p=1011.91",61,2,True,True
1356,"t=23.01,h=36.33,p=1011.91",60,28,True,True
1357,"t=23.01,h=36.33,p=1011.91",69,3,True,True
1358,"t=23.01,h=36.33,p=1011.91",61,4,True,True
1359,"t=23.01,h=36.33,p=1011.91",60,2,True,True
1360,"t=23.01,h=36.33,p=1011.91",61,2,True,True
1361,"t=23.01,h=36.32,p=1011.92",61,2,True,True
1362,"t=23.01,h=36.32,p=1011.92",63,2,True,True
1363,"t=23.01,h=36.32,p=1011.92",61,2,True,True
1364,"t=23.01,h=36.32,p=1011.92",63,2,True,True
1365,"t=23.01,h=36.32,p=1011.92",61,2,True,True
1366,"t=23.01,h=36.32,p=1011.92",85,2,True,True
1367,"t=23.01,h=36.32,p=1011.92",61,2,True,True
1368,"t=23.01,h=36.32,p=1011.92",84,33,True,True
1369,"t=23.01,h=36.32,p=1011.92",62,3,True,True
1370,"t=23.01,h=36.34,p=1011.93",62,2,True,True
1371,"t=23.01,h=36.34,p=1011.93",61,2,True,True
1372,"t=23.01,h=36.34,p=1011.93",63,2,True,True
1373,"t=23.01,h=36.34,p=1011.93",61,2,True,True
1374,"t=23.01,h=36.34,p=1011.93",62,21,True,True
1375,"t=23.01,h=36.34,p=1011.93",62,5,True,True
1376,"t=23.01,h=36.34,p=1011.93",62,5,True,True
1377,"t=23.01,h=36.34,p=1011.93",61,5,True,True
1378,"t=23.01,h=36.34,p=1011.93",65,5,True,True
1379,"t=23.01,h=36.34,p=1011.93",61,22,True,True
1380,"t=23.01,h=36.33,p=1011.91",62,5,True,True
1381,"t=23.01,h=36.33,p=1011.91",60,4,True,True
1382,"t=23.01,h=36.33,p=1011.91",61,5,True,True
1383,"t=23.01,h=36.33,p=1011.91",60,5,True,True
1384,"t=23.01,h=36.33,p=1011.91",61,5,True,True
1385,"t=23.01,h=36.33,p=1011.91",60,4,True,True
1386,"t=23.01,h=36.33,p=1011.91",61,4,True,True
1387,"t=23.01,h=36.33,p=1011.91",60,4,True,True
1388,"t=23.01,h=36.33,p=1011.91",61,5,True,True
1389,"t=23.01,h=36.33,p=1011.91",60,24,True,True
1390,"t=23.01,h=36.34,p=1011.92",64,5,True,True
1391,"t=23.01,h=36.34,p=1011.92",61,4,True,True
1392,"t=23.01,h=36.34,p=1011.92",62,5,True,True
1393,"t=23.01,h=36.34,p=1011.92",61,5,True,True
1394,"t=23.01,h=36.34,p=1011.92",62,37,True,True
1395,"t=23.01,h=36.34,p=1011.92",63,7,True,True
1396,"t=23.01,h=36.34,p=1011.92",63,7,True,True
1397,"t=23.01,h=36.34,p=1011.92",61,7,True,True
1398,"t=23.01,h=36.34,p=1011.92",62,6,True,True
1399,"t=23.01,h=36.32,p=1011.89",61,4,True,True
1400,"t=23.01,h=36.32,p=1011.89",63,4,True,True
1401,"t=23.01,h=36.32,p=1011.89",63,11,True,True
1402,"t=23.01,h=36.32,p=1011.89",63,2,True,True
1403,"t=23.01,h=36.32,p=1011.89",61,2,True,True
1404,"t=23.01,h=36.32,p=1011.89",62,2,True,True
1405,"t=23.01,h=36.32,p=1011.89",61,2,True,True
1406,"t=23.01,h=36.32,p=1011.89",62,22,True,True
1407,"t=23.01,h=36.32,p=1011.89",71,2,True,True
1408,"t=23.01,h=36.32,p=1011.89",63,2,True,True
1409,"t=23.01,h=36.35,p=1011.95",69,2,True,True
1410,"t=23.01,h=36.35,p=1011.95",62,3,True,True
1411,"t=23.01,h=36.35,p=1011.95",61,2,True,True
1412,"t=23.01,h=36.35,p=1011.95",80,41,True,True
1413,"t=23.01,h=36.35,p=1011.95",62,6,True,True
1414,"t=23.01,h=36.35,p=1011.95",63,2,True,True
1415,"t=23.01,h=36.35,p=1011.95",61,2,True,True
1416,"t=23.01,h=36.35,p=1011.95",63,2,True,True
1417,"t=23.01,h=36.35,p=1011.95",62,2,True,True
1418,"t=23.01,h=36.35,p=1011.95",62,2,True,True
1419,"t=23.01,h=36.33,p=1011.95",74,2,True,True
1420,"t=23.01,h=36.33,p=1011.95",61,2,True,True
1421,"t=23.01,h=36.33,p=1011.95",60,2,True,True
1422,"t=23.01,h=36.33,p=1011.95",61,2,True,True
1423,"t=23.01,h=36.33,p=1011.95",60,2,True,True
1424,"t=23.01,h=36.33,p=1011.95",61,21,True,True
1425,"t=23.01,h=36.33,p=1011.95",68,5,True,True
1426,"t=23.01,h=36.33,p=1011.95",61,5,True,True
1427,"t=23.01,h=36.33,p=1011.95",60,5,True,True
1428,"t=23.01,h=36.33,p=1011.95",61,5,True,True
1429,"t=23.01,h=36.33,p=1011.96",61,5,True,True
1430,"t=23.01,h=36.33,p=1011.96",62,38,True,True
1431,"t=23.01,h=36.33,p=1011.96",62,7,True,True
1432,"t=23.01,h=36.33,p=1011.96",63,7,True,True
1433,"t=23.01,h=36.33,p=1011.96",61,4,True,True
1434,"t=23.01,h=36.33,p=1011.96",62,2,True,True
1435,"t=23.01,h=36.33,p=1011.96",61,22,True,True
1436,"t=23.01,h=36.33,p=1011.96",63,15,True,True
1437,"t=23.01,h=36.33,p=1011.96",61,5,True,True
1438,"t=23.01,h=36.35,p=1011.96",62,6,True,True
1439,"t=23.01,h=36.35,p=1011.96",61,5,True,True
1440,"t=23.01,h=36.35,p=1011.96",63,4,True,True
1441,"t=23.01,h=36.35,p=1011.96",61,5,True,True
1442,"t=23.01,h=36.35,p=1011.96",62,5,True,True
1443,"t=23.01,h=36.35,p=1011.96",61,5,True,True
1444,"t=23.01,h=36.35,p=1011.96",62,4,True,True
1445,"t=23.01,h=36.35,p=1011.96",61,4,True,True
1446,"t=23.01,h=36.35,p=1011.96",62,4,True,True
1447,"t=23.01,h=36.35,p=1011.96",61,51,True,True
1448,"t=23.01,h=36.34,p=1011.92",70,9,True,True
1449,"t=23.01,h=36.34,p=1011.92",63,3,True,True
1450,"t=23.01,h=36.34,p=1011.92",61,2,True,True
1451,"t=23.01,h=36.34,p=1011.92",63,12,True,True
1452,"t=23.01,h=36.34,p=1011.92",61,6,True,True
1453,"t=23.01,h=36.34,p=1011.92",62,4,True,True
1454,"t=23.01,h=36.34,p=1011.92",61,5,True,True
1455,"t=23.01,h=36.34,p=1011.92",65,5,True,True
1456,"t=23.01,h=36.34,p=1011.92",61,5,True,True
1457,"t=23.01,h=36.34,p=1011.92",62,5,True,True
1458,"t=23.00,h=36.34,p=1011.92",62,4,True,True
1459,"t=23.00,h=36.34,p=1011.92",62,40,True,True
1460,"t=23.00,h=36.34,p=1011.92",70,7,True,True
1461,"t=23.00,h=36.34,p=1011.92",62,7,True,True
1462,"t=23.00,h=36.34,p=1011.92",62,8,True,True
1463,"t=23.00,h=36.34,p=1011.92",62,7,True,True
1464,"t=23.00,h=36.34,p=1011.92",61,6,True,True
1465,"t=23.00,h=36.34,p=1011.92",62,6,True,True
1466,"t=23.00,h=36.34,p=1011.92",61,6,True,True
1467,"t=22.99,h=36.38,p=1011.93",62,2,True,True
1468,"t=22.99,h=36.38,p=1011.93",61,2,True,True
1469,"t=22.99,h=36.38,p=1011.93",63,2,True,True
1470,"t=22.99,h=36.38,p=1011.93",61,2,True,True
1471,"t=22.99,h=36.38,p=1011.93",63,23,True,True
1472,"t=22.99,h=36.38,p=1011.93",62,7,True,True
1473,"t=22.99,h=36.38,p=1011.93",63,5,True,True
1474,"t=22.99,h=36.38,p=1011.93",61,4,True,True
1475,"t=22.99,h=36.38,p=1011.93",62,4,True,True
1476,"t=22.99,h=36.38,p=1011.93",61,4,True,True
1477,"t=23.01,h=36.34,p=1011.94",62,5,True,True
1478,"t=23.01,h=36.34,p=1011.94",87,4,True,True
1479,"t=23.01,h=36.34,p=1011.94",63,4,True,True
1480,"t=23.01,h=36.34,p=1011.94",61,4,True,True
1481,"t=23.01,h=36.34,p=1011.94",62,4,True,True
1482,"t=23.01,h=36.34,p=1011.94",61,30,True,True
1483,"t=23.01,h=36.34,p=1011.94",64,3,True,True
1484,"t=23.01,h=36.34,p=1011.94",61,2,True,True
1485,"t=23.01,h=36.34,p=1011.94",63,2,True,True
1486,"t=23.01,h=36.34,p=1011.94",61,4,True,True
1487,"t=23.02,h=36.34,p=1011.93",63,2,True,True
1488,"t=23.02,h=36.34,p=1011.93",61,2,True,True
1489,"t=23.02,h=36.34,p=1011.93",62,2,True,True
1490,"t=23.02,h=36.34,p=1011.93",61,2,True,True
1491,"t=23.02,h=36.34,p=1011.93",62,40,True,True
1492,"t=23.02,h=36.34,p=1011.93",62,9,True,True
1493,"t=23.02,h=36.34,p=1011.93",62,5,True,True
1494,"t=23.02,h=36.34,p=1011.93",61,5,True,True
1495,"t=23.02,h=36.34,p=1011.93",62,4,True,True
1496,"t=23.01,h=36.34,p=1011.94",82,30,True,True
1497,"t=23.01,h=36.34,p=1011.94",62,7,True,True
1498,"t=23.01,h=36.34,p=1011.94",60,5,True,True
1499,"t=23.01,h=36.34,p=1011.94",61,4,True,True
1500,"t=23.01,h=36.34,p=1011.94",60,4,True,True
1501,"t=23.01,h=36.34,p=1011.94",62,5,True,True
1502,"t=23.01,h=36.34,p=1011.94",60,40,True,True
1503,"t=23.01,h=36.34,p=1011.94",71,28,True,True
1504,"t=23.01,h=36.34,p=1011.94",61,3,True,True
1505,"t=23.01,h=36.34,p=1011.94",61,3,True,True
1506,"t=23.01,h=36.34,p=1011.94",60,2,True,True
1507,"t=23.01,h=36.34,p=1011.94",61,3,True,True
1508,"t=23.01,h=36.34,p=1011.94",59,2,True,True
1509,"t=23.01,h=36.34,p=1011.94",61,2,True,True
1510,"t=23.01,h=36.34,p=1011.94",60,2,True,True
1511,"t=23.01,h=36.34,p=1011.94",78,2,True,True
1512,"t=23.01,h=36.34,p=1011.94",60,31,True,True
1513,"t=23.01,h=36.34,p=1011.94",63,2,True,True
1514,"t=23.01,h=36.34,p=1011.94",60,2,True,True
1515,"t=23.01,h=36.34,p=1011.94",61,2,True,True
1516,"t=23.01,h=36.37,p=1011.92",62,2,True,True
1517,"t=23.01,h=36.37,p=1011.92",62,2,True,True
1518,"t=23.01,h=36.37,p=1011.92",61,2,True,True
1519,"t=23.01,h=36.37,p=1011.92",62,2,True,True
1520,"t=23.01,h=36.37,p=1011.92",61,2,True,True
1521,"t=23.01,h=36.37,p=1011.92",63,2,True,True
1522,"t=23.01,h=36.37,p=1011.92",61,17,True,True
1523,"t=23.01,h=36.37,p=1011.92",63,2,True,True
1524,"t=23.01,h=36.37,p=1011.92",61,2,True,True
1525,"t=23.01,h=36.37,p=1011.92",63,2,True,True
1526,"t=23.01,h=36.34,p=1011.95",61,2,True,True
1527,"t=23.01,h=36.34,p=1011.95",62,2,True,True
1528,"t=23.01,h=36.34,p=1011.95",61,2,True,True
1529,"t=23.01,h=36.34,p=1011.95",62,3,True,True
1530,"t=23.01,h=36.34,p=1011.95",61,4,True,True
1531,"t=23.01,h=36.34,p=1011.95",62,3,True,True
1532,"t=23.01,h=36.34,p=1011.95",61,2,True,True
1533,"t=23.01,h=36.34,p=1011.95",62,37,True,True
1534,"t=23.01,h=36.34,p=1011.95",62,7,True,True
1535,"t=23.01,h=36.37,p=1011.93",62,7,True,True
1536,"t=23.01,h=36.37,p=1011.93",61,7,True,True
1537,"t=23.01,h=36.37,p=1011.93",62,16,True,True
1538,"t=23.01,h=36.37,p=1011.93",61,7,True,True
1539,"t=23.01,h=36.37,p=1011.93",63,4,True,True
1540,"t=23.01,h=36.37,p=1011.93",61,2,True,True
1541,"t=23.01,h=36.37,p=1011.93",62,2,True,True
1542,"t=23.01,h=36.37,p=1011.93",65,2,True,True
1543,"t=23.01,h=36.37,p=1011.93",62,22,True,True
1544,"t=23.01,h=36.37,p=1011.93",62,5,True,True
1545,"t=23.01,h=36.35,p=1011.95",61,4,True,True
1546,"t=23.01,h=36.35,p=1011.95",59,4,True,True
1547,"t=23.01,h=36.35,p=1011.95",62,5,True,True
1548,"t=23.01,h=36.35,p=1011.95",60,4,True,True
1549,"t=23.01,h=36.35,p=1011.95",61,4,True,True
1550,"t=23.01,h=36.35,p=1011.95",60,4,True,True
1551,"t=23.01,h=36.35,p=1011.95",61,11,True,True
1552,"t=23.01,h=36.35,p=1011.95",59,3,True,True
1553,"t=23.01,h=36.35,p=1011.95",62,2,True,True
1554,"t=23.01,h=36.35,p=1011.95",60,3,True,True
1555,"t=23.01,h=36.39,p=1011.92",62,18,True,True
1556,"t=23.01,h=36.39,p=1011.92",71,3,True,True
1557,"t=23.01,h=36.39,p=1011.92",63,2,True,True
1558,"t=23.01,h=36.39,p=1011.92",62,2,True,True
1559,"t=23.01,h=36.39,p=1011.92",62,2,True,True
1560,"t=23.01,h=36.39,p=1011.92",61,2,True,True
1561,"t=23.01,h=36.39,p=1011.92",63,2,True,True
1562,"t=23.01,h=36.39,p=1011.92",61,2,True,True
1563,"t=23.01,h=36.39,p=1011.92",62,2,True,True
1564,"t=22.93,h=36.37,p=1011.78",60,2,True,True
1565,"t=22.93,h=36.37,p=1011.78",61,2,True,True
1566,"t=22.93,h=36.37,p=1011.78",59,2,True,True
1567,"t=22.93,h=36.37,p=1011.78",61,19,True,True
1568,"t=22.93,h=36.37,p=1011.78",68,4,True,True
1569,"t=22.93,h=36.37,p=1011.78",61,2,True,True
1570,"t=22.93,h=36.37,p=1011.78",60,2,True,True
1571,"t=22.93,h=36.37,p=1011.78",61,2,True,True
1572,"t=22.93,h=36.37,p=1011.78",60,2,True,True
1573,"t=22.93,h=36.37,p=1011.78",61,2,True,True
1574,"t=23.01,h=36.33,p=1011.92",61,2,True,True
1575,"t=23.01,h=36.33,p=1011.92",62,2,True,True
1576,"t=23.01,h=36.33,p=1011.92",61,2,True,True
1577,"t=23.01,h=36.33,p=1011.92",62,2,True,True
1578,"t=23.01,h=36.33,p=1011.92",61,2,True,True
1579,"t=23.01,h=36.33,p=1011.92",63,28,True,True
1580,"t=23.01,h=36.33,p=1011.92",71,9,True,True
1581,"t=23.01,h=36.33,p=1011.92",81,7,True,True
1582,"t=23.01,h=36.33,p=1011.92",61,7,True,True
1583,"t=23.01,h=36.33,p=1011.92",62,6,True,True
1584,"t=23.01,h=36.38,p=1011.91",61,6,True,True
1585,"t=23.01,h=36.38,p=1011.91",63,44,True,True
1586,"t=23.01,h=36.38,p=1011.91",62,7,True,True
1587,"t=23.01,h=36.38,p=1011.91",62,7,True,True
1588,"t=23.01,h=36.38,p=1011.91",61,26,True,True
1589,"t=23.01,h=36.38,p=1011.91",62,2,True,True
1590,"t=23.01,h=36.38,p=1011.91",61,38,True,True
1591,"t=23.01,h=36.38,p=1011.91",63,5,True,True
1592,"t=23.01,h=36.38,p=1011.91",61,5,True,True
1593,"t=23.01,h=36.38,p=1011.91",63,5,True,True
1594,"t=23.01,h=36.40,p=1011.88",61,5,True,True
1595,"t=23.01,h=36.40,p=1011.88",62,5,True,True
1596,"t=23.01,h=36.40,p=1011.88",61,4,True,True
1597,"t=23.01,h=36.40,p=1011.88",62,4,True,True
1598,"t=23.01,h=36.40,p=1011.88",61,4,True,True
1599,"t=23.01,h=36.40,p=1011.88",62,4,True,True
1600,"t=23.01,h=36.40,p=1011.88",61,5,True,True
1601,"t=23.01,h=36.40,p=1011.88",64,12,True,True
1602,"t=23.01,h=36.40,p=1011.88",61,28,True,True
1603,"t=23.01,h=36.35,p=1011.90",70,7,True,True
1604,"t=23.01,h=36.35,p=1011.90",63,7,True,True
1605,"t=23.01,h=36.35,p=1011.90",61,7,True,True
1606,"t=23.01,h=36.35,p=1011.90",63,7,True,True
1607,"t=23.01,h=36.35,p=1011.90",61,6,True,True
1608,"t=23.01,h=36.35,p=1011.90",62,6,True,True
1609,"t=23.01,h=36.35,p=1011.90",61,39,True,True
1610,"t=23.01,h=36.35,p=1011.90",64,11,True,True
1611,"t=23.01,h=36.35,p=1011.90",61,7,True,True
1612,"t=23.01,h=36.35,p=1011.90",62,6,True,True
1613,"t=22.99,h=36.39,p=1011.87",61,6,True,True
1614,"t=22.99,h=36.39,p=1011.87",62,4,True,True
1615,"t=22.99,h=36.39,p=1011.87",61,2,True,True
1616,"t=22.99,h=36.39,p=1011.87",62,2,True,True
1617,"t=22.99,h=36.39,p=1011.87",61,2,True,True
1618,"t=22.99,h=36.39,p=1011.87",62,2,True,True
1619,"t=22.99,h=36.39,p=1011.87",61,2,True,True
1620,"t=22.99,h=36.39,p=1011.87",62,2,True,True
1621,"t=22.99,h=36.39,p=1011.87",61,40,True,True
1622,"t=22.99,h=36.39,p=1011.87",99,8,True,True
1623,"t=23.01,h=36.39,p=1011.93",62,6,True,True
1624,"t=23.01,h=36.39,p=1011.93",62,6,True,True
1625,"t=23.01,h=36.39,p=1011.93",62,7,True,True
1626,"t=23.01,h=36.39,p=1011.93",61,6,True,True
1627,"t=23.01,h=36.39,p=1011.93",62,34,True,True
1628,"t=23.01,h=36.39,p=1011.93",62,6,True,True
1629,"t=23.01,h=36.39,p=1011.93",62,5,True,True
1630,"t=23.01,h=36.39,p=1011.93",61,6,True,True
1631,"t=23.01,h=36.39,p=1011.93",63,4,True,True
1632,"t=23.01,h=36.40,p=1011.95",61,4,True,True
1633,"t=23.01,h=36.40,p=1011.95",63,4,True,True
1634,"t=23.01,h=36.40,p=1011.95",61,4,True,True
1635,"t=23.01,h=36.40,p=1011.95",62,5,True,True
1636,"t=23.01,h=36.40,p=1011.95",61,4,True,True
1637,"t=23.01,h=36.40,p=1011.95",62,5,True,True
1638,"t=23.01,h=36.40,p=1011.95",61,4,True,True
1639,"t=23.01,h=36.40,p=1011.95",63,29,True,True
1640,"t=23.01,h=36.40,p=1011.95",70,10,True,True
1641,"t=23.01,h=36.40,p=1011.95",62,7,True,True
1642,"t=23.01,h=36.40,p=1011.93",60,7,True,True
1643,"t=23.01,h=36.40,p=1011.93",61,6,True,True
1644,"t=23.01,h=36.40,p=1011.93",59,7,True,True
1645,"t=23.01,h=36.40,p=1011.93",61,30,True,True
1646,"t=23.01,h=36.40,p=1011.93",61,2,True,True
1647,"t=23.01,h=36.40,p=1011.93",61,2,True,True
1648,"t=23.01,h=36.40,p=1011.93",60,2,True,True
1649,"t=23.01,h=36.40,p=1011.93",61,2,True,True
1650,"t=23.01,h=36.40,p=1011.93",60,2,True,True
1651,"t=23.01,h=36.40,p=1011.93",61,12,True,True
1652,"t=23.00,h=36.40,p=1011.88",61,5,True,True
1653,"t=23.00,h=36.40,p=1011.88",62,4,True,True
1654,"t=23.00,h=36.40,p=1011.88",61,7,True,True
1655,"t=23.00,h=36.40,p=1011.88",63,17,True,True
1656,"t=23.00,h=36.40,p=1011.88",62,2,True,True
1657,"t=23.00,h=36.40,p=1011.88",62,2,True,True
1658,"t=23.00,h=36.40,p=1011.88",61,2,True,True
1659,"t=23.00,h=36.40,p=1011.88",62,2,True,True
1660,"t=23.00,h=36.40,p=1011.88",61,2,True,True
1661,"t=23.00,h=36.40,p=1011.88",62,2,True,True
1662,"t=23.01,h=36.37,p=1011.94",61,2,True,True
1663,"t=23.01,h=36.37,p=1011.94",86,2,True,True
1664,"t=23.01,h=36.37,p=1011.94",61,2,True,True
1665,"t=23.01,h=36.37,p=1011.94",62,35,True,True
1666,"t=23.01,h=36.37,p=1011.94",62,4,True,True
1667,"t=23.01,h=36.37,p=1011.94",62,2,True,True
1668,"t=23.01,h=36.37,p=1011.94",61,2,True,True
1669,"t=23.01,h=36.37,p=1011.94",62,2,True,True
1670,"t=23.01,h=36.37,p=1011.94",61,2,True,True
1671,"t=23.02,h=36.39,p=1011.91",62,40,True,True
1672,"t=23.02,h=36.39,p=1011.91",62,7,True,True
1673,"t=23.02,h=36.39,p=1011.91",62,7,True,True
1674,"t=23.02,h=36.39,p=1011.91",61,7,True,True
1675,"t=23.02,h=36.39,p=1011.91",62,3,True,True
1676,"t=23.02,h=36.39,p=1011.91",61,2,True,True
1677,"t=23.02,h=36.39,p=1011.91",62,41,True,True
1678,"t=23.02,h=36.39,p=1011.91",62,7,True,True
1679,"t=23.02,h=36.39,p=1011.91",62,6,True,True
1680,"t=23.02,h=36.39,p=1011.91",61,8,True,True
1681,"t=22.99,h=36.39,p=1011.87",63,6,True,True
1682,"t=22.99,h=36.39,p=1011.87",61,6,True,True
1683,"t=22.99,h=36.39,p=1011.87",63,6,True,True
1684,"t=22.99,h=36.39,p=1011.87",61,6,True,True
1685,"t=22.99,h=36.39,p=1011.87",63,7,True,True
1686,"t=22.99,h=36.39,p=1011.87",61,6,True,True
1687,"t=22.99,h=36.39,p=1011.87",62,6,True,True
1688,"t=22.99,h=36.39,p=1011.87",61,6,True,True
1689,"t=22.99,h=36.39,p=1011.87",63,22,True,True
1690,"t=22.99,h=36.39,p=1011.87",98,6,True,True
1691,"t=23.01,h=36.38,p=1011.91",63,5,True,True
1692,"t=23.01,h=36.38,p=1011.91",61,4,True,True
1693,"t=23.01,h=36.38,p=1011.91",62,4,True,True
1694,"t=23.01,h=36.38,p=1011.91",61,5,True,True
1695,"t=23.01,h=36.38,p=1011.91",66,5,True,True
1696,"t=23.01,h=36.38,p=1011.91",61,4,True,True
1697,"t=23.01,h=36.38,p=1011.91",62,4,True,True
1698,"t=23.01,h=36.38,p=1011.91",61,2,True,True
1699,"t=23.01,h=36.38,p=1011.91",62,2,True,True
1700,"t=23.02,h=36.39,p=1011.94",61,2,True,True
1701,"t=23.02,h=36.39,p=1011.94",64,39,True,True
1702,"t=23.02,h=36.39,p=1011.94",71,8,True,True
1703,"t=23.02,h=36.39,p=1011.94",62,6,True,True
1704,"t=23.02,h=36.39,p=1011.94",61,7,True,True
1705,"t=23.02,h=36.39,p=1011.94",62,7,True,True
1706,"t=23.02,h=36.39,p=1011.94",61,6,True,True
1707,"t=23.02,h=36.39,p=1011.94",63,6,True,True
1708,"t=23.02,h=36.39,p=1011.94",61,6,True,True
1709,"t=23.02,h=36.39,p=1011.94",62,6,True,True
1710,"t=23.01,h=36.38,p=1011.94",61,7,True,True
1711,"t=23.01,h=36.38,p=1011.94",63,8,True,True
1712,"t=23.01,h=36.38,p=1011.94",61,2,True,True
1713,"t=23.01,h=36.38,p=1011.94",62,16,True,True
1714,"t=23.01,h=36.38,p=1011.94",69,2,True,True
1715,"t=23.01,h=36.38,p=1011.94",62,3,True,True
1716,"t=23.01,h=36.38,p=1011.94",61,2,True,True
1717,"t=23.01,h=36.38,p=1011.94",62,2,True,True
1718,"t=23.01,h=36.38,p=1011.94",61,2,True,True
1719,"t=23.01,h=36.38,p=1011.94",62,21,True,True
1720,"t=23.02,h=36.37,p=1011.92",63,6,True,True
1721,"t=23.02,h=36.37,p=1011.92",62,5,True,True
1722,"t=23.02,h=36.37,p=1011.92",61,5,True,True
1723,"t=23.02,h=36.37,p=1011.92",63,4,True,True
1724,"t=23.02,h=36.37,p=1011.92",61,4,True,True
1725,"t=23.02,h=36.37,p=1011.92",62,5,True,True
1726,"t=23.02,h=36.37,p=1011.92",61,4,True,True
1727,"t=23.02,h=36.37,p=1011.92",62,2,True,True
1728,"t=23.02,h=36.37,p=1011.92",61,2,True,True
1729,"t=23.02,h=36.37,p=1011.92",62,2,True,True
1730,"t=23.02,h=36.40,p=1011.94",61,2,True,True
1731,"t=23.02,h=36.40,p=1011.94",62,39,True,True
1732,"t=23.02,h=36.40,p=1011.94",69,8,True,True
1733,"t=23.02,h=36.40,p=1011.94",62,5,True,True
1734,"t=23.02,h=36.40,p=1011.94",67,5,True,True
1735,"t=23.02,h=36.40,p=1011.94",62,5,True,True
1736,"t=23.02,h=36.40,p=1011.94",61,4,True,True
1737,"t=23.02,h=36.40,p=1011.94",62,21,True,True
1738,"t=23.02,h=36.40,p=1011.94",62,5,True,True
1739,"t=23.01,h=36.34,p=1011.92",61,5,True,True
1740,"t=23.01,h=36.34,p=1011.92",60,6,True,True
1741,"t=23.01,h=36.34,p=1011.92",61,5,True,True
1742,"t=23.01,h=36.34,p=1011.92",59,4,True,True
1743,"t=23.01,h=36.34,p=1011.92",61,4,True,True
1744,"t=23.01,h=36.34,p=1011.92",60,4,True,True
1745,"t=23.01,h=36.34,p=1011.92",61,5,True,True
1746,"t=23.01,h=36.34,p=1011.92",60,5,True,True
1747,"t=23.01,h=36.34,p=1011.92",61,28,True,True
1748,"t=23.01,h=36.34,p=1011.92",61,7,True,True
1749,"t=23.02,h=36.33,p=1011.93",62,7,True,True
1750,"t=23.02,h=36.33,p=1011.93",61,11,True,True
1751,"t=23.02,h=36.33,p=1011.93",62,24,True,True
1752,"t=23.02,h=36.33,p=1011.93",83,15,True,True
1753,"t=23.02,h=36.33,p=1011.93",63,2,True,True
1754,"t=23.02,h=36.33,p=1011.93",61,2,True,True
1755,"t=23.02,h=36.33,p=1011.93",62,2,True,True
1756,"t=23.02,h=36.33,p=1011.93",61,2,True,True
1757,"t=23.02,h=36.33,p=1011.93",62,2,True,True
1758,"t=23.02,h=36.33,p=1011.93",61,2,True,True
1759,"t=23.02,h=36.33,p=1011.94",62,2,True,True
1760,"t=23.02,h=36.33,p=1011.94",61,2,True,True
1761,"t=23.02,h=36.33,p=1011.94",62,3,True,True
1762,"t=23.02,h=36.33,p=1011.94",61,3,True,True
1763,"t=23.02,h=36.33,p=1011.94",62,3,True,True
1764,"t=23.02,h=36.33,p=1011.94",61,30,True,True
1765,"t=23.02,h=36.33,p=1011.94",85,6,True,True
1766,"t=23.02,h=36.33,p=1011.94",62,5,True,True
1767,"t=23.02,h=36.33,p=1011.94",62,5,True,True
1768,"t=23.02,h=36.32,p=1011.95",62,4,True,True
1769,"t=23.02,h=36.32,p=1011.95",61,4,True,True
1770,"t=23.02,h=36.32,p=1011.95",62,33,True,True
1771,"t=23.02,h=36.32,p=1011.95",62,3,True,True
1772,"t=23.02,h=36.32,p=1011.95",62,2,True,True
1773,"t=23.02,h=36.32,p=1011.95",61,2,True,True
1774,"t=23.02,h=36.32,p=1011.95",62,2,True,True
1775,"t=23.02,h=36.32,p=1011.95",61,2,True,True
1776,"t=23.02,h=36.32,p=1011.95",63,2,True,True
1777,"t=23.02,h=36.32,p=1011.95",61,2,True,True
1778,"t=23.01,h=36.33,p=1011.93",62,2,True,True
1779,"t=23.01,h=36.33,p=1011.93",61,2,True,True
1780,"t=23.01,h=36.33,p=1011.93",62,2,True,True
1781,"t=23.01,h=36.33,p=1011.93",61,2,True,True
1782,"t=23.01,h=36.33,p=1011.93",62,32,True,True
1783,"t=23.01,h=36.33,p=1011.93",69,6,True,True
1784,"t=23.01,h=36.33,p=1011.93",62,5,True,True
1785,"t=23.01,h=36.33,p=1011.93",61,6,True,True
1786,"t=23.01,h=36.33,p=1011.93",62,5,True,True
1787,"t=23.01,h=36.33,p=1011.93",61,4,True,True
1788,"t=23.02,h=36.38,p=1011.93",62,4,True,True
1789,"t=23.02,h=36.38,p=1011.93",61,5,True,True
1790,"t=23.02,h=36.38,p=1011.93",62,5,True,True
1791,"t=23.02,h=36.38,p=1011.93",61,4,True,True
1792,"t=23.02,h=36.38,p=1011.93",62,4,True,True
1793,"t=23.02,h=36.38,p=1011.93",61,4,True,True
1794,"t=23.02,h=36.38,p=1011.93",62,44,True,True
1795,"t=23.02,h=36.38,p=1011.93",71,8,True,True
1796,"t=23.02,h=36.38,p=1011.93",62,5,True,True
1797,"t=23.02,h=36.38,p=1011.93",61,4,True,True
1798,"t=23.02,h=36.31,p=1011.95",62,4,True,True
1799,"t=23.02,h=36.31,p=1011.95",61,4,True,True
1800,"t=23.02,h=36.31,p=1011.95",63,5,True,True
1801,"t=23.02,h=36.31,p=1011.95",63,10,True,True
1802,"t=23.02,h=36.31,p=1011.95",62,2,True,True
1803,"t=23.02,h=36.31,p=1011.95",62,2,True,True
1804,"t=23.02,h=36.31,p=1011.95",62,2,True,True
1805,"t=23.02,h=36.31,p=1011.95",61,2,True,True
1806,"t=23.02,h=36.31,p=1011.95",62,15,True,True
1807,"t=23.02,h=36.35,p=1011.96",71,2,True,True
1808,"t=23.02,h=36.35,p=1011.96",67,2,True,True
1809,"t=23.02,h=36.35,p=1011.96",61,5,True,True
1810,"t=23.02,h=36.35,p=1011.96",62,5,True,True
1811,"t=23.02,h=36.35,p=1011.96",61,5,True,True
1812,"t=23.02,h=36.35,p=1011.96",62,4,True,True
1813,"t=23.02,h=36.35,p=1011.96",61,39,True,True
1814,"t=23.02,h=36.35,p=1011.96",64,7,True,True
1815,"t=23.02,h=36.35,p=1011.96",61,8,True,True
1816,"t=23.01,h=36.29,p=1011.90",63,6,True,True
1817,"t=23.01,h=36.29,p=1011.90",61,6,True,True
1818,"t=23.01,h=36.29,p=1011.90",62,30,True,True
1819,"t=23.01,h=36.29,p=1011.90",62,2,True,True
1820,"t=23.01,h=36.29,p=1011.90",63,3,True,True
1821,"t=23.01,h=36.29,p=1011.90",61,2,True,True
1822,"t=23.01,h=36.29,p=1011.90",63,2,True,True
1823,"t=23.01,h=36.29,p=1011.90",61,2,True,True
1824,"t=23.01,h=36.29,p=1011.90",62,2,True,True
1825,"t=23.02,h=36.31,p=1011.91",76,2,True,True
1826,"t=23.02,h=36.31,p=1011.91",62,2,True,True
1827,"t=23.02,h=36.31,p=1011.91",61,2,True,True
1828,"t=23.02,h=36.31,p=1011.91",62,34,True,True
1829,"t=23.02,h=36.31,p=1011.91",62,5,True,True
1830,"t=23.02,h=36.31,p=1011.91",62,8,True,True
1831,"t=23.02,h=36.31,p=1011.91",61,5,True,True
1832,"t=23.02,h=36.31,p=1011.91",63,5,True,True
1833,"t=23.02,h=36.31,p=1011.91",61,5,True,True
1834,"t=23.02,h=36.31,p=1011.91",62,5,True,True
1835,"t=22.99,h=36.29,p=1011.89",61,5,True,True
1836,"t=22.99,h=36.29,p=1011.89",63,4,True,True
1837,"t=22.99,h=36.29,p=1011.89",61,4,True,True
1838,"t=22.99,h=36.29,p=1011.89",62,29,True,True
1839,"t=22.99,h=36.29,p=1011.89",63,2,True,True
1840,"t=22.99,h=36.29,p=1011.89",62,3,True,True
1841,"t=22.99,h=36.29,p=1011.89",61,2,True,True
1842,"t=22.99,h=36.29,p=1011.89",62,2,True,True
1843,"t=22.99,h=36.29,p=1011.89",61,2,True,True
1844,"t=22.99,h=36.29,p=1011.89",63,3,True,True
1845,"t=23.02,h=36.31,p=1011.94",61,2,True,True
1846,"t=23.02,h=36.31,p=1011.94",62,2,True,True
1847,"t=23.02,h=36.31,p=1011.94",61,2,True,True
1848,"t=23.02,h=36.31,p=1011.94",62,2,True,True
1849,"t=23.02,h=36.31,p=1011.94",61,38,True,True
1850,"t=23.02,h=36.31,p=1011.94",63,8,True,True
1851,"t=23.02,h=36.31,p=1011.94",61,12,True,True
1852,"t=23.02,h=36.31,p=1011.94",63,5,True,True
1853,"t=23.02,h=36.31,p=1011.94",61,5,True,True
1854,"t=23.02,h=36.31,p=1011.94",62,4,True,True
1855,"t=23.02,h=36.32,p=1011.95",61,5,True,True
1856,"t=23.02,h=36.32,p=1011.95",62,4,True,True
1857,"t=23.02,h=36.32,p=1011.95",61,4,True,True
1858,"t=23.02,h=36.32,p=1011.95",62,5,True,True
1859,"t=23.02,h=36.32,p=1011.95",61,32,True,True
1860,"t=23.02,h=36.32,p=1011.95",64,6,True,True
1861,"t=23.02,h=36.32,p=1011.95",61,5,True,True
1862,"t=23.02,h=36.32,p=1011.95",63,5,True,True
1863,"t=23.02,h=36.32,p=1011.95",61,5,True,True
1864,"t=23.02,h=36.29,p=1011.96",62,5,True,True
1865,"t=23.02,h=36.29,p=1011.96",61,5,True,True
1866,"t=23.02,h=36.29,p=1011.96",62,4,True,True
1867,"t=23.02,h=36.29,p=1011.96",61,4,True,True
1868,"t=23.02,h=36.29,p=1011.96",63,4,True,True
1869,"t=23.02,h=36.29,p=1011.96",61,40,True,True
1870,"t=23.02,h=36.29,p=1011.96",63,11,True,True
1871,"t=23.02,h=36.29,p=1011.96",61,7,True,True
1872,"t=23.02,h=36.29,p=1011.96",62,6,True,True
1873,"t=23.02,h=36.29,p=1011.96",61,2,True,True
1874,"t=23.02,h=36.24,p=1011.93",62,2,True,True
1875,"t=23.02,h=36.24,p=1011.93",61,2,True,True
1876,"t=23.02,h=36.24,p=1011.93",62,2,True,True
1877,"t=23.02,h=36.24,p=1011.93",61,2,True,True
1878,"t=23.02,h=36.24,p=1011.93",62,2,True,True
1879,"t=23.02,h=36.24,p=1011.93",85,35,True,True
1880,"t=23.02,h=36.24,p=1011.93",64,6,True,True
1881,"t=23.02,h=36.24,p=1011.93",61,4,True,True
1882,"t=23.02,h=36.24,p=1011.93",62,13,True,True
1883,"t=23.02,h=36.24,p=1011.93",62,4,True,True
1884,"t=23.02,h=36.24,p=1011.93",63,5,True,True
1885,"t=23.02,h=36.24,p=1011.93",61,4,True,True
1886,"t=23.02,h=36.24,p=1011.93",62,4,True,True
1887,"t=23.02,h=36.24,p=1011.93",61,4,True,True
1888,"t=23.02,h=36.24,p=1011.93",62,4,True,True
1889,"t=23.02,h=36.24,p=1011.93",83,17,True,True
1890,"t=23.02,h=36.24,p=1011.93",64,2,True,True
1891,"t=23.02,h=36.24,p=1011.93",61,2,True,True
1892,"t=23.02,h=36.24,p=1011.93",62,2,True,True
1893,"t=23.02,h=36.31,p=1011.93",61,2,True,True
1894,"t=23.02,h=36.31,p=1011.93",62,10,True,True
1895,"t=23.02,h=36.31,p=1011.93",61,17,True,True
1896,"t=23.02,h=36.31,p=1011.93",63,2,True,True
1897,"t=23.02,h=36.31,p=1011.93",61,2,True,True
1898,"t=23.02,h=36.31,p=1011.93",62,2,True,True
1899,"t=23.02,h=36.31,p=1011.93",61,2,True,True
1900,"t=23.02,h=36.31,p=1011.93",62,17,True,True
1901,"t=23.02,h=36.31,p=1011.93",63,10,True,True
1902,"t=23.02,h=36.31,p=1011.93",62,2,True,True
1903,"t=23.02,h=36.29,p=1011.93",61,2,True,True
1904,"t=23.02,h=36.29,p=1011.93",80,42,True,True
1905,"t=23.02,h=36.29,p=1011.93",62,7,True,True
1906,"t=23.02,h=36.29,p=1011.93",62,7,True,True
1907,"t=23.02,h=36.29,p=1011.93",61,6,True,True
1908,"t=23.02,h=36.29,p=1011.93",62,7,True,True
1909,"t=23.02,h=36.29,p=1011.93",61,7,True,True
1910,"t=23.02,h=36.29,p=1011.93",62,6,True,True
1911,"t=23.02,h=36.29,p=1011.93",61,4,True,True
1912,"t=23.02,h=36.29,p=1011.93",62,4,True,True
1913,"t=23.02,h=36.27,p=1011.93",62,4,True,True
1914,"t=23.02,h=36.27,p=1011.93",62,5,True,True
1915,"t=23.02,h=36.27,p=1011.93",62,4,True,True
1916,"t=23.02,h=36.27,p=1011.93",62,16,True,True
1917,"t=23.02,h=36.27,p=1011.93",70,2,True,True
1918,"t=23.02,h=36.27,p=1011.93",62,2,True,True
1919,"t=23.02,h=36.27,p=1011.93",61,2,True,True
1920,"t=23.02,h=36.27,p=1011.93",63,2,True,True
1921,"t=23.02,h=36.27,p=1011.93",61,2,True,True
1922,"t=23.02,h=36.27,p=1011.93",62,15,True,True
1923,"t=23.02,h=36.25,p=1011.90",63,2,True,True
1924,"t=23.02,h=36.25,p=1011.90",62,2,True,True
1925,"t=23.02,h=36.25,p=1011.90",61,2,True,True
1926,"t=23.02,h=36.25,p=1011.90",63,2,True,True
1927,"t=23.02,h=36.25,p=1011.90",61,2,True,True
1928,"t=23.02,h=36.25,p=1011.90",84,2,True,True
1929,"t=23.02,h=36.25,p=1011.90",61,2,True,True
1930,"t=23.02,h=36.25,p=1011.90",74,16,True,True
1931,"t=23.02,h=36.25,p=1011.90",62,2,True,True
1932,"t=23.02,h=36.23,p=1011.92",62,2,True,True
1933,"t=23.02,h=36.23,p=1011.92",62,2,True,True
1934,"t=23.02,h=36.23,p=1011.92",62,2,True,True
1935,"t=23.02,h=36.23,p=1011.92",61,2,True,True
1936,"t=23.02,h=36.23,p=1011.92",62,2,True,True
1937,"t=23.02,h=36.23,p=1011.92",61,2,True,True
1938,"t=23.02,h=36.23,p=1011.92",62,2,True,True
1939,"t=23.02,h=36.23,p=1011.92",61,2,True,True
1940,"t=23.02,h=36.23,p=1011.92",78,2,True,True
1941,"t=23.02,h=36.23,p=1011.92",61,21,True,True
1942,"t=23.02,h=36.21,p=1011.92",62,2,True,True
1943,"t=23.02,h=36.21,p=1011.92",60,2,True,True
1944,"t=23.02,h=36.21,p=1011.92",61,2,True,True
1945,"t=23.02,h=36.21,p=1011.92",59,9,True,True
1946,"t=23.02,h=36.21,p=1011.92",61,2,True,True
1947,"t=23.02,h=36.21,p=1011.92",60,2,True,True
1948,"t=23.02,h=36.21,p=1011.92",61,2,True,True
1949,"t=23.02,h=36.21,p=1011.92",60,2,True,True
1950,"t=23.02,h=36.21,p=1011.92",61,2,True,True
1951,"t=23.02,h=36.21,p=1011.92",60,16,True,True
1952,"t=23.02,h=36.23,p=1011.93",64,2,True,True
1953,"t=23.02,h=36.23,p=1011.93",61,2,True,True
1954,"t=23.02,h=36.23,p=1011.93",62,2,True,True
1955,"t=23.02,h=36.23,p=1011.93",61,3,True,True
1956,"t=23.02,h=36.23,p=1011.93",62,2,True,True
1957,"t=23.02,h=36.23,p=1011.93",61,2,True,True
1958,"t=23.02,h=36.23,p=1011.93",62,2,True,True
1959,"t=23.02,h=36.23,p=1011.93",61,2,True,True
1960,"t=23.02,h=36.23,p=1011.93",62,2,True,True
1961,"t=23.02,h=36.24,p=1011.92",77,16,True,True
1962,"t=23.02,h=36.24,p=1011.92",64,2,True,True
1963,"t=23.02,h=36.24,p=1011.92",61,2,True,True
1964,"t=23.02,h=36.24,p=1011.92",62,2,True,True
1965,"t=23.02,h=36.24,p=1011.92",61,2,True,True
1966,"t=23.02,h=36.24,p=1011.92",62,2,True,True
1967,"t=23.02,h=36.24,p=1011.92",62,2,True,True
1968,"t=23.02,h=36.24,p=1011.92",62,2,True,True
1969,"t=23.02,h=36.24,p=1011.92",82,3,True,True
1970,"t=23.02,h=36.24,p=1011.92",62,2,True,True
1971,"t=23.02,h=36.18,p=1011.92",85,16,True,True
1972,"t=23.02,h=36.18,p=1011.92",63,2,True,True
1973,"t=23.02,h=36.18,p=1011.92",62,3,True,True
1974,"t=23.02,h=36.18,p=1011.92",62,3,True,True
1975,"t=23.02,h=36.18,p=1011.92",61,2,True,True
1976,"t=23.02,h=36.18,p=1011.92",63,2,True,True
1977,"t=23.02,h=36.18,p=1011.92",61,2,True,True
1978,"t=23.02,h=36.18,p=1011.92",62,2,True,True
1979,"t=23.02,h=36.18,p=1011.92",61,2,True,True
1980,"t=23.02,h=36.18,p=1011.92",62,3,True,True
1981,"t=22.99,h=36.22,p=1011.88",61,3,True,True
1982,"t=22.99,h=36.22,p=1011.88",62,3,True,True
1983,"t=22.99,h=36.22,p=1011.88",61,51,True,True
1984,"t=22.99,h=36.22,p=1011.88",64,9,True,True
1985,"t=22.99,h=36.22,p=1011.88",61,2,True,True
1986,"t=22.99,h=36.22,p=1011.88",62,2,True,True
1987,"t=22.99,h=36.22,p=1011.88",61,2,True,True
1988,"t=22.99,h=36.22,p=1011.88",62,2,True,True
1989,"t=22.99,h=36.22,p=1011.88",61,2,True,True
1990,"t=22.99,h=36.22,p=1011.88",62,2,True,True
1991,"t=23.01,h=36.23,p=1011.89",61,2,True,True
1992,"t=23.01,h=36.23,p=1011.89",62,19,True,True
1993,"t=23.01,h=36.23,p=1011.89",62,3,True,True
1994,"t=23.01,h=36.23,p=1011.89",62,2,True,True
1995,"t=23.01,h=36.23,p=1011.89",61,2,True,True
1996,"t=23.01,h=36.23,p=1011.89",63,12,True,True
1997,"t=23.01,h=36.23,p=1011.89",61,2,True,True
1998,"t=23.01,h=36.23,p=1011.89",62,2,True,True
1999,"t=23.01,h=36.23,p=1011.89",61,2,True,True
2000,"t=23.02,h=36.19,p=1011.90",62,2,True,True
2001,"t=23.02,h=36.19,p=1011.90",62,9,True,True
2002,"t=23.02,h=36.19,p=1011.90",62,16,True,True
2003,"t=23.02,h=36.19,p=1011.90",63,3,True,True
2004,"t=23.02,h=36.19,p=1011.90",63,2,True,True
2005,"t=23.02,h=36.19,p=1011.90",61,2,True,True
2006,"t=23.02,h=36.19,p=1011.90",62,2,True,True
2007,"t=23.02,h=36.19,p=1011.90",61,2,True,True
2008,"t=23.02,h=36.19,p=1011.90",62,2,True,True
2009,"t=23.02,h=36.19,p=1011.90",61,2,True,True
2010,"t=23.02,h=36.18,p=1011.94",71,15,True,True
2011,"t=23.02,h=36.18,p=1011.94",61,2,True,True
2012,"t=23.02,h=36.18,p=1011.94",62,21,True,True
2013,"t=23.02,h=36.18,p=1011.94",63,6,True,True
2014,"t=23.02,h=36.18,p=1011.94",62,5,True,True
2015,"t=23.02,h=36.18,p=1011.94",61,4,True,True
2016,"t=23.02,h=36.18,p=1011.94",62,4,True,True
2017,"t=23.02,h=36.18,p=1011.94",72,5,True,True
2018,"t=23.02,h=36.18,p=1011.94",62,5,True,True
2019,"t=23.02,h=36.18,p=1011.94",61,4,True,True
2020,"t=23.02,h=36.20,p=1011.92",61,4,True,True
2021,"t=23.02,h=36.20,p=1011.92",60,4,True,True
2022,"t=23.02,h=36.20,p=1011.92",61,4,True,True
2023,"t=23.02,h=36.20,p=1011.92",60,16,True,True
2024,"t=23.02,h=36.20,p=1011.92",62,2,True,True
2025,"t=23.02,h=36.20,p=1011.92",60,2,True,True
2026,"t=23.02,h=36.20,p=1011.92",61,2,True,True
2027,"t=23.02,h=36.20,p=1011.92",60,4,True,True
2028,"t=23.02,h=36.20,p=1011.92",61,5,True,True
2029,"t=23.01,h=36.23,p=1011.92",61,4,True,True
2030,"t=23.01,h=36.23,p=1011.92",62,4,True,True
2031,"t=23.01,h=36.23,p=1011.92",61,4,True,True
2032,"t=23.01,h=36.23,p=1011.92",62,4,True,True
2033,"t=23.01,h=36.23,p=1011.92",61,23,True,True
2034,"t=23.01,h=36.23,p=1011.92",63,5,True,True
2035,"t=23.01,h=36.23,p=1011.92",61,4,True,True
2036,"t=23.01,h=36.23,p=1011.92",62,5,True,True
2037,"t=23.01,h=36.23,p=1011.92",61,4,True,True
2038,"t=23.01,h=36.23,p=1011.92",62,17,True,True
2039,"t=23.02,h=36.20,p=1011.93",61,3,True,True
2040,"t=23.02,h=36.20,p=1011.93",84,2,True,True
2041,"t=23.02,h=36.20,p=1011.93",60,2,True,True
2042,"t=23.02,h=36.20,p=1011.93",61,3,True,True
2043,"t=23.02,h=36.20,p=1011.93",81,35,True,True
2044,"t=23.02,h=36.20,p=1011.93",62,5,True,True
2045,"t=23.02,h=36.20,p=1011.93",60,5,True,True
2046,"t=23.02,h=36.20,p=1011.93",61,5,True,True
2047,"t=23.02,h=36.20,p=1011.93",60,5,True,True
2048,"t=23.02,h=36.20,p=1011.93",61,6,True,True
2049,"t=23.02,h=36.23,p=1011.94",61,4,True,True
2050,"t=23.02,h=36.23,p=1011.94",63,4,True,True
2051,"t=23.02,h=36.23,p=1011.94",61,6,True,True
2052,"t=23.02,h=36.23,p=1011.94",63,2,True,True
2053,"t=23.02,h=36.23,p=1011.94",61,32,True,True
2054,"t=23.02,h=36.23,p=1011.94",63,2,True,True
2055,"t=23.02,h=36.23,p=1011.94",61,2,True,True
2056,"t=23.02,h=36.23,p=1011.94",62,3,True,True
2057,"t=23.02,h=36.23,p=1011.94",61,2,True,True
2058,"t=23.02,h=36.17,p=1011.94",62,2,True,True
2059,"t=23.02,h=36.17,p=1011.94",61,2,True,True
2060,"t=23.02,h=36.17,p=1011.94",62,2,True,True
2061,"t=23.02,h=36.17,p=1011.94",61,2,True,True
2062,"t=23.02,h=36.17,p=1011.94",62,2,True,True
2063,"t=23.02,h=36.17,p=1011.94",61,2,True,True
2064,"t=23.02,h=36.17,p=1011.94",62,36,True,True
2065,"t=23.02,h=36.17,p=1011.94",63,3,True,True
2066,"t=23.02,h=36.17,p=1011.94",63,2,True,True
2067,"t=23.02,h=36.17,p=1011.94",61,2,True,True
2068,"t=23.03,h=36.19,p=1011.95",63,3,True,True
2069,"t=23.03,h=36.19,p=1011.95",61,2,True,True
2070,"t=23.03,h=36.19,p=1011.95",63,2,True,True
2071,"t=23.03,h=36.19,p=1011.95",61,1,True,True
2072,"t=23.03,h=36.19,p=1011.95",63,2,True,True
2073,"t=23.03,h=36.19,p=1011.95",61,2,True,True
2074,"t=23.03,h=36.19,p=1011.95",63,36,True,True
2075,"t=23.03,h=36.19,p=1011.95",62,9,True,True
2076,"t=23.03,h=36.19,p=1011.95",63,7,True,True
2077,"t=23.03,h=36.19,p=1011.95",61,5,True,True
2078,"t=23.02,h=36.17,p=1011.92",62,19,True,True
2079,"t=23.02,h=36.17,p=1011.92",61,4,True,True
2080,"t=23.02,h=36.17,p=1011.92",62,4,True,True
2081,"t=23.02,h=36.17,p=1011.92",84,4,True,True
2082,"t=23.02,h=36.17,p=1011.92",63,4,True,True
2083,"t=23.02,h=36.17,p=1011.92",61,5,True,True
2084,"t=23.02,h=36.17,p=1011.92",62,17,True,True
2085,"t=23.02,h=36.17,p=1011.92",62,2,True,True
2086,"t=23.02,h=36.17,p=1011.92",63,2,True,True
2087,"t=23.02,h=36.17,p=1011.92",61,2,True,True
2088,"t=23.02,h=36.15,p=1011.94",62,2,True,True
2089,"t=23.02,h=36.15,p=1011.94",61,35,True,True
2090,"t=23.02,h=36.15,p=1011.94",64,6,True,True
2091,"t=23.02,h=36.15,p=1011.94",61,5,True,True
2092,"t=23.02,h=36.15,p=1011.94",63,4,True,True
2093,"t=23.02,h=36.15,p=1011.94",61,5,True,True
2094,"t=23.02,h=36.15,p=1011.94",62,5,True,True
2095,"t=23.02,h=36.15,p=1011.94",61,4,True,True
2096,"t=23.02,h=36.15,p=1011.94",62,4,True,True
2097,"t=23.02,h=36.16,p=1011.92",61,4,True,True
2098,"t=23.02,h=36.16,p=1011.92",62,5,True,True
2099,"t=23.02,h=36.16,p=1011.92",61,5,True,True
2100,"t=23.02,h=36.16,p=1011.92",62,4,True,True
2101,"t=23.02,h=36.16,p=1011.92",62,28,True,True
2102,"t=23.02,h=36.16,p=1011.92",70,7,True,True
2103,"t=23.02,h=36.16,p=1011.92",62,6,True,True
2104,"t=23.02,h=36.16,p=1011.92",61,11,True,True
2105,"t=23.02,h=36.16,p=1011.92",62,6,True,True
2106,"t=23.02,h=36.16,p=1011.92",62,7,True,True
2107,"t=23.02,h=36.18,p=1011.92",62,6,True,True
2108,"t=23.02,h=36.18,p=1011.92",61,29,True,True
2109,"t=23.02,h=36.18,p=1011.92",63,5,True,True
2110,"t=23.02,h=36.18,p=1011.92",61,2,True,True
2111,"t=23.02,h=36.18,p=1011.92",62,2,True,True
2112,"t=23.02,h=36.18,p=1011.92",61,2,True,True
2113,"t=23.02,h=36.18,p=1011.92",62,2,True,True
2114,"t=23.02,h=36.18,p=1011.92",61,2,True,True
2115,"t=23.02,h=36.18,p=1011.92",63,2,True,True
2116,"t=23.02,h=36.18,p=1011.92",62,2,True,True
2117,"t=23.02,h=36.16,p=1011.92",62,1,True,True
2118,"t=23.02,h=36.16,p=1011.92",61,2,True,True
2119,"t=23.02,h=36.16,p=1011.92",62,2,True,True
2120,"t=23.02,h=36.16,p=1011.92",61,40,True,True
2121,"t=23.02,h=36.16,p=1011.92",69,7,True,True
2122,"t=23.02,h=36.16,p=1011.92",62,7,True,True
2123,"t=23.02,h=36.16,p=1011.92",61,7,True,True
2124,"t=23.02,h=36.16,p=1011.92",62,8,True,True
2125,"t=23.02,h=36.16,p=1011.92",61,6,True,True
2126,"t=23.02,h=36.15,p=1011.95",63,6,True,True
2127,"t=23.02,h=36.15,p=1011.95",61,6,True,True
2128,"t=23.02,h=36.15,p=1011.95",63,6,True,True
2129,"t=23.02,h=36.15,p=1011.95",61,2,True,True
2130,"t=23.02,h=36.15,p=1011.95",62,2,True,True
2131,"t=23.02,h=36.15,p=1011.95",61,2,True,True
2132,"t=23.02,h=36.15,p=1011.95",62,44,True,True
2133,"t=23.02,h=36.15,p=1011.95",70,3,True,True
2134,"t=23.02,h=36.15,p=1011.95",62,3,True,True
2135,"t=23.02,h=36.15,p=1011.95",61,2,True,True
2136,"t=23.02,h=36.13,p=1011.90",61,2,True,True
2137,"t=23.02,h=36.13,p=1011.90",60,3,True,True
2138,"t=23.02,h=36.13,p=1011.90",66,18,True,True
2139,"t=23.02,h=36.13,p=1011.90",60,2,True,True
2140,"t=23.02,h=36.13,p=1011.90",61,2,True,True
2141,"t=23.02,h=36.13,p=1011.90",60,2,True,True
2142,"t=23.02,h=36.13,p=1011.90",61,2,True,True
2143,"t=23.02,h=36.13,p=1011.90",60,2,True,True
2144,"t=23.02,h=36.13,p=1011.90",61,25,True,True
2145,"t=23.02,h=36.13,p=1011.90",96,5,True,True
2146,"t=23.02,h=36.15,p=1011.92",62,5,True,True
2147,"t=23.02,h=36.15,p=1011.92",61,4,True,True
2148,"t=23.02,h=36.15,p=1011.92",63,4,True,True
2149,"t=23.02,h=36.15,p=1011.92",61,5,True,True
2150,"t=23.02,h=36.15,p=1011.92",63,4,True,True
2151,"t=23.02,h=36.15,p=1011.92",67,11,True,True
2152,"t=23.02,h=36.15,p=1011.92",62,3,True,True
2153,"t=23.02,h=36.15,p=1011.92",61,2,True,True
2154,"t=23.02,h=36.15,p=1011.92",62,2,True,True
2155,"t=23.02,h=36.15,p=1011.92",61,2,True,True
2156,"t=23.02,h=36.16,p=1011.92",62,14,True,True
2157,"t=23.02,h=36.16,p=1011.92",63,2,True,True
2158,"t=23.02,h=36.16,p=1011.92",63,2,True,True
2159,"t=23.02,h=36.16,p=1011.92",61,2,True,True
2160,"t=23.02,h=36.16,p=1011.92",62,2,True,True
2161,"t=23.02,h=36.16,p=1011.92",61,4,True,True
2162,"t=23.02,h=36.16,p=1011.92",62,5,True,True
2163,"t=23.02,h=36.16,p=1011.92",61,4,True,True
2164,"t=23.02,h=36.16,p=1011.92",63,5,True,True
2165,"t=23.02,h=36.11,p=1011.95",61,4,True,True
2166,"t=23.02,h=36.11,p=1011.95",62,21,True,True
2167,"t=23.02,h=36.11,p=1011.95",63,5,True,True
2168,"t=23.02,h=36.11,p=1011.95",63,7,True,True
2169,"t=23.02,h=36.11,p=1011.95",61,7,True,True
2170,"t=23.02,h=36.11,p=1011.95",63,6,True,True
2171,"t=23.02,h=36.11,p=1011.95",61,21,True,True
2172,"t=23.02,h=36.11,p=1011.95",64,5,True,True
2173,"t=23.02,h=36.11,p=1011.95",61,5,True,True
2174,"t=23.02,h=36.11,p=1011.95",62,6,True,True
2175,"t=23.00,h=36.13,p=1011.92",61,5,True,True
2176,"t=23.00,h=36.13,p=1011.92",62,4,True,True
2177,"t=23.00,h=36.13,p=1011.92",61,4,True,True
2178,"t=23.00,h=36.13,p=1011.92",62,4,True,True
2179,"t=23.00,h=36.13,p=1011.92",61,4,True,True
2180,"t=23.00,h=36.13,p=1011.92",63,4,True,True
2181,"t=23.00,h=36.13,p=1011.92",61,4,True,True
2182,"t=23.00,h=36.13,p=1011.92",63,4,True,True
2183,"t=23.00,h=36.13,p=1011.92",61,22,True,True
2184,"t=23.00,h=36.13,p=1011.92",99,6,True,True
2185,"t=23.02,h=36.10,p=1011.89",62,5,True,True
2186,"t=23.02,h=36.10,p=1011.89",61,2,True,True
2187,"t=23.02,h=36.10,p=1011.89",62,2,True,True
2188,"t=23.02,h=36.10,p=1011.89",61,2,True,True
2189,"t=23.02,h=36.10,p=1011.89",62,30,True,True
2190,"t=23.02,h=36.10,p=1011.89",62,7,True,True
2191,"t=23.02,h=36.10,p=1011.89",63,7,True,True
2192,"t=23.02,h=36.10,p=1011.89",62,6,True,True
2193,"t=23.02,h=36.10,p=1011.89",62,7,True,True
2194,"t=23.02,h=36.09,p=1011.90",61,7,True,True
2195,"t=23.02,h=36.09,p=1011.90",62,7,True,True
2196,"t=23.02,h=36.09,p=1011.90",61,6,True,True
2197,"t=23.02,h=36.09,p=1011.90",62,6,True,True
2198,"t=23.02,h=36.09,p=1011.90",61,6,True,True
2199,"t=23.02,h=36.09,p=1011.90",62,5,True,True
2200,"t=23.02,h=36.09,p=1011.90",61,4,True,True
2201,"t=23.02,h=36.09,p=1011.90",63,27,True,True
2202,"t=23.02,h=36.09,p=1011.90",71,5,True,True
2203,"t=23.02,h=36.09,p=1011.90",62,4,True,True
2204,"t=23.02,h=36.06,p=1011.93",60,4,True,True
2205,"t=23.02,h=36.06,p=1011.93",61,5,True,True
2206,"t=23.02,h=36.06,p=1011.93",60,5,True,True
2207,"t=23.02,h=36.06,p=1011.93",85,28,True,True
2208,"t=23.02,h=36.06,p=1011.93",61,7,True,True
2209,"t=23.02,h=36.06,p=1011.93",61,8,True,True
2210,"t=23.02,h=36.06,p=1011.93",60,6,True,True
2211,"t=23.02,h=36.06,p=1011.93",61,7,True,True
2212,"t=23.02,h=36.06,p=1011.93",59,4,True,True
2213,"t=23.02,h=36.06,p=1011.93",61,5,True,True
2214,"t=23.02,h=36.09,p=1011.92",61,4,True,True
2215,"t=23.02,h=36.09,p=1011.92",62,4,True,True
2216,"t=23.02,h=36.09,p=1011.92",61,5,True,True
2217,"t=23.02,h=36.09,p=1011.92",63,4,True,True
2218,"t=23.02,h=36.09,p=1011.92",61,27,True,True
2219,"t=23.02,h=36.09,p=1011.92",63,7,True,True
2220,"t=23.02,h=36.09,p=1011.92",61,7,True,True
2221,"t=23.02,h=36.09,p=1011.92",63,7,True,True
2222,"t=23.02,h=36.09,p=1011.92",61,6,True,True
2223,"t=23.02,h=36.09,p=1011.92",62,6,True,True
2224,"t=23.02,h=36.12,p=1011.94",61,6,True,True
2225,"t=23.02,h=36.12,p=1011.94",86,6,True,True
2226,"t=23.02,h=36.12,p=1011.94",61,7,True,True
2227,"t=23.02,h=36.12,p=1011.94",86,28,True,True
2228,"t=23.02,h=36.12,p=1011.94",63,7,True,True
2229,"t=23.02,h=36.12,p=1011.94",62,7,True,True
2230,"t=23.02,h=36.12,p=1011.94",61,6,True,True
2231,"t=23.02,h=36.12,p=1011.94",62,7,True,True
2232,"t=23.02,h=36.12,p=1011.94",61,6,True,True
2233,"t=23.02,h=36.11,p=1011.94",62,6,True,True
2234,"t=23.02,h=36.11,p=1011.94",61,6,True,True
2235,"t=23.02,h=36.11,p=1011.94",62,6,True,True
2236,"t=23.02,h=36.11,p=1011.94",61,7,True,True
2237,"t=23.02,h=36.11,p=1011.94",62,6,True,True
2238,"t=23.02,h=36.11,p=1011.94",61,27,True,True
2239,"t=23.02,h=36.11,p=1011.94",64,7,True,True
2240,"t=23.02,h=36.11,p=1011.94",61,7,True,True
2241,"t=23.02,h=36.11,p=1011.94",63,7,True,True
2242,"t=23.02,h=36.11,p=1011.94",61,6,True,True
2243,"t=23.02,h=36.09,p=1011.93",62,28,True,True
2244,"t=23.02,h=36.09,p=1011.93",62,13,True,True
2245,"t=23.02,h=36.09,p=1011.93",62,6,True,True
2246,"t=23.02,h=36.09,p=1011.93",61,5,True,True
2247,"t=23.02,h=36.09,p=1011.93",62,4,True,True
2248,"t=23.02,h=36.09,p=1011.93",71,4,True,True
2249,"t=23.02,h=36.09,p=1011.93",63,4,True,True
2250,"t=23.02,h=36.09,p=1011.93",62,4,True,True
2251,"t=23.02,h=36.09,p=1011.93",72,11,True,True
2252,"t=23.02,h=36.09,p=1011.93",61,2,True,True
2253,"t=23.02,h=36.06,p=1011.88",62,2,True,True
2254,"t=23.02,h=36.06,p=1011.88",61,2,True,True
2255,"t=23.02,h=36.06,p=1011.88",62,27,True,True
2256,"t=23.02,h=36.06,p=1011.88",69,9,True,True
2257,"t=23.02,h=36.06,p=1011.88",63,7,True,True
2258,"t=23.02,h=36.06,p=1011.88",61,6,True,True
2259,"t=23.02,h=36.06,p=1011.88",62,6,True,True
2260,"t=23.02,h=36.06,p=1011.88",61,6,True,True
2261,"t=23.02,h=36.06,p=1011.88",62,29,True,True
2262,"t=23.01,h=36.11,p=1011.90",62,7,True,True
2263,"t=23.01,h=36.11,p=1011.90",62,6,True,True
2264,"t=23.01,h=36.11,p=1011.90",61,7,True,True
2265,"t=23.01,h=36.11,p=1011.90",62,7,True,True
2266,"t=23.01,h=36.11,p=1011.90",80,8,True,True
2267,"t=23.01,h=36.11,p=1011.90",62,7,True,True
2268,"t=23.01,h=36.11,p=1011.90",61,6,True,True
2269,"t=23.01,h=36.11,p=1011.90",62,7,True,True
2270,"t=23.01,h=36.11,p=1011.90",61,7,True,True
2271,"t=23.01,h=36.11,p=1011.90",62,5,True,True
2272,"t=23.03,h=36.06,p=1011.92",60,4,True,True
2273,"t=23.03,h=36.06,p=1011.92",62,15,True,True
2274,"t=23.03,h=36.06,p=1011.92",68,2,True,True
2275,"t=23.03,h=36.06,p=1011.92",61,2,True,True
2276,"t=23.03,h=36.06,p=1011.92",59,3,True,True
2277,"t=23.03,h=36.06,p=1011.92",61,2,True,True
2278,"t=23.03,h=36.06,p=1011.92",60,2,True,True
2279,"t=23.03,h=36.06,p=1011.92",61,19,True,True
2280,"t=23.03,h=36.06,p=1011.92",61,2,True,True
2281,"t=23.03,h=36.06,p=1011.92",61,3,True,True
2282,"t=23.01,h=36.06,p=1011.92",59,2,True,True
2283,"t=23.01,h=36.06,p=1011.92",61,2,True,True
2284,"t=23.01,h=36.06,p=1011.92",60,2,True,True
2285,"t=23.01,h=36.06,p=1011.92",61,2,True,True
2286,"t=23.01,h=36.06,p=1011.92",60,2,True,True
2287,"t=23.01,h=36.06,p=1011.92",61,2,True,True
2288,"t=23.01,h=36.06,p=1011.92",60,2,True,True
2289,"t=23.01,h=36.06,p=1011.92",61,40,True,True
2290,"t=23.01,h=36.06,p=1011.92",62,5,True,True
2291,"t=23.02,h=36.06,p=1011.93",61,6,True,True
2292,"t=23.02,h=36.06,p=1011.93",60,4,True,True
2293,"t=23.02,h=36.06,p=1011.93",61,4,True,True
2294,"t=23.02,h=36.06,p=1011.93",60,4,True,True
2295,"t=23.02,h=36.06,p=1011.93",61,4,True,True
2296,"t=23.02,h=36.06,p=1011.93",61,5,True,True
2297,"t=23.02,h=36.06,p=1011.93",61,4,True,True
2298,"t=23.02,h=36.06,p=1011.93",60,4,True,True
2299,"t=23.02,h=36.06,p=1011.93",61,43,True,True
2300,"t=23.02,h=36.06,p=1011.93",61,7,True,True
2301,"t=23.02,h=36.04,p=1011.95",63,5,True,True
2302,"t=23.02,h=36.04,p=1011.95",61,2,True,True
2303,"t=23.02,h=36.04,p=1011.95",63,2,True,True
2304,"t=23.02,h=36.04,p=1011.95",61,2,True,True
2305,"t=23.02,h=36.04,p=1011.95",63,2,True,True
2306,"t=23.02,h=36.04,p=1011.95",61,2,True,True
2307,"t=23.02,h=36.04,p=1011.95",62,2,True,True
2308,"t=23.02,h=36.04,p=1011.95",61,2,True,True
2309,"t=23.02,h=36.04,p=1011.95",62,2,True,True
2310,"t=23.02,h=36.04,p=1011.95",61,28,True,True
2311,"t=23.02,h=36.06,p=1011.94",62,7,True,True
2312,"t=23.02,h=36.06,p=1011.94",60,7,True,True
2313,"t=23.02,h=36.06,p=1011.94",62,6,True,True
2314,"t=23.02,h=36.06,p=1011.94",59,8,True,True
2315,"t=23.02,h=36.06,p=1011.94",61,29,True,True
2316,"t=23.02,h=36.06,p=1011.94",61,8,True,True
2317,"t=23.02,h=36.06,p=1011.94",61,7,True,True
2318,"t=23.02,h=36.06,p=1011.94",60,7,True,True
2319,"t=23.02,h=36.06,p=1011.94",69,7,True,True
2320,"t=23.02,h=36.06,p=1011.94",60,6,True,True
2321,"t=23.03,h=36.08,p=1011.91",63,29,True,True
2322,"t=23.03,h=36.08,p=1011.91",62,11,True,True
2323,"t=23.03,h=36.08,p=1011.91",62,2,True,True
2324,"t=23.03,h=36.08,p=1011.91",61,3,True,True
2325,"t=23.03,h=36.08,p=1011.91",62,2,True,True
2326,"t=23.03,h=36.08,p=1011.91",61,2,True,True
2327,"t=23.03,h=36.08,p=1011.91",62,2,True,True
2328,"t=23.03,h=36.08,p=1011.91",61,2,True,True
2329,"t=23.03,h=36.08,p=1011.91",62,2,True,True
2330,"t=23.02,h=36.08,p=1011.91",61,37,True,True
2331,"t=23.02,h=36.08,p=1011.91",63,7,True,True
2332,"t=23.02,h=36.08,p=1011.91",62,7,True,True
2333,"t=23.02,h=36.08,p=1011.91",62,7,True,True
2334,"t=23.02,h=36.08,p=1011.91",61,7,True,True
2335,"t=23.02,h=36.08,p=1011.91",85,40,True,True
2336,"t=23.02,h=36.08,p=1011.91",62,3,True,True
2337,"t=23.02,h=36.08,p=1011.91",62,2,True,True
2338,"t=23.02,h=36.08,p=1011.91",61,2,True,True
2339,"t=23.02,h=36.08,p=1011.91",62,3,True,True
2340,"t=23.02,h=36.06,p=1011.92",61,2,True,True
2341,"t=23.02,h=36.06,p=1011.92",62,39,True,True
2342,"t=23.02,h=36.06,p=1011.92",62,7,True,True
2343,"t=23.02,h=36.06,p=1011.92",62,7,True,True
2344,"t=23.02,h=36.06,p=1011.92",61,8,True,True
2345,"t=23.02,h=36.06,p=1011.92",62,6,True,True
2346,"t=23.02,h=36.06,p=1011.92",61,34,True,True
2347,"t=23.02,h=36.06,p=1011.92",64,5,True,True
2348,"t=23.02,h=36.06,p=1011.92",61,5,True,True
2349,"t=23.02,h=36.06,p=1011.92",62,7,True,True
2350,"t=23.01,h=36.05,p=1011.91",61,4,True,True
2351,"t=23.01,h=36.05,p=1011.91",63,38,True,True
2352,"t=23.01,h=36.05,p=1011.91",62,5,True,True
2353,"t=23.01,h=36.05,p=1011.91",63,4,True,True
2354,"t=23.01,h=36.05,p=1011.91",61,5,True,True
2355,"t=23.01,h=36.05,p=1011.91",63,5,True,True
2356,"t=23.01,h=36.05,p=1011.91",75,4,True,True
2357,"t=23.01,h=36.05,p=1011.91",62,4,True,True
2358,"t=23.01,h=36.05,p=1011.91",61,5,True,True
2359,"t=23.02,h=36.04,p=1011.89",62,5,True,True
2360,"t=23.02,h=36.04,p=1011.89",80,18,True,True
2361,"t=23.02,h=36.04,p=1011.89",63,2,True,True
2362,"t=23.02,h=36.04,p=1011.89",61,2,True,True
2363,"t=23.02,h=36.04,p=1011.89",62,2,True,True
2364,"t=23.02,h=36.04,p=1011.89",61,2,True,True
2365,"t=23.02,h=36.04,p=1011.89",62,2,True,True
2366,"t=23.02,h=36.04,p=1011.89",61,2,True,True
2367,"t=23.02,h=36.04,p=1011.89",62,2,True,True
2368,"t=23.02,h=36.04,p=1011.89",61,2,True,True
2369,"t=23.01,h=36.04,p=1011.90",62,2,True,True
2370,"t=23.01,h=36.04,p=1011.90",71,2,True,True
2371,"t=23.01,h=36.04,p=1011.90",62,40,True,True
2372,"t=23.01,h=36.04,p=1011.90",62,8,True,True
2373,"t=23.01,h=36.04,p=1011.90",62,7,True,True
2374,"t=23.01,h=36.04,p=1011.90",61,8,True,True
2375,"t=23.01,h=36.04,p=1011.90",62,6,True,True
2376,"t=23.01,h=36.04,p=1011.90",62,2,True,True
2377,"t=23.01,h=36.04,p=1011.90",62,2,True,True
2378,"t=23.01,h=36.04,p=1011.90",61,2,True,True
2379,"t=23.02,h=36.09,p=1011.94",62,2,True,True
2380,"t=23.02,h=36.09,p=1011.94",61,2,True,True
2381,"t=23.02,h=36.09,p=1011.94",62,38,True,True
2382,"t=23.02,h=36.09,p=1011.94",62,7,True,True
2383,"t=23.02,h=36.09,p=1011.94",62,7,True,True
2384,"t=23.02,h=36.09,p=1011.94",61,8,True,True
2385,"t=23.02,h=36.09,p=1011.94",63,6,True,True
2386,"t=23.02,h=36.09,p=1011.94",61,6,True,True
2387,"t=23.02,h=36.09,p=1011.94",62,6,True,True
2388,"t=23.02,h=36.09,p=1011.94",61,4,True,True
2389,"t=23.02,h=36.01,p=1011.90",62,2,True,True
2390,"t=23.02,h=36.01,p=1011.90",61,2,True,True
2391,"t=23.02,h=36.01,p=1011.90",62,2,True,True
2392,"t=23.02,h=36.01,p=1011.90",83,92,True,True
2393,"t=23.02,h=36.01,p=1011.90",64,7,True,True
2394,"t=23.02,h=36.01,p=1011.90",61,9,True,True
2395,"t=23.02,h=36.01,p=1011.90",62,7,True,True
2396,"t=23.02,h=36.01,p=1011.90",61,6,True,True
2397,"t=23.02,h=36.01,p=1011.90",62,28,True,True
2398,"t=23.03,h=36.05,p=1011.90",61,7,True,True
2399,"t=23.03,h=36.05,p=1011.90",61,7,True,True
2400,"t=23.03,h=36.05,p=1011.90",60,7,True,True
2401,"t=23.03,h=36.05,p=1011.90",62,10,True,True
2402,"t=23.03,h=36.05,p=1011.90",81,27,True,True
2403,"t=23.03,h=36.05,p=1011.90",62,6,True,True
2404,"t=23.03,h=36.05,p=1011.90",60,5,True,True
2405,"t=23.03,h=36.05,p=1011.90",61,5,True,True
2406,"t=23.03,h=36.05,p=1011.90",60,4,True,True
2407,"t=23.03,h=36.05,p=1011.90",61,5,True,True
2408,"t=23.03,h=36.06,p=1011.91",60,4,True,True
2409,"t=23.03,h=36.06,p=1011.91",61,4,True,True
2410,"t=23.03,h=36.06,p=1011.91",60,5,True,True
2411,"t=23.03,h=36.06,p=1011.91",61,4,True,True
2412,"t=23.03,h=36.06,p=1011.91",60,23,True,True
2413,"t=23.03,h=36.06,p=1011.91",63,5,True,True
2414,"t=23.03,h=36.06,p=1011.91",60,5,True,True
2415,"t=23.03,h=36.06,p=1011.91",61,4,True,True
2416,"t=23.03,h=36.06,p=1011.91",60,5,True,True
2417,"t=23.03,h=36.06,p=1011.91",61,5,True,True
2418,"t=23.02,h=36.01,p=1011.93",61,4,True,True
2419,"t=23.02,h=36.01,p=1011.93",62,4,True,True
2420,"t=23.02,h=36.01,p=1011.93",61,4,True,True
2421,"t=23.02,h=36.01,p=1011.93",62,4,True,True
2422,"t=23.02,h=36.01,p=1011.93",83,34,True,True
2423,"t=23.02,h=36.01,p=1011.93",63,5,True,True
2424,"t=23.02,h=36.01,p=1011.93",61,2,True,True
2425,"t=23.02,h=36.01,p=1011.93",62,2,True,True
2426,"t=23.02,h=36.01,p=1011.93",61,2,True,True
2427,"t=23.03,h=36.04,p=1011.93",61,2,True,True
2428,"t=23.03,h=36.04,p=1011.93",60,2,True,True
2429,"t=23.03,h=36.04,p=1011.93",61,2,True,True
2430,"t=23.03,h=36.04,p=1011.93",60,2,True,True
2431,"t=23.03,h=36.04,p=1011.93",61,2,True,True
2432,"t=23.03,h=36.04,p=1011.93",60,34,True,True
2433,"t=23.03,h=36.04,p=1011.93",62,5,True,True
2434,"t=23.03,h=36.04,p=1011.93",59,4,True,True
2435,"t=23.03,h=36.04,p=1011.93",61,4,True,True
2436,"t=23.03,h=36.04,p=1011.93",60,5,True,True
2437,"t=23.02,h=36.06,p=1011.94",61,46,True,True
2438,"t=23.02,h=36.06,p=1011.94",61,5,True,True
2439,"t=23.02,h=36.06,p=1011.94",61,5,True,True
2440,"t=23.02,h=36.06,p=1011.94",81,5,True,True
2441,"t=23.02,h=36.06,p=1011.94",61,5,True,True
2442,"t=23.02,h=36.06,p=1011.94",60,35,True,True
2443,"t=23.02,h=36.06,p=1011.94",62,2,True,True
2444,"t=23.02,h=36.06,p=1011.94",60,2,True,True
2445,"t=23.02,h=36.06,p=1011.94",61,3,True,True
2446,"t=23.02,h=36.06,p=1011.94",60,2,True,True
2447,"t=23.02,h=36.04,p=1011.90",62,2,True,True
2448,"t=23.02,h=36.04,p=1011.90",61,40,True,True
2449,"t=23.02,h=36.04,p=1011.90",63,7,True,True
2450,"t=23.02,h=36.04,p=1011.90",61,7,True,True
2451,"t=23.02,h=36.04,p=1011.90",69,5,True,True
2452,"t=23.02,h=36.04,p=1011.90",61,2,True,True
2453,"t=23.02,h=36.04,p=1011.90",62,15,True,True
2454,"t=23.02,h=36.04,p=1011.90",62,14,True,True
2455,"t=23.02,h=36.04,p=1011.90",62,2,True,True
2456,"t=23.02,h=36.03,p=1011.92",61,2,True,True
2457,"t=23.02,h=36.03,p=1011.92",62,2,True,True
2458,"t=23.02,h=36.03,p=1011.92",61,2,True,True
2459,"t=23.02,h=36.03,p=1011.92",62,2,True,True
2460,"t=23.02,h=36.03,p=1011.92",61,2,True,True
2461,"t=23.02,h=36.03,p=1011.92",63,2,True,True
2462,"t=23.02,h=36.03,p=1011.92",61,3,True,True
2463,"t=23.02,h=36.03,p=1011.92",63,15,True,True
2464,"t=23.02,h=36.03,p=1011.92",63,2,True,True
2465,"t=23.02,h=36.03,p=1011.92",63,2,True,True
2466,"t=23.02,h=36.04,p=1011.92",60,2,True,True
2467,"t=23.02,h=36.04,p=1011.92",61,2,True,True
2468,"t=23.02,h=36.04,p=1011.92",80,16,True,True
2469,"t=23.02,h=36.04,p=1011.92",62,2,True,True
2470,"t=23.02,h=36.04,p=1011.92",60,2,True,True
2471,"t=23.02,h=36.04,p=1011.92",61,2,True,True
2472,"t=23.02,h=36.04,p=1011.92",60,2,True,True
2473,"t=23.02,h=36.04,p=1011.92",61,2,True,True
2474,"t=23.02,h=36.04,p=1011.92",60,17,True,True
2475,"t=23.02,h=36.04,p=1011.92",62,2,True,True
2476,"t=23.02,h=36.06,p=1011.90",60,2,True,True
2477,"t=23.02,h=36.06,p=1011.90",61,2,True,True
2478,"t=23.02,h=36.06,p=1011.90",60,2,True,True
2479,"t=23.02,h=36.06,p=1011.90",61,2,True,True
2480,"t=23.02,h=36.06,p=1011.90",59,2,True,True
2481,"t=23.02,h=36.06,p=1011.90",83,2,True,True
2482,"t=23.02,h=36.06,p=1011.90",60,2,True,True
2483,"t=23.02,h=36.06,p=1011.90",80,15,True,True
2484,"t=23.02,h=36.06,p=1011.90",61,2,True,True
2485,"t=23.02,h=36.06,p=1011.90",61,2,True,True
2486,"t=23.03,h=36.02,p=1011.90",61,2,True,True
2487,"t=23.03,h=36.02,p=1011.90",62,3,True,True
2488,"t=23.03,h=36.02,p=1011.90",62,2,True,True
2489,"t=23.03,h=36.02,p=1011.90",63,2,True,True
2490,"t=23.03,h=36.02,p=1011.90",61,2,True,True
2491,"t=23.03,h=36.02,p=1011.90",62,2,True,True
2492,"t=23.03,h=36.02,p=1011.90",61,2,True,True
2493,"t=23.03,h=36.02,p=1011.90",63,2,True,True
2494,"t=23.03,h=36.02,p=1011.90",61,2,True,True
2495,"t=23.03,h=36.02,p=1011.92",62,15,True,True
2496,"t=23.03,h=36.02,p=1011.92",63,2,True,True
2497,"t=23.03,h=36.02,p=1011.92",63,3,True,True
2498,"t=23.03,h=36.02,p=1011.92",61,2,True,True
2499,"t=23.03,h=36.02,p=1011.92",62,2,True,True
2500,"t=23.03,h=36.02,p=1011.92",61,2,True,True
2501,"t=23.03,h=36.02,p=1011.92",64,12,True,True
2502,"t=23.03,h=36.02,p=1011.92",61,5,True,True
2503,"t=23.03,h=36.02,p=1011.92",62,4,True,True
2504,"t=23.03,h=36.02,p=1011.92",61,4,True,True
2505,"t=23.03,h=36.04,p=1011.92",61,4,True,True
2506,"t=23.03,h=36.04,p=1011.92",60,10,True,True
2507,"t=23.03,h=36.04,p=1011.92",61,19,True,True
2508,"t=23.03,h=36.04,p=1011.92",71,3,True,True
2509,"t=23.03,h=36.04,p=1011.92",61,2,True,True
2510,"t=23.03,h=36.04,p=1011.92",60,2,True,True
2511,"t=23.03,h=36.04,p=1011.92",61,2,True,True
2512,"t=23.03,h=36.04,p=1011.92",60,2,True,True
2513,"t=23.03,h=36.04,p=1011.92",61,2,True,True
2514,"t=23.03,h=36.04,p=1011.92",60,27,True,True
2515,"t=23.02,h=36.04,p=1011.95",63,5,True,True
2516,"t=23.02,h=36.04,p=1011.95",61,6,True,True
2517,"t=23.02,h=36.04,p=1011.95",62,6,True,True
2518,"t=23.02,h=36.04,p=1011.95",61,5,True,True
2519,"t=23.02,h=36.04,p=1011.95",63,4,True,True
2520,"t=23.02,h=36.04,p=1011.95",61,13,True,True
2521,"t=23.02,h=36.04,p=1011.95",62,5,True,True
2522,"t=23.02,h=36.04,p=1011.95",84,5,True,True
2523,"t=23.02,h=36.04,p=1011.95",62,4,True,True
2524,"t=23.03,h=36.01,p=1011.94",62,18,True,True
2525,"t=23.03,h=36.01,p=1011.94",63,2,True,True
2526,"t=23.03,h=36.01,p=1011.94",61,2,True,True
2527,"t=23.03,h=36.01,p=1011.94",62,2,True,True
2528,"t=23.03,h=36.01,p=1011.94",61,2,True,True
2529,"t=23.03,h=36.01,p=1011.94",81,2,True,True
2530,"t=23.03,h=36.01,p=1011.94",61,2,True,True
2531,"t=23.03,h=36.01,p=1011.94",62,2,True,True
2532,"t=23.03,h=36.01,p=1011.94",61,2,True,True
2533,"t=23.03,h=36.01,p=1011.94",62,2,True,True
2534,"t=23.03,h=36.02,p=1011.93",61,2,True,True
2535,"t=23.03,h=36.02,p=1011.93",62,15,True,True
2536,"t=23.03,h=36.02,p=1011.93",62,2,True,True
2537,"t=23.03,h=36.02,p=1011.93",62,3,True,True
2538,"t=23.03,h=36.02,p=1011.93",61,2,True,True
2539,"t=23.03,h=36.02,p=1011.93",62,2,True,True
2540,"t=23.03,h=36.02,p=1011.93",61,2,True,True
2541,"t=23.03,h=36.02,p=1011.93",62,2,True,True
2542,"t=23.03,h=36.02,p=1011.93",61,2,True,True
2543,"t=23.03,h=36.02,p=1011.93",62,2,True,True
2544,"t=23.01,h=36.05,p=1011.90",61,2,True,True
2545,"t=23.01,h=36.05,p=1011.90",62,44,True,True
2546,"t=23.01,h=36.05,p=1011.90",63,7,True,True
2547,"t=23.01,h=36.05,p=1011.90",62,9,True,True
2548,"t=23.01,h=36.05,p=1011.90",61,7,True,True
2549,"t=23.01,h=36.05,p=1011.90",62,6,True,True
2550,"t=23.01,h=36.05,p=1011.90",61,6,True,True
2551,"t=23.01,h=36.05,p=1011.90",62,17,True,True
2552,"t=23.01,h=36.05,p=1011.90",61,8,True,True
2553,"t=23.01,h=36.05,p=1011.90",62,8,True,True
2554,"t=23.02,h=36.00,p=1011.91",60,7,True,True
2555,"t=23.02,h=36.00,p=1011.91",61,18,True,True
2556,"t=23.02,h=36.00,p=1011.91",61,2,True,True
2557,"t=23.02,h=36.00,p=1011.91",61,9,True,True
2558,"t=23.02,h=36.00,p=1011.91",60,2,True,True
2559,"t=23.02,h=36.00,p=1011.91",61,2,True,True
2560,"t=23.02,h=36.00,p=1011.91",60,3,True,True
2561,"t=23.02,h=36.00,p=1011.91",61,2,True,True
2562,"t=23.02,h=36.00,p=1011.91",60,2,True,True
2563,"t=23.01,h=36.02,p=1011.89",62,2,True,True
2564,"t=23.01,h=36.02,p=1011.89",61,2,True,True
2565,"t=23.01,h=36.02,p=1011.89",80,37,True,True
2566,"t=23.01,h=36.02,p=1011.89",63,7,True,True
2567,"t=23.01,h=36.02,p=1011.89",62,6,True,True
2568,"t=23.01,h=36.02,p=1011.89",61,5,True,True
2569,"t=23.01,h=36.02,p=1011.89",63,4,True,True
2570,"t=23.01,h=36.02,p=1011.89",62,4,True,True
2571,"t=23.01,h=36.02,p=1011.89",62,4,True,True
2572,"t=23.01,h=36.02,p=1011.89",61,5,True,True
2573,"t=23.02,h=36.03,p=1011.91",63,4,True,True
2574,"t=23.02,h=36.03,p=1011.91",61,4,True,True
2575,"t=23.02,h=36.03,p=1011.91",84,15,True,True
2576,"t=23.02,h=36.03,p=1011.91",63,6,True,True
2577,"t=23.02,h=36.03,p=1011.91",63,6,True,True
2578,"t=23.02,h=36.03,p=1011.91",61,5,True,True
2579,"t=23.02,h=36.03,p=1011.91",63,4,True,True
2580,"t=23.02,h=36.03,p=1011.91",61,5,True,True
2581,"t=23.02,h=36.03,p=1011.91",62,4,True,True
2582,"t=23.02,h=36.03,p=1011.91",61,5,True,True
2583,"t=23.02,h=35.99,p=1011.94",61,4,True,True
2584,"t=23.02,h=35.99,p=1011.94",59,4,True,True
2585,"t=23.02,h=35.99,p=1011.94",61,4,True,True
2586,"t=23.02,h=35.99,p=1011.94",60,15,True,True
2587,"t=23.02,h=35.99,p=1011.94",63,3,True,True
2588,"t=23.02,h=35.99,p=1011.94",60,2,True,True
2589,"t=23.02,h=35.99,p=1011.94",61,2,True,True
2590,"t=23.02,h=35.99,p=1011.94",60,2,True,True
2591,"t=23.02,h=35.99,p=1011.94",61,2,True,True
2592,"t=23.02,h=36.02,p=1011.92",61,2,True,True
2593,"t=23.02,h=36.02,p=1011.92",89,2,True,True
2594,"t=23.02,h=36.02,p=1011.92",61,2,True,True
2595,"t=23.02,h=36.02,p=1011.92",62,2,True,True
2596,"t=23.02,h=36.02,p=1011.92",61,24,True,True
2597,"t=23.02,h=36.02,p=1011.92",63,4,True,True
2598,"t=23.02,h=36.02,p=1011.92",61,2,True,True
2599,"t=23.02,h=36.02,p=1011.92",62,2,True,True
2600,"t=23.02,h=36.02,p=1011.92",61,2,True,True
2601,"t=23.02,h=36.02,p=1011.92",64,15,True,True
2602,"t=23.03,h=36.05,p=1011.92",61,3,True,True
2603,"t=23.03,h=36.05,p=1011.92",61,2,True,True
2604,"t=23.03,h=36.05,p=1011.92",60,2,True,True
2605,"t=23.03,h=36.05,p=1011.92",61,2,True,True
2606,"t=23.03,h=36.05,p=1011.92",71,2,True,True
2607,"t=23.03,h=36.05,p=1011.92",79,48,True,True
2608,"t=23.03,h=36.05,p=1011.92",62,29,True,True
2609,"t=23.03,h=36.05,p=1011.92",61,3,True,True
2610,"t=23.03,h=36.05,p=1011.92",60,2,True,True
2611,"t=23.03,h=36.05,p=1011.92",61,2,True,True
2612,"t=23.03,h=36.02,p=1011.92",72,51,True,True
2613,"t=23.03,h=36.02,p=1011.92",63,9,True,True
2614,"t=23.03,h=36.02,p=1011.92",61,7,True,True
2615,"t=23.03,h=36.02,p=1011.92",63,6,True,True
2616,"t=23.03,h=36.02,p=1011.92",61,7,True,True
2617,"t=23.03,h=36.02,p=1011.92",62,7,True,True
2618,"t=23.03,h=36.02,p=1011.92",61,16,True,True
2619,"t=23.03,h=36.02,p=1011.92",63,2,True,True
2620,"t=23.03,h=36.02,p=1011.92",61,2,True,True
2621,"t=23.03,h=36.02,p=1011.92",62,2,True,True
2622,"t=23.03,h=36.02,p=1011.92",61,4,True,True
2623,"t=23.03,h=36.02,p=1011.92",62,2,True,True
2624,"t=23.03,h=36.02,p=1011.92",61,2,True,True
2625,"t=23.03,h=36.02,p=1011.92",62,2,True,True
2626,"t=23.03,h=36.02,p=1011.92",61,2,True,True
2627,"t=23.03,h=36.02,p=1011.92",62,70,True,True
2628,"t=23.03,h=36.02,p=1011.92",62,5,True,True
2629,"t=23.03,h=36.02,p=1011.92",62,2,True,True
2630,"t=23.03,h=36.02,p=1011.92",61,2,True,True
2631,"t=23.02,h=35.97,p=1011.92",61,2,True,True
2632,"t=23.02,h=35.97,p=1011.92",60,16,True,True
2633,"t=23.02,h=35.97,p=1011.92",62,2,True,True
2634,"t=23.02,h=35.97,p=1011.92",60,2,True,True
2635,"t=23.02,h=35.97,p=1011.92",61,2,True,True
2636,"t=23.02,h=35.97,p=1011.92",59,2,True,True
2637,"t=23.02,h=35.97,p=1011.92",61,2,True,True
2638,"t=23.02,h=35.97,p=1011.92",60,2,True,True
2639,"t=23.02,h=35.97,p=1011.92",61,3,True,True
2640,"t=23.02,h=35.97,p=1011.92",60,2,True,True
2641,"t=23.03,h=36.02,p=1011.93",62,2,True,True
2642,"t=23.03,h=36.02,p=1011.93",61,2,True,True
2643,"t=23.03,h=36.02,p=1011.93",62,2,True,True
2644,"t=23.03,h=36.02,p=1011.93",61,16,True,True
2645,"t=23.03,h=36.02,p=1011.93",71,2,True,True
2646,"t=23.03,h=36.02,p=1011.93",62,2,True,True
2647,"t=23.03,h=36.02,p=1011.93",61,2,True,True
2648,"t=23.03,h=36.02,p=1011.93",62,11,True,True
2649,"t=23.03,h=36.02,p=1011.93",61,3,True,True
2650,"t=23.03,h=36.02,p=1011.93",62,2,True,True
2651,"t=23.03,h=36.04,p=1011.91",60,5,True,True
2652,"t=23.03,h=36.04,p=1011.91",61,2,True,True
2653,"t=23.03,h=36.04,p=1011.91",60,2,True,True
2654,"t=23.03,h=36.04,p=1011.91",61,2,True,True
2655,"t=23.03,h=36.04,p=1011.91",60,3,True,True
2656,"t=23.03,h=36.04,p=1011.91",62,24,True,True
2657,"t=23.03,h=36.04,p=1011.91",70,17,True,True
2658,"t=23.03,h=36.04,p=1011.91",63,2,True,True
2659,"t=23.03,h=36.04,p=1011.91",60,2,True,True
2660,"t=23.03,h=36.03,p=1011.94",61,2,True,True
2661,"t=23.03,h=36.03,p=1011.94",60,2,True,True
2662,"t=23.03,h=36.03,p=1011.94",61,2,True,True
2663,"t=23.03,h=36.03,p=1011.94",60,2,True,True
2664,"t=23.03,h=36.03,p=1011.94",61,2,True,True
2665,"t=23.03,h=36.03,p=1011.94",60,2,True,True
2666,"t=23.03,h=36.03,p=1011.94",61,2,True,True
2667,"t=23.03,h=36.03,p=1011.94",60,2,True,True
2668,"t=23.03,h=36.03,p=1011.94",61,2,True,True
2669,"t=23.03,h=36.03,p=1011.94",60,16,True,True
2670,"t=23.03,h=36.02,p=1011.95",69,3,True,True
2671,"t=23.03,h=36.02,p=1011.95",62,2,True,True
2672,"t=23.03,h=36.02,p=1011.95",61,3,True,True
2673,"t=23.03,h=36.02,p=1011.95",62,2,True,True
2674,"t=23.03,h=36.02,p=1011.95",61,2,True,True
2675,"t=23.03,h=36.02,p=1011.95",62,2,True,True
2676,"t=23.03,h=36.02,p=1011.95",61,2,True,True
2677,"t=23.03,h=36.02,p=1011.95",62,2,True,True
2678,"t=23.03,h=36.02,p=1011.95",61,2,True,True
2679,"t=23.03,h=36.02,p=1011.95",67,2,True,True
2680,"t=23.03,h=35.96,p=1011.94",61,2,True,True
2681,"t=23.03,h=35.96,p=1011.94",63,27,True,True
2682,"t=23.03,h=35.96,p=1011.94",71,4,True,True
2683,"t=23.03,h=35.96,p=1011.94",62,2,True,True
2684,"t=23.03,h=35.96,p=1011.94",62,2,True,True
2685,"t=23.03,h=35.96,p=1011.94",62,2,True,True
2686,"t=23.03,h=35.96,p=1011.94",61,2,True,True
2687,"t=23.03,h=35.96,p=1011.94",62,2,True,True
2688,"t=23.03,h=35.96,p=1011.94",61,2,True,True
2689,"t=23.02,h=36.01,p=1011.92",63,2,True,True
2690,"t=23.02,h=36.01,p=1011.92",61,2,True,True
2691,"t=23.02,h=36.01,p=1011.92",63,3,True,True
2692,"t=23.02,h=36.01,p=1011.92",61,3,True,True
2693,"t=23.02,h=36.01,p=1011.92",63,16,True,True
2694,"t=23.02,h=36.01,p=1011.92",69,2,True,True
2695,"t=23.02,h=36.01,p=1011.92",62,4,True,True
2696,"t=23.02,h=36.01,p=1011.92",66,2,True,True
2697,"t=23.02,h=36.01,p=1011.92",62,2,True,True
2698,"t=23.02,h=36.01,p=1011.92",61,2,True,True
2699,"t=23.03,h=36.02,p=1011.93",63,2,True,True
2700,"t=23.03,h=36.02,p=1011.93",61,2,True,True
2701,"t=23.03,h=36.02,p=1011.93",63,17,True,True
2702,"t=23.03,h=36.02,p=1011.93",61,3,True,True
2703,"t=23.03,h=36.02,p=1011.93",62,2,True,True
2704,"t=23.03,h=36.02,p=1011.93",61,3,True,True
2705,"t=23.03,h=36.02,p=1011.93",62,2,True,True
2706,"t=23.03,h=36.02,p=1011.93",61,35,True,True
2707,"t=23.03,h=36.02,p=1011.93",72,8,True,True
2708,"t=23.03,h=36.02,p=1011.94",63,7,True,True
2709,"t=23.03,h=36.02,p=1011.94",61,6,True,True
2710,"t=23.03,h=36.02,p=1011.94",62,18,True,True
2711,"t=23.03,h=36.02,p=1011.94",61,8,True,True
2712,"t=23.03,h=36.02,p=1011.94",62,2,True,True
2713,"t=23.03,h=36.02,p=1011.94",76,2,True,True
2714,"t=23.03,h=36.02,p=1011.94",62,2,True,True
2715,"t=23.03,h=36.02,p=1011.94",62,2,True,True
2716,"t=23.03,h=36.02,p=1011.94",62,2,True,True
2717,"t=23.03,h=36.02,p=1011.94",61,2,True,True
2718,"t=23.03,h=36.01,p=1011.94",86,40,True,True
2719,"t=23.03,h=36.01,p=1011.94",62,7,True,True
2720,"t=23.03,h=36.01,p=1011.94",62,7,True,True
2721,"t=23.03,h=36.01,p=1011.94",61,9,True,True
2722,"t=23.03,h=36.01,p=1011.94",63,7,True,True
2723,"t=23.03,h=36.01,p=1011.94",61,6,True,True
2724,"t=23.03,h=36.01,p=1011.94",62,6,True,True
2725,"t=23.03,h=36.01,p=1011.94",61,4,True,True
2726,"t=23.03,h=36.01,p=1011.94",62,2,True,True
2727,"t=23.03,h=36.01,p=1011.94",61,2,True,True
2728,"t=23.01,h=36.02,p=1011.90",86,2,True,True
2729,"t=23.01,h=36.02,p=1011.90",61,21,True,True
2730,"t=23.01,h=36.02,p=1011.90",64,6,True,True
2731,"t=23.01,h=36.02,p=1011.90",61,6,True,True
2732,"t=23.01,h=36.02,p=1011.90",62,5,True,True
2733,"t=23.01,h=36.02,p=1011.90",61,4,True,True
2734,"t=23.01,h=36.02,p=1011.90",62,4,True,True
2735,"t=23.01,h=36.02,p=1011.90",61,4,True,True
2736,"t=23.01,h=36.02,p=1011.90",68,5,True,True
2737,"t=23.01,h=36.02,p=1011.90",61,4,True,True
2738,"t=23.01,h=36.02,p=1011.91",63,4,True,True
2739,"t=23.01,h=36.02,p=1011.91",61,25,True,True
2740,"t=23.01,h=36.02,p=1011.91",63,2,True,True
2741,"t=23.01,h=36.02,p=1011.91",61,3,True,True
2742,"t=23.01,h=36.02,p=1011.91",62,2,True,True
2743,"t=23.01,h=36.02,p=1011.91",61,2,True,True
2744,"t=23.01,h=36.02,p=1011.91",62,2,True,True
2745,"t=23.01,h=36.02,p=1011.91",61,2,True,True
2746,"t=23.01,h=36.02,p=1011.91",63,2,True,True
2747,"t=23.03,h=36.02,p=1011.92",61,2,True,True
2748,"t=23.03,h=36.02,p=1011.92",62,2,True,True
2749,"t=23.03,h=36.02,p=1011.92",61,27,True,True
2750,"t=23.03,h=36.02,p=1011.92",63,7,True,True
2751,"t=23.03,h=36.02,p=1011.92",61,13,True,True
2752,"t=23.03,h=36.02,p=1011.92",63,5,True,True
2753,"t=23.03,h=36.02,p=1011.92",61,4,True,True
2754,"t=23.03,h=36.02,p=1011.92",62,4,True,True
2755,"t=23.03,h=36.02,p=1011.92",61,4,True,True
2756,"t=23.03,h=36.02,p=1011.92",63,5,True,True
2757,"t=23.02,h=35.99,p=1011.91",60,12,True,True
2758,"t=23.02,h=35.99,p=1011.91",61,5,True,True
2759,"t=23.02,h=35.99,p=1011.91",82,40,True,True
2760,"t=23.02,h=35.99,p=1011.91",63,7,True,True
2761,"t=23.02,h=35.99,p=1011.91",60,24,True,True
2762,"t=23.02,h=35.99,p=1011.91",61,2,True,True
2763,"t=23.02,h=35.99,p=1011.91",60,2,True,True
2764,"t=23.02,h=35.99,p=1011.91",61,2,True,True
2765,"t=23.02,h=35.99,p=1011.91",60,2,True,True
2766,"t=23.02,h=35.99,p=1011.91",61,2,True,True
2767,"t=23.02,h=36.01,p=1011.93",61,2,True,True
2768,"t=23.02,h=36.01,p=1011.93",62,2,True,True
2769,"t=23.02,h=36.01,p=1011.93",61,2,True,True
2770,"t=23.02,h=36.01,p=1011.93",62,41,True,True
2771,"t=23.02,h=36.01,p=1011.93",62,11,True,True
2772,"t=23.02,h=36.01,p=1011.93",62,7,True,True
2773,"t=23.02,h=36.01,p=1011.93",61,6,True,True
2774,"t=23.02,h=36.01,p=1011.93",62,2,True,True
2775,"t=23.02,h=36.01,p=1011.93",61,2,True,True
2776,"t=23.03,h=36.05,p=1011.92",62,4,True,True
2777,"t=23.03,h=36.05,p=1011.92",61,2,True,True
2778,"t=23.03,h=36.05,p=1011.92",63,2,True,True
2779,"t=23.03,h=36.05,p=1011.92",61,2,True,True
2780,"t=23.03,h=36.05,p=1011.92",63,28,True,True
2781,"t=23.03,h=36.05,p=1011.92",62,4,True,True
2782,"t=23.03,h=36.05,p=1011.92",62,2,True,True
2783,"t=23.03,h=36.05,p=1011.92",61,2,True,True
2784,"t=23.03,h=36.05,p=1011.92",62,2,True,True
2785,"t=23.03,h=36.05,p=1011.92",61,2,True,True
2786,"t=23.02,h=36.02,p=1011.91",63,2,True,True
2787,"t=23.02,h=36.02,p=1011.91",61,2,True,True
2788,"t=23.02,h=36.02,p=1011.91",62,2,True,True
2789,"t=23.02,h=36.02,p=1011.91",61,2,True,True
2790,"t=23.02,h=36.02,p=1011.91",63,41,True,True
2791,"t=23.02,h=36.02,p=1011.91",62,11,True,True
2792,"t=23.02,h=36.02,p=1011.91",62,7,True,True
2793,"t=23.02,h=36.02,p=1011.91",61,7,True,True
2794,"t=23.02,h=36.02,p=1011.91",63,6,True,True
2795,"t=23.02,h=36.02,p=1011.91",61,6,True,True
2796,"t=23.02,h=36.04,p=1011.89",63,3,True,True
2797,"t=23.02,h=36.04,p=1011.89",61,2,True,True
2798,"t=23.02,h=36.04,p=1011.89",76,2,True,True
2799,"t=23.02,h=36.04,p=1011.89",61,2,True,True
2800,"t=23.02,h=36.04,p=1011.89",82,15,True,True
2801,"t=23.02,h=36.04,p=1011.89",63,13,True,True
2802,"t=23.02,h=36.04,p=1011.89",62,5,True,True
2803,"t=23.02,h=36.04,p=1011.89",61,6,True,True
2804,"t=23.02,h=36.04,p=1011.89",63,5,True,True
2805,"t=23.02,h=36.04,p=1011.89",61,4,True,True
2806,"t=23.02,h=36.01,p=1011.88",63,6,True,True
2807,"t=23.02,h=36.01,p=1011.88",61,4,True,True
2808,"t=23.02,h=36.01,p=1011.88",62,4,True,True
2809,"t=23.02,h=36.01,p=1011.88",61,5,True,True
2810,"t=23.02,h=36.01,p=1011.88",62,5,True,True
2811,"t=23.02,h=36.01,p=1011.88",61,52,True,True
2812,"t=23.02,h=36.01,p=1011.88",63,18,True,True
2813,"t=23.02,h=36.01,p=1011.88",61,2,True,True
2814,"t=23.02,h=36.01,p=1011.88",62,2,True,True
2815,"t=23.03,h=36.03,p=1011.92",60,2,True,True
2816,"t=23.03,h=36.03,p=1011.92",61,2,True,True
2817,"t=23.03,h=36.03,p=1011.92",60,2,True,True
2818,"t=23.03,h=36.03,p=1011.92",61,2,True,True
2819,"t=23.03,h=36.03,p=1011.92",60,2,True,True
2820,"t=23.03,h=36.03,p=1011.92",61,2,True,True
2821,"t=23.03,h=36.03,p=1011.92",60,46,True,True
2822,"t=23.03,h=36.03,p=1011.92",62,6,True,True
2823,"t=23.03,h=36.03,p=1011.92",60,5,True,True
2824,"t=23.03,h=36.03,p=1011.92",61,5,True,True
2825,"t=23.03,h=36.02,p=1011.91",61,5,True,True
2826,"t=23.03,h=36.02,p=1011.91",62,5,True,True
2827,"t=23.03,h=36.02,p=1011.91",61,4,True,True
2828,"t=23.03,h=36.02,p=1011.91",63,4,True,True
2829,"t=23.03,h=36.02,p=1011.91",61,4,True,True
2830,"t=23.03,h=36.02,p=1011.91",62,5,True,True
2831,"t=23.03,h=36.02,p=1011.91",61,40,True,True
2832,"t=23.03,h=36.02,p=1011.91",63,12,True,True
2833,"t=23.03,h=36.02,p=1011.91",61,11,True,True
2834,"t=23.03,h=36.02,p=1011.91",62,12,True,True
2835,"t=23.03,h=36.01,p=1011.89",61,7,True,True
2836,"t=23.03,h=36.01,p=1011.89",63,9,True,True
2837,"t=23.03,h=36.01,p=1011.89",61,8,True,True
2838,"t=23.03,h=36.01,p=1011.89",62,10,True,True
2839,"t=23.03,h=36.01,p=1011.89",84,5,True,True
2840,"t=23.03,h=36.01,p=1011.89",63,5,True,True
2841,"t=23.03,h=36.01,p=1011.89",78,42,True,True
2842,"t=23.03,h=36.01,p=1011.89",63,7,True,True
2843,"t=23.03,h=36.01,p=1011.89",61,7,True,True
2844,"t=23.03,h=36.03,p=1011.92",62,2,True,True
2845,"t=23.03,h=36.03,p=1011.92",61,2,True,True
2846,"t=23.03,h=36.03,p=1011.92",62,22,True,True
2847,"t=23.03,h=36.03,p=1011.92",63,5,True,True
2848,"t=23.03,h=36.03,p=1011.92",62,5,True,True
2849,"t=23.03,h=36.03,p=1011.92",61,4,True,True
2850,"t=23.03,h=36.03,p=1011.92",62,5,True,True
2851,"t=23.03,h=36.03,p=1011.92",68,18,True,True
2852,"t=23.03,h=36.03,p=1011.92",62,5,True,True
2853,"t=23.03,h=36.03,p=1011.92",61,5,True,True
2854,"t=23.03,h=36.03,p=1011.92",62,4,True,True
2855,"t=23.03,h=36.03,p=1011.92",61,4,True,True
2856,"t=23.03,h=36.03,p=1011.92",62,5,True,True
2857,"t=23.03,h=36.03,p=1011.92",61,4,True,True
2858,"t=23.03,h=36.03,p=1011.92",62,15,True,True
2859,"t=23.03,h=36.03,p=1011.92",71,2,True,True
2860,"t=23.03,h=36.03,p=1011.92",63,2,True,True
2861,"t=23.03,h=36.03,p=1011.92",61,2,True,True
2862,"t=23.03,h=36.03,p=1011.92",62,2,True,True
2863,"t=23.03,h=36.03,p=1011.92",61,2,True,True
2864,"t=23.03,h=36.04,p=1011.89",62,42,True,True
2865,"t=23.03,h=36.04,p=1011.89",62,6,True,True
2866,"t=23.03,h=36.04,p=1011.89",63,6,True,True
2867,"t=23.03,h=36.04,p=1011.89",61,4,True,True
2868,"t=23.03,h=36.04,p=1011.89",62,4,True,True
2869,"t=23.03,h=36.04,p=1011.89",61,4,True,True
2870,"t=23.03,h=36.04,p=1011.89",63,5,True,True
2871,"t=23.03,h=36.04,p=1011.89",61,5,True,True
2872,"t=23.03,h=36.04,p=1011.89",62,29,True,True
2873,"t=23.02,h=36.06,p=1011.90",62,7,True,True
2874,"t=23.02,h=36.06,p=1011.90",62,7,True,True
2875,"t=23.02,h=36.06,p=1011.90",61,6,True,True
2876,"t=23.02,h=36.06,p=1011.90",63,7,True,True
2877,"t=23.02,h=36.06,p=1011.90",61,6,True,True
2878,"t=23.02,h=36.06,p=1011.90",63,7,True,True
2879,"t=23.02,h=36.06,p=1011.90",61,6,True,True
2880,"t=23.02,h=36.06,p=1011.90",86,4,True,True
2881,"t=23.02,h=36.06,p=1011.90",61,2,True,True
2882,"t=23.02,h=36.06,p=1011.90",62,21,True,True
2883,"t=23.03,h=36.02,p=1011.90",62,2,True,True
2884,"t=23.03,h=36.02,p=1011.90",62,2,True,True
2885,"t=23.03,h=36.02,p=1011.90",61,2,True,True
2886,"t=23.03,h=36.02,p=1011.90",62,2,True,True
2887,"t=23.03,h=36.02,p=1011.90",61,2,True,True
2888,"t=23.03,h=36.02,p=1011.90",62,2,True,True
2889,"t=23.03,h=36.02,p=1011.90",61,2,True,True
2890,"t=23.03,h=36.02,p=1011.90",62,2,True,True
2891,"t=23.03,h=36.02,p=1011.90",61,2,True,True
2892,"t=23.03,h=36.02,p=1011.90",62,2,True,True
2893,"t=23.03,h=36.02,p=1011.88",61,40,True,True
2894,"t=23.03,h=36.02,p=1011.88",63,8,True,True
2895,"t=23.03,h=36.02,p=1011.88",61,7,True,True
2896,"t=23.03,h=36.02,p=1011.88",62,8,True,True
2897,"t=23.03,h=36.02,p=1011.88",61,2,True,True
2898,"t=23.03,h=36.02,p=1011.88",62,2,True,True
2899,"t=23.03,h=36.02,p=1011.88",61,2,True,True
2900,"t=23.03,h=36.02,p=1011.88",63,2,True,True
2901,"t=23.03,h=36.02,p=1011.88",63,6,True,True
2902,"t=23.03,h=36.02,p=1011.88",62,5,True,True
2903,"t=23.02,h=36.04,p=1011.90",60,29,True,True
2904,"t=23.02,h=36.04,p=1011.90",62,7,True,True
2905,"t=23.02,h=36.04,p=1011.90",60,6,True,True
2906,"t=23.02,h=36.04,p=1011.90",61,7,True,True
2907,"t=23.02,h=36.04,p=1011.90",60,2,True,True
2908,"t=23.02,h=36.04,p=1011.90",61,45,True,True
2909,"t=23.02,h=36.04,p=1011.90",61,7,True,True
2910,"t=23.02,h=36.04,p=1011.90",61,4,True,True
2911,"t=23.02,h=36.04,p=1011.90",60,3,True,True
2912,"t=23.03,h=36.02,p=1011.90",62,2,True,True
2913,"t=23.03,h=36.02,p=1011.90",61,2,True,True
2914,"t=23.03,h=36.02,p=1011.90",63,17,True,True
2915,"t=23.03,h=36.02,p=1011.90",61,2,True,True
2916,"t=23.03,h=36.02,p=1011.90",62,2,True,True
2917,"t=23.03,h=36.02,p=1011.90",61,2,True,True
2918,"t=23.03,h=36.02,p=1011.90",62,2,True,True
2919,"t=23.03,h=36.02,p=1011.90",61,2,True,True
2920,"t=23.03,h=36.02,p=1011.90",62,20,True,True
2921,"t=23.03,h=36.02,p=1011.90",71,3,True,True
2922,"t=23.03,h=36.06,p=1011.91",62,2,True,True
2923,"t=23.03,h=36.06,p=1011.91",61,2,True,True
2924,"t=23.03,h=36.06,p=1011.91",62,2,True,True
2925,"t=23.03,h=36.06,p=1011.91",61,2,True,True
2926,"t=23.03,h=36.06,p=1011.91",62,41,True,True
2927,"t=23.03,h=36.06,p=1011.91",62,3,True,True
2928,"t=23.03,h=36.06,p=1011.91",62,2,True,True
2929,"t=23.03,h=36.06,p=1011.91",61,2,True,True
2930,"t=23.03,h=36.06,p=1011.91",62,3,True,True
2931,"t=23.03,h=36.06,p=1011.91",61,2,True,True
2932,"t=23.03,h=36.00,p=1011.91",62,2,True,True
2933,"t=23.03,h=36.00,p=1011.91",61,2,True,True
2934,"t=23.03,h=36.00,p=1011.91",62,2,True,True
2935,"t=23.03,h=36.00,p=1011.91",61,2,True,True
2936,"t=23.03,h=36.00,p=1011.91",62,2,True,True
2937,"t=23.03,h=36.00,p=1011.91",61,2,True,True
2938,"t=23.03,h=36.00,p=1011.91",62,41,True,True
2939,"t=23.03,h=36.00,p=1011.91",69,7,True,True
2940,"t=23.03,h=36.00,p=1011.91",62,9,True,True
2941,"t=23.03,h=36.00,p=1011.87",61,6,True,True
2942,"t=23.03,h=36.00,p=1011.87",62,6,True,True
2943,"t=23.03,h=36.00,p=1011.87",61,6,True,True
2944,"t=23.03,h=36.00,p=1011.87",62,6,True,True
2945,"t=23.03,h=36.00,p=1011.87",61,5,True,True
2946,"t=23.03,h=36.00,p=1011.87",63,4,True,True
2947,"t=23.03,h=36.00,p=1011.87",61,4,True,True
2948,"t=23.03,h=36.00,p=1011.87",62,4,True,True
2949,"t=23.03,h=36.00,p=1011.87",61,4,True,True
2950,"t=23.03,h=36.00,p=1011.87",63,31,True,True
2951,"t=23.03,h=36.05,p=1011.89",76,5,True,True
2952,"t=23.03,h=36.05,p=1011.89",63,2,True,True
2953,"t=23.03,h=36.05,p=1011.89",61,2,True,True
2954,"t=23.03,h=36.05,p=1011.89",62,2,True,True
2955,"t=23.03,h=36.05,p=1011.89",61,2,True,True
2956,"t=23.03,h=36.05,p=1011.89",70,2,True,True
2957,"t=23.03,h=36.05,p=1011.89",61,2,True,True
2958,"t=23.03,h=36.05,p=1011.89",62,2,True,True
2959,"t=23.03,h=36.05,p=1011.89",61,2,True,True
2960,"t=23.03,h=36.05,p=1011.89",62,2,True,True
2961,"t=23.03,h=36.05,p=1011.88",60,3,True,True
2962,"t=23.03,h=36.05,p=1011.88",61,28,True,True
2963,"t=23.03,h=36.05,p=1011.88",68,7,True,True
2964,"t=23.03,h=36.05,p=1011.88",61,7,True,True
2965,"t=23.03,h=36.05,p=1011.88",60,19,True,True
2966,"t=23.03,h=36.05,p=1011.88",61,6,True,True
2967,"t=23.03,h=36.05,p=1011.88",59,2,True,True
2968,"t=23.03,h=36.05,p=1011.88",61,2,True,True
2969,"t=23.03,h=36.05,p=1011.88",60,29,True,True
2970,"t=23.03,h=36.03,p=1011.89",63,9,True,True
2971,"t=23.03,h=36.03,p=1011.89",60,8,True,True
2972,"t=23.03,h=36.03,p=1011.89",61,7,True,True
2973,"t=23.03,h=36.03,p=1011.89",59,7,True,True
2974,"t=23.03,h=36.03,p=1011.89",61,8,True,True
2975,"t=23.03,h=36.03,p=1011.89",60,44,True,True
2976,"t=23.03,h=36.03,p=1011.89",62,7,True,True
2977,"t=23.03,h=36.03,p=1011.89",60,7,True,True
2978,"t=23.03,h=36.03,p=1011.89",62,6,True,True
2979,"t=23.03,h=36.03,p=1011.89",60,6,True,True
2980,"t=23.03,h=36.05,p=1011.91",62,7,True,True
2981,"t=23.03,h=36.05,p=1011.91",61,6,True,True
2982,"t=23.03,h=36.05,p=1011.91",62,2,True,True
2983,"t=23.03,h=36.05,p=1011.91",62,2,True,True
2984,"t=23.03,h=36.05,p=1011.91",82,2,True,True
2985,"t=23.03,h=36.05,p=1011.91",61,2,True,True
2986,"t=23.03,h=36.05,p=1011.91",62,2,True,True
2987,"t=23.03,h=36.05,p=1011.91",61,27,True,True
2988,"t=23.03,h=36.05,p=1011.91",63,3,True,True
2989,"t=23.03,h=36.05,p=1011.91",61,2,True,True
2990,"t=23.03,h=36.08,p=1011.90",62,3,True,True
2991,"t=23.03,h=36.08,p=1011.90",61,2,True,True
2992,"t=23.03,h=36.08,p=1011.90",67,2,True,True
2993,"t=23.03,h=36.08,p=1011.90",61,2,True,True
2994,"t=23.03,h=36.08,p=1011.90",63,2,True,True
2995,"t=23.03,h=36.08,p=1011.90",61,2,True,True
2996,"t=23.03,h=36.08,p=1011.90",62,2,True,True
2997,"t=23.03,h=36.08,p=1011.90",61,2,True,True
2998,"t=23.03,h=36.08,p=1011.90",62,2,True,True
2999,"t=23.03,h=36.05,p=1011.89",61,22,True,True
3000,"t=23.03,h=36.05,p=1011.89",71,6,True,True
3001,"t=23.03,h=36.05,p=1011.89",64,5,True,True
3002,"t=23.03,h=36.05,p=1011.89",83,2,True,True
3003,"t=23.03,h=36.05,p=1011.89",62,2,True,True
3004,"t=23.03,h=36.05,p=1011.89",61,2,True,True
3005,"t=23.03,h=36.05,p=1011.89",62,2,True,True
3006,"t=23.03,h=36.05,p=1011.89",61,2,True,True
3007,"t=23.03,h=36.05,p=1011.89",62,2,True,True
3008,"t=23.03,h=36.05,p=1011.89",62,2,True,True
3009,"t=23.03,h=36.02,p=1011.90",62,2,True,True
3010,"t=23.03,h=36.02,p=1011.90",61,5,True,True
3011,"t=23.03,h=36.02,p=1011.90",62,22,True,True
3012,"t=23.03,h=36.02,p=1011.90",77,40,True,True
3013,"t=23.03,h=36.02,p=1011.90",63,8,True,True
3014,"t=23.03,h=36.02,p=1011.90",61,5,True,True
3015,"t=23.03,h=36.02,p=1011.90",63,6,True,True
3016,"t=23.03,h=36.02,p=1011.90",61,14,True,True
3017,"t=23.03,h=36.02,p=1011.90",62,28,True,True
3018,"t=23.03,h=36.02,p=1011.90",62,3,True,True
3019,"t=23.03,h=36.06,p=1011.88",61,2,True,True
3020,"t=23.03,h=36.06,p=1011.88",60,3,True,True
3021,"t=23.03,h=36.06,p=1011.88",61,2,True,True
3022,"t=23.03,h=36.06,p=1011.88",80,2,True,True
3023,"t=23.03,h=36.06,p=1011.88",61,2,True,True
3024,"t=23.03,h=36.06,p=1011.88",60,2,True,True
3025,"t=23.03,h=36.06,p=1011.88",61,2,True,True
3026,"t=23.03,h=36.06,p=1011.88",60,39,True,True
3027,"t=23.03,h=36.06,p=1011.88",62,6,True,True
3028,"t=23.03,h=36.06,p=1011.88",60,4,True,True
3029,"t=23.03,h=36.05,p=1011.90",61,5,True,True
3030,"t=23.03,h=36.05,p=1011.90",60,16,True,True
3031,"t=23.03,h=36.05,p=1011.90",61,5,True,True
3032,"t=23.03,h=36.05,p=1011.90",60,4,True,True
3033,"t=23.03,h=36.05,p=1011.90",61,4,True,True
3034,"t=23.03,h=36.05,p=1011.90",60,4,True,True
3035,"t=23.03,h=36.05,p=1011.90",61,4,True,True
3036,"t=23.03,h=36.05,p=1011.90",60,62,True,True
3037,"t=23.03,h=36.05,p=1011.90",62,11,True,True
3038,"t=23.03,h=36.06,p=1011.90",61,7,True,True
3039,"t=23.03,h=36.06,p=1011.90",62,7,True,True
3040,"t=23.03,h=36.06,p=1011.90",61,4,True,True
3041,"t=23.03,h=36.06,p=1011.90",62,16,True,True
3042,"t=23.03,h=36.06,p=1011.90",62,2,True,True
3043,"t=23.03,h=36.06,p=1011.90",62,3,True,True
3044,"t=23.03,h=36.06,p=1011.90",61,2,True,True
3045,"t=23.03,h=36.06,p=1011.90",62,2,True,True
3046,"t=23.03,h=36.06,p=1011.90",61,5,True,True
3047,"t=23.03,h=36.06,p=1011.90",63,4,True,True
3048,"t=23.03,h=36.04,p=1011.89",60,5,True,True
3049,"t=23.03,h=36.04,p=1011.89",61,4,True,True
3050,"t=23.03,h=36.04,p=1011.89",60,5,True,True
3051,"t=23.03,h=36.04,p=1011.89",61,13,True,True
3052,"t=23.03,h=36.04,p=1011.89",59,4,True,True
3053,"t=23.03,h=36.04,p=1011.89",61,38,True,True
3054,"t=23.03,h=36.04,p=1011.89",68,7,True,True
3055,"t=23.03,h=36.04,p=1011.89",61,7,True,True
3056,"t=23.03,h=36.04,p=1011.89",60,7,True,True
3057,"t=23.03,h=36.04,p=1011.89",61,6,True,True
3058,"t=23.03,h=36.05,p=1011.88",60,6,True,True
3059,"t=23.03,h=36.05,p=1011.88",79,6,True,True
3060,"t=23.03,h=36.05,p=1011.88",60,6,True,True
3061,"t=23.03,h=36.05,p=1011.88",61,2,True,True
3062,"t=23.03,h=36.05,p=1011.88",60,2,True,True
3063,"t=23.03,h=36.05,p=1011.88",61,2,True,True
3064,"t=23.03,h=36.05,p=1011.88",60,2,True,True
3065,"t=23.03,h=36.05,p=1011.88",62,28,True,True
3066,"t=23.03,h=36.05,p=1011.88",89,5,True,True
3067,"t=23.03,h=36.03,p=1011.91",61,2,True,True
3068,"t=23.03,h=36.03,p=1011.91",60,3,True,True
3069,"t=23.03,h=36.03,p=1011.91",61,2,True,True
3070,"t=23.03,h=36.03,p=1011.91",60,2,True,True
3071,"t=23.03,h=36.03,p=1011.91",61,2,True,True
3072,"t=23.03,h=36.03,p=1011.91",59,2,True,True
3073,"t=23.03,h=36.03,p=1011.91",61,2,True,True
3074,"t=23.03,h=36.03,p=1011.91",60,2,True,True
3075,"t=23.03,h=36.03,p=1011.91",61,2,True,True
3076,"t=23.03,h=36.03,p=1011.91",62,2,True,True
3077,"t=23.03,h=36.06,p=1011.89",61,40,True,True
3078,"t=23.03,h=36.06,p=1011.89",61,7,True,True
3079,"t=23.03,h=36.06,p=1011.89",61,7,True,True
3080,"t=23.03,h=36.06,p=1011.89",60,2,True,True
3081,"t=23.03,h=36.06,p=1011.89",61,2,True,True
3082,"t=23.03,h=36.06,p=1011.89",60,2,True,True
3083,"t=23.03,h=36.06,p=1011.89",61,2,True,True
3084,"t=23.03,h=36.06,p=1011.89",60,11,True,True
3085,"t=23.03,h=36.06,p=1011.89",61,2,True,True
3086,"t=23.03,h=36.06,p=1011.89",60,2,True,True
3087,"t=23.03,h=36.03,p=1011.87",63,40,True,True
3088,"t=23.03,h=36.03,p=1011.87",63,7,True,True
3089,"t=23.03,h=36.03,p=1011.87",62,6,True,True
3090,"t=23.03,h=36.03,p=1011.87",61,7,True,True
3091,"t=23.03,h=36.03,p=1011.87",62,8,True,True
3092,"t=23.03,h=36.03,p=1011.87",61,6,True,True
3093,"t=23.03,h=36.03,p=1011.87",63,6,True,True
3094,"t=23.03,h=36.03,p=1011.87",61,2,True,True
3095,"t=23.03,h=36.03,p=1011.87",62,2,True,True
3096,"t=23.02,h=36.04,p=1011.89",61,2,True,True
3097,"t=23.02,h=36.04,p=1011.89",62,15,True,True
3098,"t=23.02,h=36.04,p=1011.89",63,2,True,True
3099,"t=23.02,h=36.04,p=1011.89",62,2,True,True
3100,"t=23.02,h=36.04,p=1011.89",61,2,True,True
3101,"t=23.02,h=36.04,p=1011.89",64,6,True,True
3102,"t=23.02,h=36.04,p=1011.89",61,2,True,True
3103,"t=23.02,h=36.04,p=1011.89",62,2,True,True
3104,"t=23.02,h=36.04,p=1011.89",61,2,True,True
3105,"t=23.02,h=36.04,p=1011.89",63,2,True,True
3106,"t=23.02,h=36.04,p=1011.87",61,2,True,True
3107,"t=23.02,h=36.04,p=1011.87",86,33,True,True
3108,"t=23.02,h=36.04,p=1011.87",62,5,True,True
3109,"t=23.02,h=36.04,p=1011.87",63,5,True,True
3110,"t=23.02,h=36.04,p=1011.87",61,5,True,True
3111,"t=23.02,h=36.04,p=1011.87",62,5,True,True
3112,"t=23.02,h=36.04,p=1011.87",71,33,True,True
3113,"t=23.02,h=36.04,p=1011.87",64,3,True,True
3114,"t=23.02,h=36.04,p=1011.87",61,2,True,True
3115,"t=23.02,h=36.04,p=1011.87",62,2,True,True
3116,"t=23.03,h=36.06,p=1011.89",61,3,True,True
3117,"t=23.03,h=36.06,p=1011.89",62,2,True,True
3118,"t=23.03,h=36.06,p=1011.89",61,15,True,True
3119,"t=23.03,h=36.06,p=1011.89",63,2,True,True
3120,"t=23.03,h=36.06,p=1011.89",61,2,True,True
3121,"t=23.03,h=36.06,p=1011.89",62,2,True,True
3122,"t=23.03,h=36.06,p=1011.89",61,2,True,True
3123,"t=23.03,h=36.06,p=1011.89",63,2,True,True
3124,"t=23.03,h=36.06,p=1011.89",62,30,True,True
3125,"t=23.03,h=36.06,p=1011.89",71,5,True,True
3126,"t=23.03,h=36.02,p=1011.90",62,5,True,True
3127,"t=23.03,h=36.02,p=1011.90",61,4,True,True
3128,"t=23.03,h=36.02,p=1011.90",62,4,True,True
3129,"t=23.03,h=36.02,p=1011.90",61,4,True,True
3130,"t=23.03,h=36.02,p=1011.90",78,48,True,True
3131,"t=23.03,h=36.02,p=1011.90",62,9,True,True
3132,"t=23.03,h=36.02,p=1011.90",62,3,True,True
3133,"t=23.03,h=36.02,p=1011.90",61,2,True,True
3134,"t=23.03,h=36.02,p=1011.90",62,2,True,True
3135,"t=23.03,h=36.03,p=1011.91",60,2,True,True
3136,"t=23.03,h=36.03,p=1011.91",61,2,True,True
3137,"t=23.03,h=36.03,p=1011.91",60,2,True,True
3138,"t=23.03,h=36.03,p=1011.91",61,2,True,True
3139,"t=23.03,h=36.03,p=1011.91",60,2,True,True
3140,"t=23.03,h=36.03,p=1011.91",61,2,True,True
3141,"t=23.03,h=36.03,p=1011.91",60,2,True,True
3142,"t=23.03,h=36.03,p=1011.91",61,40,True,True
3143,"t=23.03,h=36.03,p=1011.91",68,7,True,True
3144,"t=23.03,h=36.03,p=1011.91",61,7,True,True
3145,"t=23.03,h=36.04,p=1011.91",60,9,True,True
3146,"t=23.03,h=36.04,p=1011.91",83,7,True,True
3147,"t=23.03,h=36.04,p=1011.91",60,6,True,True
3148,"t=23.03,h=36.04,p=1011.91",61,6,True,True
3149,"t=23.03,h=36.04,p=1011.91",59,2,True,True
3150,"t=23.03,h=36.04,p=1011.91",61,2,True,True
3151,"t=23.03,h=36.04,p=1011.91",60,6,True,True
3152,"t=23.03,h=36.04,p=1011.91",61,2,True,True
3153,"t=23.03,h=36.04,p=1011.91",60,2,True,True
3154,"t=23.03,h=36.04,p=1011.91",61,15,True,True
3155,"t=23.03,h=36.04,p=1011.90",69,3,True,True
3156,"t=23.03,h=36.04,p=1011.90",62,2,True,True
3157,"t=23.03,h=36.04,p=1011.90",60,2,True,True
3158,"t=23.03,h=36.04,p=1011.90",61,3,True,True
3159,"t=23.03,h=36.04,p=1011.90",60,2,True,True
3160,"t=23.03,h=36.04,p=1011.90",61,2,True,True
3161,"t=23.03,h=36.04,p=1011.90",60,35,True,True
3162,"t=23.03,h=36.04,p=1011.90",62,5,True,True
3163,"t=23.03,h=36.04,p=1011.90",60,5,True,True
3164,"t=23.03,h=36.05,p=1011.89",62,5,True,True
3165,"t=23.03,h=36.05,p=1011.89",61,6,True,True
3166,"t=23.03,h=36.05,p=1011.89",62,28,True,True
3167,"t=23.03,h=36.05,p=1011.89",62,7,True,True
3168,"t=23.03,h=36.05,p=1011.89",62,6,True,True
3169,"t=23.03,h=36.05,p=1011.89",61,15,True,True
3170,"t=23.03,h=36.05,p=1011.89",62,7,True,True
3171,"t=23.03,h=36.05,p=1011.89",62,42,True,True
3172,"t=23.03,h=36.05,p=1011.89",63,7,True,True
3173,"t=23.03,h=36.05,p=1011.89",61,7,True,True
3174,"t=23.02,h=36.05,p=1011.87",63,6,True,True
3175,"t=23.02,h=36.05,p=1011.87",61,8,True,True
3176,"t=23.02,h=36.05,p=1011.87",73,29,True,True
3177,"t=23.02,h=36.05,p=1011.87",63,2,True,True
3178,"t=23.02,h=36.05,p=1011.87",62,2,True,True
3179,"t=23.02,h=36.05,p=1011.87",61,2,True,True
3180,"t=23.02,h=36.05,p=1011.87",63,2,True,True
3181,"t=23.02,h=36.05,p=1011.87",61,2,True,True
3182,"t=23.02,h=36.05,p=1011.87",62,2,True,True
3183,"t=23.02,h=36.05,p=1011.87",61,2,True,True
3184,"t=23.03,h=36.05,p=1011.90",61,2,True,True
3185,"t=23.03,h=36.05,p=1011.90",60,2,True,True
3186,"t=23.03,h=36.05,p=1011.90",61,2,True,True
3187,"t=23.03,h=36.05,p=1011.90",80,2,True,True
3188,"t=23.03,h=36.05,p=1011.90",61,29,True,True
3189,"t=23.03,h=36.05,p=1011.90",69,7,True,True
3190,"t=23.03,h=36.05,p=1011.90",61,8,True,True
3191,"t=23.03,h=36.05,p=1011.90",60,7,True,True
3192,"t=23.03,h=36.05,p=1011.90",61,6,True,True
3193,"t=23.03,h=36.05,p=1011.90",60,7,True,True
3194,"t=23.03,h=36.06,p=1011.89",62,6,True,True
3195,"t=23.03,h=36.06,p=1011.89",61,4,True,True
3196,"t=23.03,h=36.06,p=1011.89",62,2,True,True
3197,"t=23.03,h=36.06,p=1011.89",61,2,True,True
3198,"t=23.03,h=36.06,p=1011.89",62,2,True,True
3199,"t=23.03,h=36.06,p=1011.89",81,2,True,True
3200,"t=23.03,h=36.06,p=1011.89",62,31,True,True
3201,"t=23.03,h=36.06,p=1011.89",63,5,True,True
3202,"t=23.03,h=36.06,p=1011.89",62,2,True,True
3203,"t=23.03,h=36.04,p=1011.89",61,2,True,True
3204,"t=23.03,h=36.04,p=1011.89",62,2,True,True
3205,"t=23.03,h=36.04,p=1011.89",61,2,True,True
3206,"t=23.03,h=36.04,p=1011.89",62,2,True,True
3207,"t=23.03,h=36.04,p=1011.89",61,2,True,True
3208,"t=23.03,h=36.04,p=1011.89",62,2,True,True
3209,"t=23.03,h=36.04,p=1011.89",61,2,True,True
3210,"t=23.03,h=36.04,p=1011.89",62,2,True,True
3211,"t=23.03,h=36.04,p=1011.89",61,2,True,True
3212,"t=23.03,h=36.04,p=1011.89",63,39,True,True
3213,"t=23.03,h=36.04,p=1011.87",72,7,True,True
3214,"t=23.03,h=36.04,p=1011.87",62,7,True,True
3215,"t=23.03,h=36.04,p=1011.87",61,8,True,True
3216,"t=23.03,h=36.04,p=1011.87",63,6,True,True
3217,"t=23.03,h=36.04,p=1011.87",61,6,True,True
3218,"t=23.03,h=36.04,p=1011.87",62,6,True,True
3219,"t=23.03,h=36.04,p=1011.87",61,6,True,True
3220,"t=23.03,h=36.04,p=1011.87",62,6,True,True
3221,"t=23.03,h=36.03,p=1011.90",62,2,True,True
3222,"t=23.03,h=36.03,p=1011.90",62,2,True,True
3223,"t=23.03,h=36.03,p=1011.90",61,2,True,True
3224,"t=23.03,h=36.03,p=1011.90",62,34,True,True
3225,"t=23.03,h=36.03,p=1011.90",69,9,True,True
3226,"t=23.03,h=36.03,p=1011.90",63,5,True,True
3227,"t=23.03,h=36.03,p=1011.90",61,4,True,True
3228,"t=23.03,h=36.03,p=1011.90",62,4,True,True
3229,"t=23.03,h=36.04,p=1011.87",60,5,True,True
3230,"t=23.03,h=36.04,p=1011.87",61,5,True,True
3231,"t=23.03,h=36.04,p=1011.87",60,15,True,True
3232,"t=23.03,h=36.04,p=1011.87",62,2,True,True
3233,"t=23.03,h=36.04,p=1011.87",60,2,True,True
3234,"t=23.03,h=36.04,p=1011.87",62,2,True,True
3235,"t=23.03,h=36.04,p=1011.87",60,2,True,True
3236,"t=23.03,h=36.04,p=1011.87",61,6,True,True
3237,"t=23.03,h=36.04,p=1011.87",60,49,True,True
3238,"t=23.03,h=36.05,p=1011.88",63,9,True,True
3239,"t=23.03,h=36.05,p=1011.88",60,7,True,True
3240,"t=23.03,h=36.05,p=1011.88",61,6,True,True
3241,"t=23.03,h=36.05,p=1011.88",60,17,True,True
3242,"t=23.03,h=36.05,p=1011.88",61,17,True,True
3243,"t=23.03,h=36.05,p=1011.88",61,2,True,True
3244,"t=23.03,h=36.05,p=1011.88",61,2,True,True
3245,"t=23.03,h=36.05,p=1011.88",60,5,True,True
3246,"t=23.03,h=36.05,p=1011.88",61,5,True,True
3247,"t=23.03,h=36.05,p=1011.88",60,5,True,True
3248,"t=23.03,h=36.03,p=1011.88",63,5,True,True
3249,"t=23.03,h=36.03,p=1011.88",61,5,True,True
3250,"t=23.03,h=36.03,p=1011.88",62,4,True,True
3251,"t=23.03,h=36.03,p=1011.88",61,13,True,True
3252,"t=23.03,h=36.03,p=1011.88",62,6,True,True
3253,"t=23.03,h=36.03,p=1011.88",61,5,True,True
3254,"t=23.03,h=36.03,p=1011.88",62,16,True,True
3255,"t=23.03,h=36.03,p=1011.88",70,2,True,True
3256,"t=23.03,h=36.03,p=1011.88",62,2,True,True
3257,"t=23.03,h=36.03,p=1011.88",61,2,True,True
3258,"t=23.03,h=36.03,p=1011.91",62,2,True,True
3259,"t=23.03,h=36.03,p=1011.91",61,2,True,True
3260,"t=23.03,h=36.03,p=1011.91",62,2,True,True
3261,"t=23.03,h=36.03,p=1011.91",61,3,True,True
3262,"t=23.03,h=36.03,p=1011.91",62,40,True,True
3263,"t=23.03,h=36.03,p=1011.91",63,2,True,True
3264,"t=23.03,h=36.03,p=1011.91",62,2,True,True
3265,"t=23.03,h=36.03,p=1011.91",61,2,True,True
3266,"t=23.03,h=36.03,p=1011.91",62,2,True,True
3267,"t=23.03,h=36.03,p=1011.91",76,2,True,True
3268,"t=23.03,h=36.03,p=1011.92",61,2,True,True
3269,"t=23.03,h=36.03,p=1011.92",60,2,True,True
3270,"t=23.03,h=36.03,p=1011.92",61,2,True,True
3271,"t=23.03,h=36.03,p=1011.92",60,2,True,True
3272,"t=23.03,h=36.03,p=1011.92",61,3,True,True
3273,"t=23.03,h=36.03,p=1011.92",60,2,True,True
3274,"t=23.03,h=36.03,p=1011.92",61,15,True,True
3275,"t=23.03,h=36.03,p=1011.92",68,5,True,True
3276,"t=23.03,h=36.03,p=1011.92",61,4,True,True
3277,"t=23.03,h=36.06,p=1011.91",60,5,True,True
3278,"t=23.03,h=36.06,p=1011.91",61,4,True,True
3279,"t=23.03,h=36.06,p=1011.91",60,4,True,True
3280,"t=23.03,h=36.06,p=1011.91",61,15,True,True
3281,"t=23.03,h=36.06,p=1011.91",61,2,True,True
3282,"t=23.03,h=36.06,p=1011.91",61,2,True,True
3283,"t=23.03,h=36.06,p=1011.91",60,2,True,True
3284,"t=23.03,h=36.06,p=1011.91",61,2,True,True
3285,"t=23.03,h=36.06,p=1011.91",80,16,True,True
3286,"t=23.03,h=36.06,p=1011.91",62,3,True,True
3287,"t=23.03,h=36.04,p=1011.90",60,2,True,True
3288,"t=23.03,h=36.04,p=1011.90",61,2,True,True
3289,"t=23.03,h=36.04,p=1011.90",60,2,True,True
3290,"t=23.03,h=36.04,p=1011.90",61,2,True,True
3291,"t=23.03,h=36.04,p=1011.90",59,2,True,True
3292,"t=23.03,h=36.04,p=1011.90",61,2,True,True
3293,"t=23.03,h=36.04,p=1011.90",60,15,True,True
3294,"t=23.03,h=36.04,p=1011.90",63,2,True,True
3295,"t=23.03,h=36.04,p=1011.90",59,2,True,True
3296,"t=23.03,h=36.04,p=1011.90",61,2,True,True
3297,"t=23.02,h=36.05,p=1011.87",61,2,True,True
3298,"t=23.02,h=36.05,p=1011.87",62,2,True,True
3299,"t=23.02,h=36.05,p=1011.87",61,2,True,True
3300,"t=23.02,h=36.05,p=1011.87",62,2,True,True
3301,"t=23.02,h=36.05,p=1011.87",62,5,True,True
3302,"t=23.02,h=36.05,p=1011.87",63,2,True,True
3303,"t=23.02,h=36.05,p=1011.87",61,2,True,True
3304,"t=23.02,h=36.05,p=1011.87",62,2,True,True
3305,"t=23.02,h=36.05,p=1011.87",61,18,True,True
3306,"t=23.03,h=36.05,p=1011.91",70,2,True,True
3307,"t=23.03,h=36.05,p=1011.91",63,2,True,True
3308,"t=23.03,h=36.05,p=1011.91",61,2,True,True
3309,"t=23.03,h=36.05,p=1011.91",62,2,True,True
3310,"t=23.03,h=36.05,p=1011.91",61,2,True,True
3311,"t=23.03,h=36.05,p=1011.91",63,15,True,True
3312,"t=23.03,h=36.05,p=1011.91",62,3,True,True
3313,"t=23.03,h=36.05,p=1011.91",62,2,True,True
3314,"t=23.03,h=36.05,p=1011.91",61,2,True,True
3315,"t=23.03,h=36.05,p=1011.91",62,2,True,True
3316,"t=23.03,h=36.02,p=1011.89",62,2,True,True
3317,"t=23.03,h=36.02,p=1011.89",62,2,True,True
3318,"t=23.03,h=36.02,p=1011.89",61,2,True,True
3319,"t=23.03,h=36.02,p=1011.89",63,2,True,True
3320,"t=23.03,h=36.02,p=1011.89",61,2,True,True
3321,"t=23.03,h=36.02,p=1011.89",62,2,True,True
3322,"t=23.03,h=36.02,p=1011.89",61,2,True,True
3323,"t=23.03,h=36.02,p=1011.89",63,16,True,True
3324,"t=23.03,h=36.02,p=1011.89",70,2,True,True
3325,"t=23.03,h=36.02,p=1011.89",63,2,True,True
3326,"t=23.04,h=36.04,p=1011.90",67,2,True,True
3327,"t=23.04,h=36.04,p=1011.90",62,2,True,True
3328,"t=23.04,h=36.04,p=1011.90",61,2,True,True
3329,"t=23.04,h=36.04,p=1011.90",62,22,True,True
3330,"t=23.04,h=36.04,p=1011.90",62,5,True,True
3331,"t=23.04,h=36.04,p=1011.90",62,5,True,True
3332,"t=23.04,h=36.04,p=1011.90",61,6,True,True
3333,"t=23.04,h=36.04,p=1011.90",62,5,True,True
3334,"t=23.04,h=36.04,p=1011.90",62,33,True,True
3335,"t=23.04,h=36.04,p=1011.90",63,6,True,True
3336,"t=23.03,h=36.05,p=1011.91",61,5,True,True
3337,"t=23.03,h=36.05,p=1011.91",62,5,True,True
3338,"t=23.03,h=36.05,p=1011.91",61,4,True,True
3339,"t=23.03,h=36.05,p=1011.91",63,5,True,True
3340,"t=23.03,h=36.05,p=1011.91",61,4,True,True
3341,"t=23.03,h=36.05,p=1011.91",62,4,True,True
3342,"t=23.03,h=36.05,p=1011.91",61,4,True,True
3343,"t=23.03,h=36.05,p=1011.91",62,4,True,True
3344,"t=23.03,h=36.05,p=1011.91",61,5,True,True
3345,"t=23.03,h=36.05,p=1011.90",62,4,True,True
3346,"t=23.03,h=36.05,p=1011.90",61,42,True,True
3347,"t=23.03,h=36.05,p=1011.90",69,3,True,True
3348,"t=23.03,h=36.05,p=1011.90",63,2,True,True
3349,"t=23.03,h=36.05,p=1011.90",61,3,True,True
3350,"t=23.03,h=36.05,p=1011.90",62,2,True,True
3351,"t=23.03,h=36.05,p=1011.90",61,5,True,True
3352,"t=23.03,h=36.05,p=1011.90",62,39,True,True
3353,"t=23.03,h=36.05,p=1011.90",62,7,True,True
3354,"t=23.03,h=36.05,p=1011.90",63,8,True,True
3355,"t=23.03,h=36.08,p=1011.92",61,2,True,True
3356,"t=23.03,h=36.08,p=1011.92",62,2,True,True
3357,"t=23.03,h=36.08,p=1011.92",61,2,True,True
3358,"t=23.03,h=36.08,p=1011.92",62,2,True,True
3359,"t=23.03,h=36.08,p=1011.92",61,2,True,True
3360,"t=23.03,h=36.08,p=1011.92",63,2,True,True
3361,"t=23.03,h=36.08,p=1011.92",61,2,True,True
3362,"t=23.03,h=36.08,p=1011.92",62,2,True,True
3363,"t=23.03,h=36.08,p=1011.92",61,2,True,True
3364,"t=23.03,h=36.08,p=1011.92",62,31,True,True
3365,"t=23.03,h=36.03,p=1011.90",69,2,True,True
3366,"t=23.03,h=36.03,p=1011.90",62,2,True,True
3367,"t=23.03,h=36.03,p=1011.90",61,2,True,True
3368,"t=23.03,h=36.03,p=1011.90",63,2,True,True
3369,"t=23.03,h=36.03,p=1011.90",61,2,True,True
3370,"t=23.03,h=36.03,p=1011.90",62,2,True,True
3371,"t=23.03,h=36.03,p=1011.90",61,2,True,True
3372,"t=23.03,h=36.03,p=1011.90",62,2,True,True
3373,"t=23.03,h=36.03,p=1011.90",61,2,True,True
3374,"t=23.04,h=36.02,p=1011.91",62,2,True,True
3375,"t=23.04,h=36.02,p=1011.91",61,2,True,True
3376,"t=23.04,h=36.02,p=1011.91",62,23,True,True
3377,"t=23.04,h=36.02,p=1011.91",71,4,True,True
3378,"t=23.04,h=36.02,p=1011.91",62,4,True,True
3379,"t=23.04,h=36.02,p=1011.91",61,5,True,True
3380,"t=23.04,h=36.02,p=1011.91",62,3,True,True
3381,"t=23.04,h=36.02,p=1011.91",61,3,True,True
3382,"t=23.04,h=36.02,p=1011.91",62,29,True,True
3383,"t=23.04,h=36.02,p=1011.91",63,5,True,True
3384,"t=23.03,h=36.03,p=1011.89",62,6,True,True
3385,"t=23.03,h=36.03,p=1011.89",62,4,True,True
3386,"t=23.03,h=36.03,p=1011.89",62,4,True,True
3387,"t=23.03,h=36.03,p=1011.89",61,4,True,True
3388,"t=23.03,h=36.03,p=1011.89",62,5,True,True
3389,"t=23.03,h=36.03,p=1011.89",61,5,True,True
3390,"t=23.03,h=36.03,p=1011.89",62,4,True,True
3391,"t=23.03,h=36.03,p=1011.89",61,46,True,True
3392,"t=23.03,h=36.03,p=1011.89",63,7,True,True
3393,"t=23.03,h=36.03,p=1011.89",61,5,True,True
3394,"t=23.03,h=36.07,p=1011.89",62,3,True,True
3395,"t=23.03,h=36.07,p=1011.89",61,2,True,True
3396,"t=23.03,h=36.07,p=1011.89",62,2,True,True
3397,"t=23.03,h=36.07,p=1011.89",61,2,True,True
3398,"t=23.03,h=36.07,p=1011.89",62,2,True,True
3399,"t=23.03,h=36.07,p=1011.89",61,2,True,True
3400,"t=23.03,h=36.07,p=1011.89",62,2,True,True
3401,"t=23.03,h=36.07,p=1011.89",62,13,True,True
3402,"t=23.03,h=36.07,p=1011.89",62,5,True,True
3403,"t=23.04,h=36.05,p=1011.91",60,29,True,True
3404,"t=23.04,h=36.05,p=1011.91",69,3,True,True
3405,"t=23.04,h=36.05,p=1011.91",61,2,True,True
3406,"t=23.04,h=36.05,p=1011.91",60,2,True,True
3407,"t=23.04,h=36.05,p=1011.91",61,3,True,True
3408,"t=23.04,h=36.05,p=1011.91",59,3,True,True
3409,"t=23.04,h=36.05,p=1011.91",61,3,True,True
3410,"t=23.04,h=36.05,p=1011.91",60,2,True,True
3411,"t=23.04,h=36.05,p=1011.91",61,2,True,True
3412,"t=23.04,h=36.05,p=1011.91",60,2,True,True
3413,"t=23.03,h=36.03,p=1011.89",63,2,True,True
3414,"t=23.03,h=36.03,p=1011.89",61,3,True,True
3415,"t=23.03,h=36.03,p=1011.89",62,39,True,True
3416,"t=23.03,h=36.03,p=1011.89",70,7,True,True
3417,"t=23.03,h=36.03,p=1011.89",63,7,True,True
3418,"t=23.03,h=36.03,p=1011.89",61,6,True,True
3419,"t=23.03,h=36.03,p=1011.89",62,7,True,True
3420,"t=23.03,h=36.03,p=1011.89",61,6,True,True
3421,"t=23.03,h=36.03,p=1011.89",62,6,True,True
3422,"t=23.03,h=36.03,p=1011.89",83,34,True,True
3423,"t=23.03,h=36.05,p=1011.90",62,6,True,True
3424,"t=23.03,h=36.05,p=1011.90",60,6,True,True
3425,"t=23.03,h=36.05,p=1011.90",61,5,True,True
3426,"t=23.03,h=36.05,p=1011.90",59,5,True,True
3427,"t=23.03,h=36.05,p=1011.90",61,5,True,True
3428,"t=23.03,h=36.05,p=1011.90",60,29,True,True
3429,"t=23.03,h=36.05,p=1011.90",63,5,True,True
3430,"t=23.03,h=36.05,p=1011.90",60,2,True,True
3431,"t=23.03,h=36.05,p=1011.90",61,2,True,True
3432,"t=23.03,h=36.05,p=1011.90",60,2,True,True
3433,"t=23.04,h=36.09,p=1011.89",62,26,True,True
3434,"t=23.04,h=36.09,p=1011.89",63,4,True,True
3435,"t=23.04,h=36.09,p=1011.89",63,2,True,True
3436,"t=23.04,h=36.09,p=1011.89",61,2,True,True
3437,"t=23.04,h=36.09,p=1011.89",62,2,True,True
3438,"t=23.04,h=36.09,p=1011.89",61,2,True,True
3439,"t=23.04,h=36.09,p=1011.89",63,2,True,True
3440,"t=23.04,h=36.09,p=1011.89",61,2,True,True
3441,"t=23.04,h=36.09,p=1011.89",66,2,True,True
3442,"t=23.04,h=36.03,p=1011.87",60,27,True,True
3443,"t=23.04,h=36.03,p=1011.87",62,6,True,True
3444,"t=23.04,h=36.03,p=1011.87",60,5,True,True
3445,"t=23.04,h=36.03,p=1011.87",61,4,True,True
3446,"t=23.04,h=36.03,p=1011.87",60,4,True,True
3447,"t=23.04,h=36.03,p=1011.87",62,5,True,True
3448,"t=23.04,h=36.03,p=1011.87",60,5,True,True
3449,"t=23.04,h=36.03,p=1011.87",61,4,True,True
3450,"t=23.04,h=36.03,p=1011.87",60,5,True,True
3451,"t=23.04,h=36.03,p=1011.87",61,11,True,True
3452,"t=23.04,h=36.08,p=1011.92",66,2,True,True
3453,"t=23.04,h=36.08,p=1011.92",63,2,True,True
3454,"t=23.04,h=36.08,p=1011.92",61,40,True,True
3455,"t=23.04,h=36.08,p=1011.92",70,6,True,True
3456,"t=23.04,h=36.08,p=1011.92",76,2,True,True
3457,"t=23.04,h=36.08,p=1011.92",61,3,True,True
3458,"t=23.04,h=36.08,p=1011.92",63,2,True,True
3459,"t=23.04,h=36.08,p=1011.92",62,2,True,True
3460,"t=23.04,h=36.08,p=1011.92",62,2,True,True
3461,"t=23.04,h=36.08,p=1011.92",61,2,True,True
3462,"t=23.04,h=36.04,p=1011.87",61,2,True,True
3463,"t=23.04,h=36.04,p=1011.87",60,2,True,True
3464,"t=23.04,h=36.04,p=1011.87",61,2,True,True
3465,"t=23.04,h=36.04,p=1011.87",60,2,True,True
3466,"t=23.04,h=36.04,p=1011.87",61,40,True,True
3467,"t=23.04,h=36.04,p=1011.87",61,11,True,True
3468,"t=23.04,h=36.04,p=1011.87",61,7,True,True
3469,"t=23.04,h=36.04,p=1011.87",60,7,True,True
3470,"t=23.04,h=36.04,p=1011.87",82,2,True,True
3471,"t=23.04,h=36.05,p=1011.87",61,2,True,True
3472,"t=23.04,h=36.05,p=1011.87",62,2,True,True
3473,"t=23.04,h=36.05,p=1011.87",61,32,True,True
3474,"t=23.04,h=36.05,p=1011.87",64,5,True,True
3475,"t=23.04,h=36.05,p=1011.87",61,5,True,True
3476,"t=23.04,h=36.05,p=1011.87",62,24,True,True
3477,"t=23.04,h=36.05,p=1011.87",61,6,True,True
3478,"t=23.04,h=36.05,p=1011.87",63,4,True,True
3479,"t=23.04,h=36.05,p=1011.87",61,38,True,True
3480,"t=23.04,h=36.05,p=1011.87",63,5,True,True
3481,"t=23.02,h=36.05,p=1011.87",61,5,True,True
3482,"t=23.02,h=36.05,p=1011.87",62,6,True,True
3483,"t=23.02,h=36.05,p=1011.87",61,4,True,True
3484,"t=23.02,h=36.05,p=1011.87",63,42,True,True
3485,"t=23.02,h=36.05,p=1011.87",62,6,True,True
3486,"t=23.02,h=36.05,p=1011.87",63,5,True,True
3487,"t=23.02,h=36.05,p=1011.87",61,5,True,True
3488,"t=23.02,h=36.05,p=1011.87",62,4,True,True
3489,"t=23.02,h=36.05,p=1011.87",61,40,True,True
3490,"t=23.02,h=36.05,p=1011.87",64,7,True,True
3491,"t=23.04,h=36.07,p=1011.90",61,7,True,True
3492,"t=23.04,h=36.07,p=1011.90",63,8,True,True
3493,"t=23.04,h=36.07,p=1011.90",61,2,True,True
3494,"t=23.04,h=36.07,p=1011.90",62,27,True,True
3495,"t=23.04,h=36.07,p=1011.90",62,2,True,True
3496,"t=23.04,h=36.07,p=1011.90",62,2,True,True
3497,"t=23.04,h=36.07,p=1011.90",61,2,True,True
3498,"t=23.04,h=36.07,p=1011.90",62,2,True,True
3499,"t=23.04,h=36.07,p=1011.90",79,2,True,True
3500,"t=23.04,h=36.07,p=1011.90",63,2,True,True
3501,"t=23.04,h=36.05,p=1011.89",61,8,True,True
3502,"t=23.04,h=36.05,p=1011.89",61,2,True,True
3503,"t=23.04,h=36.05,p=1011.89",60,43,True,True
3504,"t=23.04,h=36.05,p=1011.89",62,7,True,True
3505,"t=23.04,h=36.05,p=1011.89",60,7,True,True
3506,"t=23.04,h=36.05,p=1011.89",61,2,True,True
3507,"t=23.04,h=36.05,p=1011.89",60,3,True,True
3508,"t=23.04,h=36.05,p=1011.89",67,2,True,True
3509,"t=23.04,h=36.05,p=1011.89",60,2,True,True
3510,"t=23.03,h=36.04,p=1011.87",61,2,True,True
3511,"t=23.03,h=36.04,p=1011.87",82,2,True,True
3512,"t=23.03,h=36.04,p=1011.87",61,2,True,True
3513,"t=23.03,h=36.04,p=1011.87",72,36,True,True
3514,"t=23.03,h=36.04,p=1011.87",63,2,True,True
3515,"t=23.03,h=36.04,p=1011.87",60,2,True,True
3516,"t=23.03,h=36.04,p=1011.87",61,2,True,True
3517,"t=23.03,h=36.04,p=1011.87",59,2,True,True
3518,"t=23.03,h=36.04,p=1011.87",61,2,True,True
3519,"t=23.03,h=36.04,p=1011.87",60,2,True,True
3520,"t=23.04,h=36.04,p=1011.90",63,2,True,True
3521,"t=23.04,h=36.04,p=1011.90",61,2,True,True
3522,"t=23.04,h=36.04,p=1011.90",62,2,True,True
3523,"t=23.04,h=36.04,p=1011.90",75,38,True,True
3524,"t=23.04,h=36.04,p=1011.90",63,7,True,True
3525,"t=23.04,h=36.04,p=1011.90",61,7,True,True
3526,"t=23.04,h=36.04,p=1011.90",62,25,True,True
3527,"t=23.04,h=36.04,p=1011.90",61,8,True,True
3528,"t=23.04,h=36.04,p=1011.90",62,4,True,True
3529,"t=23.04,h=36.04,p=1011.90",61,4,True,True
3530,"t=23.04,h=36.03,p=1011.89",62,4,True,True
3531,"t=23.04,h=36.03,p=1011.89",61,4,True,True
3532,"t=23.04,h=36.03,p=1011.89",62,5,True,True
3533,"t=23.04,h=36.03,p=1011.89",62,4,True,True
3534,"t=23.04,h=36.03,p=1011.89",62,25,True,True
3535,"t=23.04,h=36.03,p=1011.89",62,2,True,True
3536,"t=23.04,h=36.03,p=1011.89",62,2,True,True
3537,"t=23.04,h=36.03,p=1011.89",61,3,True,True
3538,"t=23.04,h=36.03,p=1011.89",62,2,True,True
3539,"t=23.04,h=36.04,p=1011.88",60,23,True,True
3540,"t=23.04,h=36.04,p=1011.88",62,5,True,True
3541,"t=23.04,h=36.04,p=1011.88",60,5,True,True
3542,"t=23.04,h=36.04,p=1011.88",61,5,True,True
3543,"t=23.04,h=36.04,p=1011.88",60,4,True,True
3544,"t=23.04,h=36.04,p=1011.88",61,4,True,True
3545,"t=23.04,h=36.04,p=1011.88",60,4,True,True
3546,"t=23.04,h=36.04,p=1011.88",62,5,True,True
3547,"t=23.04,h=36.04,p=1011.88",64,5,True,True
3548,"t=23.04,h=36.04,p=1011.88",61,38,True,True
3549,"t=23.04,h=36.07,p=1011.89",62,4,True,True
3550,"t=23.04,h=36.07,p=1011.89",63,3,True,True
3551,"t=23.04,h=36.07,p=1011.89",61,7,True,True
3552,"t=23.04,h=36.07,p=1011.89",62,2,True,True
3553,"t=23.04,h=36.07,p=1011.89",61,3,True,True
3554,"t=23.04,h=36.07,p=1011.89",63,2,True,True
3555,"t=23.04,h=36.07,p=1011.89",61,2,True,True
3556,"t=23.04,h=36.07,p=1011.89",62,2,True,True
3557,"t=23.04,h=36.07,p=1011.89",61,2,True,True
3558,"t=23.04,h=36.07,p=1011.89",62,2,True,True
3559,"t=23.04,h=36.05,p=1011.89",60,2,True,True
3560,"t=23.04,h=36.05,p=1011.89",61,39,True,True
3561,"t=23.04,h=36.05,p=1011.89",70,7,True,True
3562,"t=23.04,h=36.05,p=1011.89",61,7,True,True
3563,"t=23.04,h=36.05,p=1011.89",60,9,True,True
3564,"t=23.04,h=36.05,p=1011.89",61,6,True,True
3565,"t=23.04,h=36.05,p=1011.89",60,7,True,True
3566,"t=23.04,h=36.05,p=1011.89",61,6,True,True
3567,"t=23.04,h=36.05,p=1011.89",60,6,True,True
3568,"t=23.04,h=36.05,p=1011.89",61,7,True,True
3569,"t=23.03,h=36.05,p=1011.87",60,6,True,True
3570,"t=23.03,h=36.05,p=1011.87",61,6,True,True
3571,"t=23.03,h=36.05,p=1011.87",60,2,True,True
3572,"t=23.03,h=36.05,p=1011.87",61,26,True,True
3573,"t=23.03,h=36.05,p=1011.87",70,4,True,True
3574,"t=23.03,h=36.05,p=1011.87",65,2,True,True
3575,"t=23.03,h=36.05,p=1011.87",59,2,True,True
3576,"t=23.03,h=36.05,p=1011.87",61,2,True,True
3577,"t=23.03,h=36.05,p=1011.87",60,11,True,True
3578,"t=23.04,h=36.05,p=1011.87",61,2,True,True
3579,"t=23.04,h=36.05,p=1011.87",59,2,True,True
3580,"t=23.04,h=36.05,p=1011.87",61,2,True,True
3581,"t=23.04,h=36.05,p=1011.87",60,2,True,True
3582,"t=23.04,h=36.05,p=1011.87",61,2,True,True
3583,"t=23.04,h=36.05,p=1011.87",60,2,True,True
3584,"t=23.04,h=36.05,p=1011.87",83,42,True,True
3585,"t=23.04,h=36.05,p=1011.87",61,4,True,True
3586,"t=23.04,h=36.05,p=1011.87",61,2,True,True
3587,"t=23.04,h=36.11,p=1011.89",60,2,True,True
3588,"t=23.04,h=36.11,p=1011.89",61,3,True,True
3589,"t=23.04,h=36.11,p=1011.89",60,2,True,True
3590,"t=23.04,h=36.11,p=1011.89",61,38,True,True
3591,"t=23.04,h=36.11,p=1011.89",61,8,True,True
3592,"t=23.04,h=36.11,p=1011.89",61,7,True,True
3593,"t=23.04,h=36.11,p=1011.89",60,4,True,True
3594,"t=23.04,h=36.11,p=1011.89",61,2,True,True
3595,"t=23.04,h=36.11,p=1011.89",60,40,True,True
3596,"t=23.04,h=36.11,p=1011.89",63,7,True,True
3597,"t=23.03,h=36.09,p=1011.89",62,7,True,True
3598,"t=23.03,h=36.09,p=1011.89",62,8,True,True
3599,"t=23.03,h=36.09,p=1011.89",61,6,True,True
3600,"t=23.03,h=36.09,p=1011.89",62,4,True,True
3601,"t=23.03,h=36.09,p=1011.89",63,5,True,True
3602,"t=23.03,h=36.09,p=1011.89",91,2,True,True
3603,"t=23.03,h=36.09,p=1011.89",61,2,True,True
3604,"t=23.03,h=36.09,p=1011.89",63,2,True,True
3605,"t=23.03,h=36.09,p=1011.89",61,29,True,True
3606,"t=23.03,h=36.09,p=1011.89",64,7,True,True
3607,"t=23.04,h=36.05,p=1011.90",61,7,True,True
3608,"t=23.04,h=36.05,p=1011.90",62,9,True,True
3609,"t=23.04,h=36.05,p=1011.90",61,6,True,True
3610,"t=23.04,h=36.05,p=1011.90",62,29,True,True
3611,"t=23.04,h=36.05,p=1011.90",63,7,True,True
3612,"t=23.04,h=36.05,p=1011.90",63,7,True,True
3613,"t=23.04,h=36.05,p=1011.90",61,5,True,True
3614,"t=23.04,h=36.05,p=1011.90",62,5,True,True
3615,"t=23.04,h=36.05,p=1011.90",61,45,True,True
3616,"t=23.04,h=36.05,p=1011.90",63,7,True,True
3617,"t=23.04,h=36.07,p=1011.87",61,5,True,True
3618,"t=23.04,h=36.07,p=1011.87",62,3,True,True
3619,"t=23.04,h=36.07,p=1011.87",61,2,True,True
3620,"t=23.04,h=36.07,p=1011.87",62,2,True,True
3621,"t=23.04,h=36.07,p=1011.87",61,2,True,True
3622,"t=23.04,h=36.07,p=1011.87",63,2,True,True
3623,"t=23.04,h=36.07,p=1011.87",61,2,True,True
3624,"t=23.04,h=36.07,p=1011.87",62,2,True,True
3625,"t=23.04,h=36.07,p=1011.87",77,40,True,True
3626,"t=23.04,h=36.08,p=1011.90",63,7,True,True
3627,"t=23.04,h=36.08,p=1011.90",61,6,True,True
3628,"t=23.04,h=36.08,p=1011.90",63,25,True,True
3629,"t=23.04,h=36.08,p=1011.90",61,7,True,True
3630,"t=23.04,h=36.08,p=1011.90",62,6,True,True
3631,"t=23.04,h=36.08,p=1011.90",61,7,True,True
3632,"t=23.04,h=36.08,p=1011.90",63,6,True,True
3633,"t=23.04,h=36.08,p=1011.90",61,7,True,True
3634,"t=23.04,h=36.08,p=1011.90",62,2,True,True
3635,"t=23.04,h=36.08,p=1011.90",80,2,True,True
3636,"t=23.04,h=36.08,p=1011.87",62,25,True,True
3637,"t=23.04,h=36.08,p=1011.87",63,2,True,True
3638,"t=23.04,h=36.08,p=1011.87",62,3,True,True
3639,"t=23.04,h=36.08,p=1011.87",61,2,True,True
3640,"t=23.04,h=36.08,p=1011.87",63,2,True,True
3641,"t=23.04,h=36.08,p=1011.87",61,2,True,True
3642,"t=23.04,h=36.08,p=1011.87",62,2,True,True
3643,"t=23.04,h=36.08,p=1011.87",61,2,True,True
3644,"t=23.04,h=36.08,p=1011.87",63,2,True,True
3645,"t=23.04,h=36.08,p=1011.87",61,2,True,True
3646,"t=23.04,h=36.11,p=1011.90",61,30,True,True
3647,"t=23.04,h=36.11,p=1011.90",61,2,True,True
3648,"t=23.04,h=36.11,p=1011.90",61,3,True,True
3649,"t=23.04,h=36.11,p=1011.90",59,2,True,True
3650,"t=23.04,h=36.11,p=1011.90",61,2,True,True
3651,"t=23.04,h=36.11,p=1011.90",60,36,True,True
3652,"t=23.04,h=36.11,p=1011.90",62,3,True,True
3653,"t=23.04,h=36.11,p=1011.90",60,3,True,True
3654,"t=23.04,h=36.11,p=1011.90",61,2,True,True
3655,"t=23.03,h=36.11,p=1011.87",60,2,True,True
3656,"t=23.03,h=36.11,p=1011.87",61,2,True,True
3657,"t=23.03,h=36.11,p=1011.87",60,2,True,True
3658,"t=23.03,h=36.11,p=1011.87",61,2,True,True
3659,"t=23.03,h=36.11,p=1011.87",59,2,True,True
3660,"t=23.03,h=36.11,p=1011.87",61,2,True,True
3661,"t=23.03,h=36.11,p=1011.87",60,2,True,True
3662,"t=23.03,h=36.11,p=1011.87",61,2,True,True
3663,"t=23.03,h=36.11,p=1011.87",60,34,True,True
3664,"t=23.03,h=36.11,p=1011.87",69,5,True,True
3665,"t=23.04,h=36.08,p=1011.87",63,5,True,True
3666,"t=23.04,h=36.08,p=1011.87",62,6,True,True
3667,"t=23.04,h=36.08,p=1011.87",62,4,True,True
3668,"t=23.04,h=36.08,p=1011.87",61,5,True,True
3669,"t=23.04,h=36.08,p=1011.87",62,31,True,True
3670,"t=23.04,h=36.08,p=1011.87",62,5,True,True
3671,"t=23.04,h=36.08,p=1011.87",62,6,True,True
3672,"t=23.04,h=36.08,p=1011.87",61,4,True,True
3673,"t=23.04,h=36.08,p=1011.87",63,5,True,True
3674,"t=23.04,h=36.08,p=1011.87",61,4,True,True
3675,"t=23.04,h=36.09,p=1011.86",62,5,True,True
3676,"t=23.04,h=36.09,p=1011.86",61,5,True,True
3677,"t=23.04,h=36.09,p=1011.86",62,5,True,True
3678,"t=23.04,h=36.09,p=1011.86",62,5,True,True
3679,"t=23.04,h=36.09,p=1011.86",62,5,True,True
3680,"t=23.04,h=36.09,p=1011.86",61,5,True,True
3681,"t=23.04,h=36.09,p=1011.86",62,34,True,True
3682,"t=23.04,h=36.09,p=1011.86",70,5,True,True
3683,"t=23.04,h=36.09,p=1011.86",62,5,True,True
3684,"t=23.04,h=36.09,p=1011.86",62,5,True,True
3685,"t=23.04,h=36.09,p=1011.89",62,4,True,True
3686,"t=23.04,h=36.09,p=1011.89",61,5,True,True
3687,"t=23.04,h=36.09,p=1011.89",62,35,True,True
3688,"t=23.04,h=36.09,p=1011.89",63,3,True,True
3689,"t=23.04,h=36.09,p=1011.89",63,2,True,True
3690,"t=23.04,h=36.09,p=1011.89",61,2,True,True
3691,"t=23.04,h=36.09,p=1011.89",62,2,True,True
3692,"t=23.04,h=36.09,p=1011.89",61,2,True,True
3693,"t=23.04,h=36.09,p=1011.89",63,2,True,True
3694,"t=23.04,h=36.07,p=1011.88",61,2,True,True
3695,"t=23.04,h=36.07,p=1011.88",62,2,True,True
3696,"t=23.04,h=36.07,p=1011.88",61,2,True,True
3697,"t=23.04,h=36.07,p=1011.88",62,29,True,True
3698,"t=23.04,h=36.07,p=1011.88",62,7,True,True
3699,"t=23.04,h=36.07,p=1011.88",63,6,True,True
3700,"t=23.04,h=36.07,p=1011.88",61,6,True,True
3701,"t=23.04,h=36.07,p=1011.88",64,6,True,True
3702,"t=23.04,h=36.07,p=1011.88",62,2,True,True
3703,"t=23.04,h=36.07,p=1011.88",62,2,True,True
3704,"t=23.04,h=36.10,p=1011.89",61,2,True,True
3705,"t=23.04,h=36.10,p=1011.89",87,2,True,True
3706,"t=23.04,h=36.10,p=1011.89",61,2,True,True
3707,"t=23.04,h=36.10,p=1011.89",85,41,True,True
3708,"t=23.04,h=36.10,p=1011.89",62,8,True,True
3709,"t=23.04,h=36.10,p=1011.89",62,7,True,True
3710,"t=23.04,h=36.10,p=1011.89",61,4,True,True
3711,"t=23.04,h=36.10,p=1011.89",62,2,True,True
3712,"t=23.04,h=36.10,p=1011.89",61,2,True,True
3713,"t=23.04,h=36.10,p=1011.89",62,2,True,True
3714,"t=23.04,h=36.08,p=1011.88",61,2,True,True
3715,"t=23.04,h=36.08,p=1011.88",62,2,True,True
3716,"t=23.04,h=36.08,p=1011.88",61,2,True,True
3717,"t=23.04,h=36.08,p=1011.88",63,2,True,True
3718,"t=23.04,h=36.08,p=1011.88",61,31,True,True
3719,"t=23.04,h=36.08,p=1011.88",63,3,True,True
3720,"t=23.04,h=36.08,p=1011.88",61,2,True,True
3721,"t=23.04,h=36.08,p=1011.88",62,4,True,True
3722,"t=23.04,h=36.08,p=1011.88",61,2,True,True
3723,"t=23.04,h=36.10,p=1011.89",62,15,True,True
3724,"t=23.04,h=36.10,p=1011.89",62,2,True,True
3725,"t=23.04,h=36.10,p=1011.89",62,2,True,True
3726,"t=23.04,h=36.10,p=1011.89",61,2,True,True
3727,"t=23.04,h=36.10,p=1011.89",62,2,True,True
3728,"t=23.04,h=36.10,p=1011.89",61,25,True,True
3729,"t=23.04,h=36.10,p=1011.89",63,2,True,True
3730,"t=23.04,h=36.10,p=1011.89",61,2,True,True
3731,"t=23.04,h=36.10,p=1011.89",63,3,True,True
3732,"t=23.04,h=36.10,p=1011.89",61,2,True,True
3733,"t=23.04,h=36.10,p=1011.88",78,2,True,True
3734,"t=23.04,h=36.10,p=1011.88",60,2,True,True
3735,"t=23.04,h=36.10,p=1011.88",61,2,True,True
3736,"t=23.04,h=36.10,p=1011.88",60,2,True,True
3737,"t=23.04,h=36.10,p=1011.88",61,2,True,True
3738,"t=23.04,h=36.10,p=1011.88",60,41,True,True
3739,"t=23.04,h=36.10,p=1011.88",62,7,True,True
3740,"t=23.04,h=36.10,p=1011.88",60,7,True,True
3741,"t=23.04,h=36.10,p=1011.88",61,8,True,True
3742,"t=23.04,h=36.10,p=1011.88",60,7,True,True
3743,"t=23.04,h=36.09,p=1011.88",62,37,True,True
3744,"t=23.04,h=36.09,p=1011.88",63,7,True,True
3745,"t=23.04,h=36.09,p=1011.88",62,7,True,True
3746,"t=23.04,h=36.09,p=1011.88",85,8,True,True
3747,"t=23.04,h=36.09,p=1011.88",62,6,True,True
3748,"t=23.04,h=36.09,p=1011.88",61,6,True,True
3749,"t=23.04,h=36.09,p=1011.88",62,2,True,True
3750,"t=23.04,h=36.09,p=1011.88",61,2,True,True
3751,"t=23.04,h=36.09,p=1011.88",63,5,True,True
3752,"t=23.04,h=36.05,p=1011.88",61,2,True,True
3753,"t=23.04,h=36.05,p=1011.88",62,2,True,True
3754,"t=23.04,h=36.05,p=1011.88",61,2,True,True
3755,"t=23.04,h=36.05,p=1011.88",62,28,True,True
3756,"t=23.04,h=36.05,p=1011.88",71,8,True,True
3757,"t=23.04,h=36.05,p=1011.88",63,2,True,True
3758,"t=23.04,h=36.05,p=1011.88",61,2,True,True
3759,"t=23.04,h=36.05,p=1011.88",62,2,True,True
3760,"t=23.04,h=36.05,p=1011.88",61,2,True,True
3761,"t=23.04,h=36.05,p=1011.88",63,51,True,True
3762,"t=23.04,h=36.11,p=1011.91",62,9,True,True
3763,"t=23.04,h=36.11,p=1011.91",62,7,True,True
3764,"t=23.04,h=36.11,p=1011.91",61,6,True,True
3765,"t=23.04,h=36.11,p=1011.91",62,6,True,True
3766,"t=23.04,h=36.11,p=1011.91",61,2,True,True
3767,"t=23.04,h=36.11,p=1011.91",62,2,True,True
3768,"t=23.04,h=36.11,p=1011.91",62,2,True,True
3769,"t=23.04,h=36.11,p=1011.91",62,2,True,True
3770,"t=23.04,h=36.11,p=1011.91",61,2,True,True
3771,"t=23.04,h=36.11,p=1011.91",62,2,True,True
3772,"t=23.04,h=36.10,p=1011.91",61,2,True,True
3773,"t=23.04,h=36.10,p=1011.91",62,36,True,True
3774,"t=23.04,h=36.10,p=1011.91",69,5,True,True
3775,"t=23.04,h=36.10,p=1011.91",62,5,True,True
3776,"t=23.04,h=36.10,p=1011.91",61,5,True,True
3777,"t=23.04,h=36.10,p=1011.91",62,4,True,True
3778,"t=23.04,h=36.10,p=1011.91",61,4,True,True
3779,"t=23.04,h=36.10,p=1011.91",62,30,True,True
3780,"t=23.04,h=36.10,p=1011.91",62,7,True,True
3781,"t=23.04,h=36.10,p=1011.91",62,8,True,True
3782,"t=23.03,h=36.11,p=1011.89",60,6,True,True
3783,"t=23.03,h=36.11,p=1011.89",61,6,True,True
3784,"t=23.03,h=36.11,p=1011.89",60,40,True,True
3785,"t=23.03,h=36.11,p=1011.89",62,7,True,True
3786,"t=23.03,h=36.11,p=1011.89",59,10,True,True
3787,"t=23.03,h=36.11,p=1011.89",61,2,True,True
3788,"t=23.03,h=36.11,p=1011.89",60,2,True,True
3789,"t=23.03,h=36.11,p=1011.89",61,2,True,True
3790,"t=23.03,h=36.11,p=1011.89",81,2,True,True
3791,"t=23.03,h=36.10,p=1011.88",63,2,True,True
3792,"t=23.03,h=36.10,p=1011.88",61,2,True,True
3793,"t=23.03,h=36.10,p=1011.88",62,2,True,True
3794,"t=23.03,h=36.10,p=1011.88",61,2,True,True
3795,"t=23.03,h=36.10,p=1011.88",62,2,True,True
3796,"t=23.03,h=36.10,p=1011.88",61,43,True,True
3797,"t=23.03,h=36.10,p=1011.88",69,7,True,True
3798,"t=23.03,h=36.10,p=1011.88",62,7,True,True
3799,"t=23.03,h=36.10,p=1011.88",61,6,True,True
3800,"t=23.03,h=36.10,p=1011.88",62,6,True,True
3801,"t=23.04,h=36.11,p=1011.89",61,5,True,True
3802,"t=23.04,h=36.11,p=1011.89",61,2,True,True
3803,"t=23.04,h=36.11,p=1011.89",59,35,True,True
3804,"t=23.04,h=36.11,p=1011.89",63,5,True,True
3805,"t=23.04,h=36.11,p=1011.89",60,5,True,True
3806,"t=23.04,h=36.11,p=1011.89",61,6,True,True
3807,"t=23.04,h=36.11,p=1011.89",60,4,True,True
3808,"t=23.04,h=36.11,p=1011.89",61,4,True,True
3809,"t=23.04,h=36.11,p=1011.89",60,4,True,True
3810,"t=23.04,h=36.11,p=1011.89",61,4,True,True
3811,"t=23.04,h=36.09,p=1011.88",61,5,True,True
3812,"t=23.04,h=36.09,p=1011.88",62,4,True,True
3813,"t=23.04,h=36.09,p=1011.88",61,4,True,True
3814,"t=23.04,h=36.09,p=1011.88",62,4,True,True
3815,"t=23.04,h=36.09,p=1011.88",61,39,True,True
3816,"t=23.04,h=36.09,p=1011.88",70,11,True,True
3817,"t=23.04,h=36.09,p=1011.88",63,7,True,True
3818,"t=23.04,h=36.09,p=1011.88",61,6,True,True
3819,"t=23.04,h=36.09,p=1011.88",62,2,True,True
3820,"t=23.04,h=36.15,p=1011.87",61,2,True,True
3821,"t=23.04,h=36.15,p=1011.87",62,2,True,True
3822,"t=23.04,h=36.15,p=1011.87",61,2,True,True
3823,"t=23.04,h=36.15,p=1011.87",62,2,True,True
3824,"t=23.04,h=36.15,p=1011.87",61,2,True,True
3825,"t=23.04,h=36.15,p=1011.87",63,2,True,True
3826,"t=23.04,h=36.15,p=1011.87",61,2,True,True
3827,"t=23.04,h=36.15,p=1011.87",62,28,True,True
3828,"t=23.04,h=36.15,p=1011.87",70,7,True,True
3829,"t=23.04,h=36.15,p=1011.87",62,7,True,True
3830,"t=23.04,h=36.10,p=1011.90",61,6,True,True
3831,"t=23.04,h=36.10,p=1011.90",62,7,True,True
3832,"t=23.04,h=36.10,p=1011.90",61,7,True,True
3833,"t=23.04,h=36.10,p=1011.90",62,29,True,True
3834,"t=23.04,h=36.10,p=1011.90",63,7,True,True
3835,"t=23.04,h=36.10,p=1011.90",62,6,True,True
3836,"t=23.04,h=36.10,p=1011.90",61,8,True,True
3837,"t=23.04,h=36.10,p=1011.90",62,7,True,True
3838,"t=23.04,h=36.10,p=1011.90",61,6,True,True
3839,"t=23.04,h=36.10,p=1011.90",62,6,True,True
3840,"t=23.04,h=36.13,p=1011.86",61,2,True,True
3841,"t=23.04,h=36.13,p=1011.86",62,2,True,True
3842,"t=23.04,h=36.13,p=1011.86",61,2,True,True
3843,"t=23.04,h=36.13,p=1011.86",62,2,True,True
3844,"t=23.04,h=36.13,p=1011.86",61,3,True,True
3845,"t=23.04,h=36.13,p=1011.86",62,39,True,True
3846,"t=23.04,h=36.13,p=1011.86",69,10,True,True
3847,"t=23.04,h=36.13,p=1011.86",63,6,True,True
3848,"t=23.04,h=36.13,p=1011.86",61,7,True,True
3849,"t=23.04,h=36.13,p=1011.86",62,6,True,True
3850,"t=23.05,h=36.15,p=1011.90",61,6,True,True
3851,"t=23.05,h=36.15,p=1011.90",62,44,True,True
3852,"t=23.05,h=36.15,p=1011.90",62,7,True,True
3853,"t=23.05,h=36.15,p=1011.90",63,6,True,True
3854,"t=23.05,h=36.15,p=1011.90",61,6,True,True
3855,"t=23.05,h=36.15,p=1011.90",62,6,True,True
3856,"t=23.05,h=36.15,p=1011.90",61,5,True,True
3857,"t=23.05,h=36.15,p=1011.90",62,2,True,True
3858,"t=23.05,h=36.15,p=1011.90",78,2,True,True
3859,"t=23.03,h=36.13,p=1011.89",62,2,True,True
3860,"t=23.03,h=36.13,p=1011.89",61,2,True,True
3861,"t=23.03,h=36.13,p=1011.89",62,40,True,True
3862,"t=23.03,h=36.13,p=1011.89",62,7,True,True
3863,"t=23.03,h=36.13,p=1011.89",62,6,True,True
3864,"t=23.03,h=36.13,p=1011.89",61,6,True,True
3865,"t=23.03,h=36.13,p=1011.89",62,6,True,True
3866,"t=23.03,h=36.13,p=1011.89",61,7,True,True
3867,"t=23.03,h=36.13,p=1011.89",62,30,True,True
3868,"t=23.03,h=36.13,p=1011.89",62,3,True,True
3869,"t=23.03,h=36.15,p=1011.89",62,2,True,True
3870,"t=23.03,h=36.15,p=1011.89",61,2,True,True
3871,"t=23.03,h=36.15,p=1011.89",62,2,True,True
3872,"t=23.03,h=36.15,p=1011.89",61,42,True,True
3873,"t=23.03,h=36.15,p=1011.89",64,6,True,True
3874,"t=23.03,h=36.15,p=1011.89",61,5,True,True
3875,"t=23.03,h=36.15,p=1011.89",62,5,True,True
3876,"t=23.03,h=36.15,p=1011.89",61,5,True,True
3877,"t=23.03,h=36.15,p=1011.89",83,44,True,True
3878,"t=23.03,h=36.15,p=1011.89",62,7,True,True
3879,"t=23.04,h=36.11,p=1011.89",62,7,True,True
3880,"t=23.04,h=36.11,p=1011.89",61,6,True,True
3881,"t=23.04,h=36.11,p=1011.89",62,4,True,True
3882,"t=23.04,h=36.11,p=1011.89",61,30,True,True
3883,"t=23.04,h=36.11,p=1011.89",63,7,True,True
3884,"t=23.04,h=36.11,p=1011.89",61,8,True,True
3885,"t=23.04,h=36.11,p=1011.89",63,10,True,True
3886,"t=23.04,h=36.11,p=1011.89",61,5,True,True
3887,"t=23.04,h=36.11,p=1011.89",62,44,True,True
3888,"t=23.04,h=36.11,p=1011.87",62,7,True,True
3889,"t=23.04,h=36.11,p=1011.87",62,7,True,True
3890,"t=23.04,h=36.11,p=1011.87",61,6,True,True
3891,"t=23.04,h=36.11,p=1011.87",62,6,True,True
3892,"t=23.04,h=36.11,p=1011.87",62,7,True,True
3893,"t=23.04,h=36.11,p=1011.87",63,2,True,True
3894,"t=23.04,h=36.11,p=1011.87",61,2,True,True
3895,"t=23.04,h=36.11,p=1011.87",62,2,True,True
3896,"t=23.04,h=36.11,p=1011.87",61,2,True,True
3897,"t=23.04,h=36.11,p=1011.87",62,2,True,True
3898,"t=23.04,h=36.12,p=1011.88",60,2,True,True
3899,"t=23.04,h=36.12,p=1011.88",63,42,True,True
3900,"t=23.04,h=36.12,p=1011.88",68,3,True,True
3901,"t=23.04,h=36.12,p=1011.88",62,6,True,True
3902,"t=23.04,h=36.12,p=1011.88",60,3,True,True
3903,"t=23.04,h=36.12,p=1011.88",61,2,True,True
3904,"t=23.04,h=36.12,p=1011.88",60,2,True,True
3905,"t=23.04,h=36.12,p=1011.88",85,39,True,True
3906,"t=23.04,h=36.12,p=1011.88",61,7,True,True
3907,"t=23.04,h=36.12,p=1011.88",61,10,True,True
3908,"t=23.04,h=36.15,p=1011.89",61,6,True,True
3909,"t=23.04,h=36.15,p=1011.89",62,6,True,True
3910,"t=23.04,h=36.15,p=1011.89",61,4,True,True
3911,"t=23.04,h=36.15,p=1011.89",63,2,True,True
3912,"t=23.04,h=36.15,p=1011.89",61,2,True,True
3913,"t=23.04,h=36.15,p=1011.89",62,2,True,True
3914,"t=23.04,h=36.15,p=1011.89",61,2,True,True
3915,"t=23.04,h=36.15,p=1011.89",62,2,True,True
3916,"t=23.04,h=36.15,p=1011.89",61,2,True,True
3917,"t=23.04,h=36.13,p=1011.89",61,30,True,True
3918,"t=23.04,h=36.13,p=1011.89",69,2,True,True
3919,"t=23.04,h=36.13,p=1011.89",62,2,True,True
3920,"t=23.04,h=36.13,p=1011.89",60,2,True,True
3921,"t=23.04,h=36.13,p=1011.89",61,2,True,True
3922,"t=23.04,h=36.13,p=1011.89",60,2,True,True
3923,"t=23.04,h=36.13,p=1011.89",61,2,True,True
3924,"t=23.04,h=36.13,p=1011.89",60,2,True,True
3925,"t=23.04,h=36.13,p=1011.89",61,2,True,True
3926,"t=23.04,h=36.13,p=1011.89",60,2,True,True
3927,"t=23.03,h=36.10,p=1011.88",62,2,True,True
3928,"t=23.03,h=36.10,p=1011.88",61,2,True,True
3929,"t=23.03,h=36.10,p=1011.88",62,29,True,True
3930,"t=23.03,h=36.10,p=1011.88",70,2,True,True
3931,"t=23.03,h=36.10,p=1011.88",62,2,True,True
3932,"t=23.03,h=36.10,p=1011.88",61,3,True,True
3933,"t=23.03,h=36.10,p=1011.88",62,2,True,True
3934,"t=23.03,h=36.10,p=1011.88",61,2,True,True
3935,"t=23.03,h=36.10,p=1011.88",62,2,True,True
3936,"t=23.03,h=36.10,p=1011.88",61,2,True,True
3937,"t=23.04,h=36.12,p=1011.87",62,2,True,True
3938,"t=23.04,h=36.12,p=1011.87",61,2,True,True
3939,"t=23.04,h=36.12,p=1011.87",62,2,True,True
3940,"t=23.04,h=36.12,p=1011.87",61,2,True,True
3941,"t=23.04,h=36.12,p=1011.87",62,28,True,True
3942,"t=23.04,h=36.12,p=1011.87",70,5,True,True
3943,"t=23.04,h=36.12,p=1011.87",62,2,True,True
3944,"t=23.04,h=36.12,p=1011.87",61,2,True,True
3945,"t=23.04,h=36.12,p=1011.87",62,2,True,True
3946,"t=23.04,h=36.12,p=1011.87",61,2,True,True
3947,"t=23.04,h=36.15,p=1011.90",62,2,True,True
3948,"t=23.04,h=36.15,p=1011.90",61,2,True,True
3949,"t=23.04,h=36.15,p=1011.90",62,2,True,True
3950,"t=23.04,h=36.15,p=1011.90",61,2,True,True
3951,"t=23.04,h=36.15,p=1011.90",62,6,True,True
3952,"t=23.04,h=36.15,p=1011.90",62,2,True,True
3953,"t=23.04,h=36.15,p=1011.90",62,27,True,True
3954,"t=23.04,h=36.15,p=1011.90",62,3,True,True
3955,"t=23.04,h=36.15,p=1011.90",62,2,True,True
3956,"t=23.04,h=36.12,p=1011.87",61,2,True,True
3957,"t=23.04,h=36.12,p=1011.87",62,2,True,True
3958,"t=23.04,h=36.12,p=1011.87",61,2,True,True
3959,"t=23.04,h=36.12,p=1011.87",63,2,True,True
3960,"t=23.04,h=36.12,p=1011.87",61,2,True,True
3961,"t=23.04,h=36.12,p=1011.87",63,2,True,True
3962,"t=23.04,h=36.12,p=1011.87",61,2,True,True
3963,"t=23.04,h=36.12,p=1011.87",62,2,True,True
3964,"t=23.04,h=36.12,p=1011.87",61,28,True,True
3965,"t=23.04,h=36.12,p=1011.87",63,7,True,True
3966,"t=23.04,h=36.13,p=1011.87",59,6,True,True
3967,"t=23.04,h=36.13,p=1011.87",61,8,True,True
3968,"t=23.04,h=36.13,p=1011.87",60,7,True,True
3969,"t=23.04,h=36.13,p=1011.87",61,7,True,True
3970,"t=23.04,h=36.13,p=1011.87",60,6,True,True
3971,"t=23.04,h=36.13,p=1011.87",61,6,True,True
3972,"t=23.04,h=36.13,p=1011.87",60,7,True,True
3973,"t=23.04,h=36.13,p=1011.87",81,2,True,True
3974,"t=23.04,h=36.13,p=1011.87",59,33,True,True
3975,"t=23.04,h=36.13,p=1011.87",62,3,True,True
3976,"t=23.04,h=36.11,p=1011.89",60,2,True,True
3977,"t=23.04,h=36.11,p=1011.89",61,2,True,True
3978,"t=23.04,h=36.11,p=1011.89",60,2,True,True
3979,"t=23.04,h=36.11,p=1011.89",61,36,True,True
3980,"t=23.04,h=36.11,p=1011.89",61,2,True,True
3981,"t=23.04,h=36.11,p=1011.89",61,2,True,True
3982,"t=23.04,h=36.11,p=1011.89",60,2,True,True
3983,"t=23.04,h=36.11,p=1011.89",61,2,True,True
3984,"t=23.04,h=36.11,p=1011.89",60,28,True,True
3985,"t=23.05,h=36.10,p=1011.90",63,2,True,True
3986,"t=23.05,h=36.10,p=1011.90",61,2,True,True
3987,"t=23.05,h=36.10,p=1011.90",62,2,True,True
3988,"t=23.05,h=36.10,p=1011.90",61,2,True,True
3989,"t=23.05,h=36.10,p=1011.90",68,2,True,True
3990,"t=23.05,h=36.10,p=1011.90",61,2,True,True
3991,"t=23.05,h=36.10,p=1011.90",62,2,True,True
3992,"t=23.05,h=36.10,p=1011.90",61,2,True,True
3993,"t=23.05,h=36.10,p=1011.90",62,2,True,True
3994,"t=23.05,h=36.10,p=1011.90",77,30,True,True
3995,"t=23.04,h=36.13,p=1011.90",63,2,True,True
3996,"t=23.04,h=36.13,p=1011.90",61,2,True,True
3997,"t=23.04,h=36.13,p=1011.90",62,3,True,True
3998,"t=23.04,h=36.13,p=1011.90",61,2,True,True
3999,"t=23.04,h=36.13,p=1011.90",62,30,True,True
4000,"t=23.04,h=36.13,p=1011.90",62,2,True,True
4001,"t=23.04,h=36.13,p=1011.90",63,6,True,True
4002,"t=23.04,h=36.13,p=1011.90",83,2,True,True
4003,"t=23.04,h=36.13,p=1011.90",62,2,True,True
4004,"t=23.04,h=36.13,p=1011.90",77,2,True,True
4005,"t=23.04,h=36.16,p=1011.90",62,2,True,True
4006,"t=23.04,h=36.16,p=1011.90",61,2,True,True
4007,"t=23.04,h=36.16,p=1011.90",63,2,True,True
4008,"t=23.04,h=36.16,p=1011.90",61,2,True,True
4009,"t=23.04,h=36.16,p=1011.90",62,2,True,True
4010,"t=23.04,h=36.16,p=1011.90",61,2,True,True
4011,"t=23.04,h=36.16,p=1011.90",63,28,True,True
4012,"t=23.04,h=36.16,p=1011.90",71,7,True,True
4013,"t=23.04,h=36.16,p=1011.90",63,7,True,True
4014,"t=23.04,h=36.16,p=1011.90",61,7,True,True
4015,"t=23.04,h=36.15,p=1011.91",63,6,True,True
4016,"t=23.04,h=36.15,p=1011.91",61,6,True,True
4017,"t=23.04,h=36.15,p=1011.91",63,40,True,True
4018,"t=23.04,h=36.15,p=1011.91",62,7,True,True
4019,"t=23.04,h=36.15,p=1011.91",62,10,True,True
4020,"t=23.04,h=36.15,p=1011.91",61,6,True,True
4021,"t=23.04,h=36.15,p=1011.91",62,6,True,True
4022,"t=23.04,h=36.15,p=1011.91",61,6,True,True
4023,"t=23.04,h=36.15,p=1011.91",63,6,True,True
4024,"t=23.03,h=36.13,p=1011.89",61,7,True,True
4025,"t=23.03,h=36.13,p=1011.89",62,2,True,True
4026,"t=23.03,h=36.13,p=1011.89",61,2,True,True
4027,"t=23.03,h=36.13,p=1011.89",63,1,True,True
4028,"t=23.03,h=36.13,p=1011.89",61,2,True,True
4029,"t=23.03,h=36.13,p=1011.89",62,44,True,True
4030,"t=23.03,h=36.13,p=1011.89",69,7,True,True
4031,"t=23.03,h=36.13,p=1011.89",63,6,True,True
4032,"t=23.03,h=36.13,p=1011.89",61,3,True,True
4033,"t=23.03,h=36.13,p=1011.89",63,2,True,True
4034,"t=23.04,h=36.16,p=1011.90",61,2,True,True
4035,"t=23.04,h=36.16,p=1011.90",62,2,True,True
4036,"t=23.04,h=36.16,p=1011.90",61,2,True,True
4037,"t=23.04,h=36.16,p=1011.90",62,2,True,True
4038,"t=23.04,h=36.16,p=1011.90",61,2,True,True
4039,"t=23.04,h=36.16,p=1011.90",62,2,True,True
4040,"t=23.04,h=36.16,p=1011.90",61,2,True,True
4041,"t=23.04,h=36.16,p=1011.90",62,24,True,True
4042,"t=23.04,h=36.16,p=1011.90",71,2,True,True
4043,"t=23.04,h=36.16,p=1011.90",62,2,True,True
4044,"t=23.04,h=36.16,p=1011.88",61,2,True,True
4045,"t=23.04,h=36.16,p=1011.88",62,2,True,True
4046,"t=23.04,h=36.16,p=1011.88",61,2,True,True
4047,"t=23.04,h=36.16,p=1011.88",62,2,True,True
4048,"t=23.04,h=36.16,p=1011.88",61,2,True,True
4049,"t=23.04,h=36.16,p=1011.88",62,2,True,True
4050,"t=23.04,h=36.16,p=1011.88",61,2,True,True
4051,"t=23.04,h=36.16,p=1011.88",62,5,True,True
4052,"t=23.04,h=36.16,p=1011.88",61,2,True,True
4053,"t=23.05,h=36.14,p=1011.89",62,45,True,True
4054,"t=23.05,h=36.14,p=1011.89",69,10,True,True
4055,"t=23.05,h=36.14,p=1011.89",62,7,True,True
4056,"t=23.05,h=36.14,p=1011.89",61,6,True,True
4057,"t=23.05,h=36.14,p=1011.89",62,6,True,True
4058,"t=23.05,h=36.14,p=1011.89",61,6,True,True
4059,"t=23.05,h=36.14,p=1011.89",62,4,True,True
4060,"t=23.05,h=36.14,p=1011.89",61,2,True,True
4061,"t=23.05,h=36.14,p=1011.89",62,2,True,True
4062,"t=23.05,h=36.14,p=1011.89",61,2,True,True
4063,"t=23.04,h=36.10,p=1011.88",62,2,True,True
4064,"t=23.04,h=36.10,p=1011.88",61,2,True,True
4065,"t=23.04,h=36.10,p=1011.88",64,2,True,True
4066,"t=23.04,h=36.10,p=1011.88",62,25,True,True
4067,"t=23.04,h=36.10,p=1011.88",63,2,True,True
4068,"t=23.04,h=36.10,p=1011.88",61,2,True,True
4069,"t=23.04,h=36.10,p=1011.88",62,2,True,True
4070,"t=23.04,h=36.10,p=1011.88",61,2,True,True
4071,"t=23.04,h=36.10,p=1011.88",83,41,True,True
4072,"t=23.04,h=36.10,p=1011.88",62,3,True,True
4073,"t=23.04,h=36.16,p=1011.89",62,2,True,True
4074,"t=23.04,h=36.16,p=1011.89",61,3,True,True
4075,"t=23.04,h=36.16,p=1011.89",63,2,True,True
4076,"t=23.04,h=36.16,p=1011.89",61,2,True,True
4077,"t=23.04,h=36.16,p=1011.89",62,56,True,True
4078,"t=23.04,h=36.16,p=1011.89",63,8,True,True
4079,"t=23.04,h=36.16,p=1011.89",62,7,True,True
4080,"t=23.04,h=36.16,p=1011.89",61,6,True,True
4081,"t=23.04,h=36.16,p=1011.89",63,6,True,True
4082,"t=23.04,h=36.15,p=1011.91",61,7,True,True
4083,"t=23.04,h=36.15,p=1011.91",62,7,True,True
4084,"t=23.04,h=36.15,p=1011.91",61,7,True,True
4085,"t=23.04,h=36.15,p=1011.91",62,6,True,True
4086,"t=23.04,h=36.15,p=1011.91",77,24,True,True
4087,"t=23.04,h=36.15,p=1011.91",63,4,True,True
4088,"t=23.04,h=36.15,p=1011.91",61,3,True,True
4089,"t=23.04,h=36.15,p=1011.91",62,2,True,True
4090,"t=23.04,h=36.15,p=1011.91",61,2,True,True
4091,"t=23.04,h=36.15,p=1011.91",63,2,True,True
4092,"t=23.04,h=36.16,p=1011.90",61,2,True,True
4093,"t=23.04,h=36.16,p=1011.90",63,2,True,True
4094,"t=23.04,h=36.16,p=1011.90",83,2,True,True
4095,"t=23.04,h=36.16,p=1011.90",63,2,True,True
4096,"t=23.04,h=36.16,p=1011.90",61,2,True,True
4097,"t=23.04,h=36.16,p=1011.90",63,32,True,True
4098,"t=23.04,h=36.16,p=1011.90",62,3,True,True
4099,"t=23.04,h=36.16,p=1011.90",62,2,True,True
4100,"t=23.04,h=36.16,p=1011.90",61,2,True,True
4101,"t=23.04,h=36.16,p=1011.90",64,5,True,True
4102,"t=23.04,h=36.19,p=1011.85",66,2,True,True
4103,"t=23.04,h=36.19,p=1011.85",62,2,True,True
4104,"t=23.04,h=36.19,p=1011.85",61,2,True,True
4105,"t=23.04,h=36.19,p=1011.85",63,2,True,True
4106,"t=23.04,h=36.19,p=1011.85",61,15,True,True
4107,"t=23.04,h=36.19,p=1011.85",63,3,True,True
4108,"t=23.04,h=36.19,p=1011.85",61,2,True,True
4109,"t=23.04,h=36.19,p=1011.85",62,2,True,True
4110,"t=23.04,h=36.19,p=1011.85",61,2,True,True
4111,"t=23.04,h=36.17,p=1011.90",62,2,True,True
4112,"t=23.04,h=36.17,p=1011.90",61,39,True,True
4113,"t=23.04,h=36.17,p=1011.90",64,7,True,True
4114,"t=23.04,h=36.17,p=1011.90",61,7,True,True
4115,"t=23.04,h=36.17,p=1011.90",62,6,True,True
4116,"t=23.04,h=36.17,p=1011.90",61,7,True,True
4117,"t=23.04,h=36.17,p=1011.90",62,7,True,True
4118,"t=23.04,h=36.17,p=1011.90",61,11,True,True
4119,"t=23.04,h=36.17,p=1011.90",62,6,True,True
4120,"t=23.04,h=36.17,p=1011.90",61,6,True,True
4121,"t=23.03,h=36.11,p=1011.87",63,12,True,True
4122,"t=23.03,h=36.11,p=1011.87",61,5,True,True
4123,"t=23.03,h=36.11,p=1011.87",63,4,True,True
4124,"t=23.03,h=36.11,p=1011.87",61,33,True,True
4125,"t=23.03,h=36.11,p=1011.87",70,5,True,True
4126,"t=23.03,h=36.11,p=1011.87",63,5,True,True
4127,"t=23.03,h=36.11,p=1011.87",61,6,True,True
4128,"t=23.03,h=36.11,p=1011.87",62,4,True,True
4129,"t=23.03,h=36.11,p=1011.87",61,4,True,True
4130,"t=23.03,h=36.11,p=1011.87",62,40,True,True
4131,"t=23.04,h=36.17,p=1011.88",63,7,True,True
4132,"t=23.04,h=36.17,p=1011.88",62,9,True,True
4133,"t=23.04,h=36.17,p=1011.88",61,7,True,True
4134,"t=23.04,h=36.17,p=1011.88",63,6,True,True
4135,"t=23.04,h=36.17,p=1011.88",61,2,True,True
4136,"t=23.04,h=36.17,p=1011.88",63,2,True,True
4137,"t=23.04,h=36.17,p=1011.88",61,46,True,True
4138,"t=23.04,h=36.17,p=1011.88",64,2,True,True
4139,"t=23.04,h=36.17,p=1011.88",61,2,True,True
4140,"t=23.04,h=36.17,p=1011.88",62,2,True,True
4141,"t=23.04,h=36.10,p=1011.86",61,2,True,True
4142,"t=23.04,h=36.10,p=1011.86",62,2,True,True
4143,"t=23.04,h=36.10,p=1011.86",61,2,True,True
4144,"t=23.04,h=36.10,p=1011.86",63,2,True,True
4145,"t=23.04,h=36.10,p=1011.86",61,2,True,True
4146,"t=23.04,h=36.10,p=1011.86",72,2,True,True
4147,"t=23.04,h=36.10,p=1011.86",61,2,True,True
4148,"t=23.04,h=36.10,p=1011.86",62,29,True,True
4149,"t=23.04,h=36.10,p=1011.86",63,7,True,True
4150,"t=23.04,h=36.13,p=1011.88",61,5,True,True
4151,"t=23.04,h=36.13,p=1011.88",60,5,True,True
4152,"t=23.04,h=36.13,p=1011.88",62,2,True,True
4153,"t=23.04,h=36.13,p=1011.88",59,27,True,True
4154,"t=23.04,h=36.13,p=1011.88",62,3,True,True
4155,"t=23.04,h=36.13,p=1011.88",59,2,True,True
4156,"t=23.04,h=36.13,p=1011.88",61,2,True,True
4157,"t=23.04,h=36.13,p=1011.88",60,3,True,True
4158,"t=23.04,h=36.13,p=1011.88",61,2,True,True
4159,"t=23.04,h=36.13,p=1011.88",59,2,True,True
4160,"t=23.04,h=36.17,p=1011.88",63,2,True,True
4161,"t=23.04,h=36.17,p=1011.88",62,2,True,True
4162,"t=23.04,h=36.17,p=1011.88",62,2,True,True
4163,"t=23.04,h=36.17,p=1011.88",61,2,True,True
4164,"t=23.04,h=36.17,p=1011.88",63,2,True,True
4165,"t=23.04,h=36.17,p=1011.88",75,33,True,True
4166,"t=23.04,h=36.17,p=1011.88",70,5,True,True
4167,"t=23.04,h=36.17,p=1011.88",62,5,True,True
4168,"t=23.04,h=36.17,p=1011.88",61,4,True,True
4169,"t=23.04,h=36.17,p=1011.88",63,4,True,True
4170,"t=23.05,h=36.11,p=1011.90",62,4,True,True
4171,"t=23.05,h=36.11,p=1011.90",62,4,True,True
4172,"t=23.05,h=36.11,p=1011.90",61,5,True,True
4173,"t=23.05,h=36.11,p=1011.90",62,5,True,True
4174,"t=23.05,h=36.11,p=1011.90",61,2,True,True
4175,"t=23.05,h=36.11,p=1011.90",62,2,True,True
4176,"t=23.05,h=36.11,p=1011.90",61,2,True,True
4177,"t=23.05,h=36.11,p=1011.90",62,52,True,True
4178,"t=23.05,h=36.11,p=1011.90",71,9,True,True
4179,"t=23.05,h=36.16,p=1011.90",63,7,True,True
4180,"t=23.05,h=36.16,p=1011.90",61,2,True,True
4181,"t=23.05,h=36.16,p=1011.90",62,2,True,True
4182,"t=23.05,h=36.16,p=1011.90",61,2,True,True
4183,"t=23.05,h=36.16,p=1011.90",62,2,True,True
4184,"t=23.05,h=36.16,p=1011.90",61,2,True,True
4185,"t=23.05,h=36.16,p=1011.90",62,2,True,True
4186,"t=23.05,h=36.16,p=1011.90",62,2,True,True
4187,"t=23.05,h=36.16,p=1011.90",62,2,True,True
4188,"t=23.05,h=36.16,p=1011.90",85,38,True,True
4189,"t=23.05,h=36.14,p=1011.87",63,7,True,True
4190,"t=23.05,h=36.14,p=1011.87",61,2,True,True
4191,"t=23.05,h=36.14,p=1011.87",62,2,True,True
4192,"t=23.05,h=36.14,p=1011.87",61,2,True,True
4193,"t=23.05,h=36.14,p=1011.87",62,2,True,True
4194,"t=23.05,h=36.14,p=1011.87",61,2,True,True
4195,"t=23.05,h=36.14,p=1011.87",62,2,True,True
4196,"t=23.05,h=36.14,p=1011.87",61,2,True,True
4197,"t=23.05,h=36.14,p=1011.87",62,2,True,True
4198,"t=23.05,h=36.14,p=1011.87",61,2,True,True
4199,"t=23.05,h=36.16,p=1011.89",62,28,True,True
4200,"t=23.05,h=36.16,p=1011.89",62,5,True,True
4201,"t=23.05,h=36.16,p=1011.89",63,11,True,True
4202,"t=23.05,h=36.16,p=1011.89",61,6,True,True
4203,"t=23.05,h=36.16,p=1011.89",62,4,True,True
4204,"t=23.05,h=36.16,p=1011.89",78,40,True,True
4205,"t=23.05,h=36.16,p=1011.89",64,7,True,True
4206,"t=23.05,h=36.16,p=1011.89",61,7,True,True
4207,"t=23.05,h=36.16,p=1011.89",62,8,True,True
4208,"t=23.05,h=36.16,p=1011.89",61,6,True,True
4209,"t=23.04,h=36.15,p=1011.89",63,6,True,True
4210,"t=23.04,h=36.15,p=1011.89",61,3,True,True
4211,"t=23.04,h=36.15,p=1011.89",62,2,True,True
4212,"t=23.04,h=36.15,p=1011.89",61,2,True,True
4213,"t=23.04,h=36.15,p=1011.89",63,2,True,True
4214,"t=23.04,h=36.15,p=1011.89",61,2,True,True
4215,"t=23.04,h=36.15,p=1011.89",62,2,True,True
4216,"t=23.04,h=36.15,p=1011.89",61,38,True,True
4217,"t=23.04,h=36.15,p=1011.89",71,9,True,True
4218,"t=23.05,h=36.09,p=1011.88",63,7,True,True
4219,"t=23.05,h=36.09,p=1011.88",61,6,True,True
4220,"t=23.05,h=36.09,p=1011.88",63,4,True,True
4221,"t=23.05,h=36.09,p=1011.88",61,2,True,True
4222,"t=23.05,h=36.09,p=1011.88",62,2,True,True
4223,"t=23.05,h=36.09,p=1011.88",61,2,True,True
4224,"t=23.05,h=36.09,p=1011.88",62,2,True,True
4225,"t=23.05,h=36.09,p=1011.88",61,2,True,True
4226,"t=23.05,h=36.09,p=1011.88",62,2,True,True
4227,"t=23.05,h=36.09,p=1011.88",61,2,True,True
4228,"t=22.94,h=36.13,p=1011.70",62,39,True,True
4229,"t=22.94,h=36.13,p=1011.70",72,7,True,True
4230,"t=22.94,h=36.13,p=1011.70",63,7,True,True
4231,"t=22.94,h=36.13,p=1011.70",61,7,True,True
4232,"t=22.94,h=36.13,p=1011.70",62,8,True,True
4233,"t=22.94,h=36.13,p=1011.70",62,6,True,True
4234,"t=22.94,h=36.13,p=1011.70",62,38,True,True
4235,"t=22.94,h=36.13,p=1011.70",63,7,True,True
4236,"t=22.94,h=36.13,p=1011.70",62,6,True,True
4237,"t=22.94,h=36.13,p=1011.70",62,7,True,True
4238,"t=23.04,h=36.13,p=1011.88",62,6,True,True
4239,"t=23.04,h=36.13,p=1011.88",79,6,True,True
4240,"t=23.04,h=36.13,p=1011.88",62,6,True,True
4241,"t=23.04,h=36.13,p=1011.88",61,6,True,True
4242,"t=23.04,h=36.13,p=1011.88",62,7,True,True
4243,"t=23.04,h=36.13,p=1011.88",61,6,True,True
4244,"t=23.04,h=36.13,p=1011.88",62,6,True,True
4245,"t=23.04,h=36.13,p=1011.88",61,6,True,True
4246,"t=23.04,h=36.13,p=1011.88",76,27,True,True
4247,"t=23.04,h=36.15,p=1011.89",69,5,True,True
4248,"t=23.04,h=36.15,p=1011.89",62,2,True,True
4249,"t=23.04,h=36.15,p=1011.89",61,2,True,True
4250,"t=23.04,h=36.15,p=1011.89",62,2,True,True
4251,"t=23.04,h=36.15,p=1011.89",61,12,True,True
4252,"t=23.04,h=36.15,p=1011.89",63,6,True,True
4253,"t=23.04,h=36.15,p=1011.89",61,4,True,True
4254,"t=23.04,h=36.15,p=1011.89",62,4,True,True
4255,"t=23.04,h=36.15,p=1011.89",61,4,True,True
4256,"t=23.04,h=36.15,p=1011.89",62,4,True,True
4257,"t=23.05,h=36.12,p=1011.86",61,5,True,True
4258,"t=23.05,h=36.12,p=1011.86",62,41,True,True
4259,"t=23.05,h=36.12,p=1011.86",71,7,True,True
4260,"t=23.05,h=36.12,p=1011.86",62,7,True,True
4261,"t=23.05,h=36.12,p=1011.86",61,2,True,True
4262,"t=23.05,h=36.12,p=1011.86",62,3,True,True
4263,"t=23.05,h=36.12,p=1011.86",61,2,True,True
4264,"t=23.05,h=36.12,p=1011.86",62,2,True,True
4265,"t=23.05,h=36.12,p=1011.86",61,2,True,True
4266,"t=23.05,h=36.12,p=1011.86",63,2,True,True
4267,"t=23.04,h=36.11,p=1011.87",59,2,True,True
4268,"t=23.04,h=36.11,p=1011.87",61,2,True,True
4269,"t=23.04,h=36.11,p=1011.87",60,2,True,True
4270,"t=23.04,h=36.11,p=1011.87",85,28,True,True
4271,"t=23.04,h=36.11,p=1011.87",61,5,True,True
4272,"t=23.04,h=36.11,p=1011.87",61,6,True,True
4273,"t=23.04,h=36.11,p=1011.87",60,5,True,True
4274,"t=23.04,h=36.11,p=1011.87",61,4,True,True
4275,"t=23.04,h=36.11,p=1011.87",60,2,True,True
4276,"t=23.05,h=36.14,p=1011.87",63,2,True,True
4277,"t=23.05,h=36.14,p=1011.87",61,2,True,True
4278,"t=23.05,h=36.14,p=1011.87",62,2,True,True
4279,"t=23.05,h=36.14,p=1011.87",61,2,True,True
4280,"t=23.05,h=36.14,p=1011.87",62,2,True,True
4281,"t=23.05,h=36.14,p=1011.87",61,51,True,True
4282,"t=23.05,h=36.14,p=1011.87",63,9,True,True
4283,"t=23.05,h=36.14,p=1011.87",61,6,True,True
4284,"t=23.05,h=36.14,p=1011.87",63,7,True,True
4285,"t=23.05,h=36.14,p=1011.87",61,6,True,True
4286,"t=23.05,h=36.12,p=1011.90",62,7,True,True
4287,"t=23.05,h=36.12,p=1011.90",61,2,True,True
4288,"t=23.05,h=36.12,p=1011.90",62,2,True,True
4289,"t=23.05,h=36.12,p=1011.90",61,2,True,True
4290,"t=23.05,h=36.12,p=1011.90",62,2,True,True
4291,"t=23.05,h=36.12,p=1011.90",61,43,True,True
4292,"t=23.05,h=36.12,p=1011.90",64,25,True,True
4293,"t=23.05,h=36.12,p=1011.90",61,7,True,True
4294,"t=23.05,h=36.12,p=1011.90",62,7,True,True
4295,"t=23.05,h=36.12,p=1011.90",61,6,True,True
4296,"t=23.05,h=36.15,p=1011.88",63,4,True,True
4297,"t=23.05,h=36.15,p=1011.88",61,2,True,True
4298,"t=23.05,h=36.15,p=1011.88",62,2,True,True
4299,"t=23.05,h=36.15,p=1011.88",61,2,True,True
4300,"t=23.05,h=36.15,p=1011.88",62,2,True,True
4301,"t=23.05,h=36.15,p=1011.88",62,40,True,True
4302,"t=23.05,h=36.15,p=1011.88",64,7,True,True
4303,"t=23.05,h=36.15,p=1011.88",61,7,True,True
4304,"t=23.05,h=36.15,p=1011.88",63,6,True,True
4305,"t=23.05,h=36.15,p=1011.88",61,6,True,True
4306,"t=23.05,h=36.11,p=1011.88",62,8,True,True
4307,"t=23.05,h=36.11,p=1011.88",61,6,True,True
4308,"t=23.05,h=36.11,p=1011.88",62,6,True,True
4309,"t=23.05,h=36.11,p=1011.88",79,6,True,True
4310,"t=23.05,h=36.11,p=1011.88",62,2,True,True
4311,"t=23.05,h=36.11,p=1011.88",61,2,True,True
4312,"t=23.05,h=36.11,p=1011.88",62,2,True,True
4313,"t=23.05,h=36.11,p=1011.88",61,39,True,True
4314,"t=23.05,h=36.11,p=1011.88",63,7,True,True
4315,"t=23.05,h=36.15,p=1011.89",61,6,True,True
4316,"t=23.05,h=36.15,p=1011.89",63,7,True,True
4317,"t=23.05,h=36.15,p=1011.89",61,6,True,True
4318,"t=23.05,h=36.15,p=1011.89",62,6,True,True
4319,"t=23.05,h=36.15,p=1011.89",61,6,True,True
4320,"t=23.05,h=36.15,p=1011.89",62,2,True,True
4321,"t=23.05,h=36.15,p=1011.89",62,2,True,True
4322,"t=23.05,h=36.15,p=1011.89",62,2,True,True
4323,"t=23.05,h=36.15,p=1011.89",61,34,True,True
4324,"t=23.05,h=36.15,p=1011.89",64,5,True,True
4325,"t=23.05,h=36.15,p=1011.91",61,5,True,True
4326,"t=23.05,h=36.15,p=1011.91",63,6,True,True
4327,"t=23.05,h=36.15,p=1011.91",61,5,True,True
4328,"t=23.05,h=36.15,p=1011.91",62,4,True,True
4329,"t=23.05,h=36.15,p=1011.91",61,4,True,True
4330,"t=23.05,h=36.15,p=1011.91",63,4,True,True
4331,"t=23.05,h=36.15,p=1011.91",61,4,True,True
4332,"t=23.05,h=36.15,p=1011.91",63,40,True,True
4333,"t=23.05,h=36.15,p=1011.91",63,8,True,True
4334,"t=23.05,h=36.15,p=1011.91",63,7,True,True
4335,"t=23.05,h=36.15,p=1011.87",61,6,True,True
4336,"t=23.05,h=36.15,p=1011.87",62,7,True,True
4337,"t=23.05,h=36.15,p=1011.87",61,6,True,True
4338,"t=23.05,h=36.15,p=1011.87",62,6,True,True
4339,"t=23.05,h=36.15,p=1011.87",61,6,True,True
4340,"t=23.05,h=36.15,p=1011.87",62,6,True,True
4341,"t=23.05,h=36.15,p=1011.87",61,2,True,True
4342,"t=23.05,h=36.15,p=1011.87",87,58,True,True
4343,"t=23.05,h=36.15,p=1011.87",62,3,True,True
4344,"t=23.05,h=36.16,p=1011.87",62,2,True,True
4345,"t=23.05,h=36.16,p=1011.87",61,2,True,True
4346,"t=23.05,h=36.16,p=1011.87",62,3,True,True
4347,"t=23.05,h=36.16,p=1011.87",61,2,True,True
4348,"t=23.05,h=36.16,p=1011.87",62,2,True,True
4349,"t=23.05,h=36.16,p=1011.87",61,2,True,True
4350,"t=23.05,h=36.16,p=1011.87",87,2,True,True
4351,"t=23.05,h=36.16,p=1011.87",61,5,True,True
4352,"t=23.05,h=36.16,p=1011.87",63,28,True,True
4353,"t=23.05,h=36.16,p=1011.87",62,7,True,True
4354,"t=23.05,h=36.15,p=1011.87",63,6,True,True
4355,"t=23.05,h=36.15,p=1011.87",61,6,True,True
4356,"t=23.05,h=36.15,p=1011.87",62,7,True,True
4357,"t=23.05,h=36.15,p=1011.87",61,6,True,True
4358,"t=23.05,h=36.15,p=1011.87",62,6,True,True
4359,"t=23.05,h=36.15,p=1011.87",61,8,True,True
4360,"t=23.05,h=36.15,p=1011.87",62,7,True,True
4361,"t=23.05,h=36.15,p=1011.87",61,7,True,True
4362,"t=23.05,h=36.15,p=1011.87",62,6,True,True
4363,"t=23.05,h=36.15,p=1011.87",61,26,True,True
4364,"t=23.05,h=36.14,p=1011.88",63,2,True,True
4365,"t=23.05,h=36.14,p=1011.88",61,2,True,True
4366,"t=23.05,h=36.14,p=1011.88",62,3,True,True
4367,"t=23.05,h=36.14,p=1011.88",61,2,True,True
4368,"t=23.05,h=36.14,p=1011.88",62,2,True,True
4369,"t=23.05,h=36.14,p=1011.88",61,2,True,True
4370,"t=23.05,h=36.14,p=1011.88",62,2,True,True
4371,"t=23.05,h=36.14,p=1011.88",61,2,True,True
4372,"t=23.05,h=36.14,p=1011.88",62,3,True,True
4373,"t=23.05,h=36.14,p=1011.88",61,28,True,True
4374,"t=23.05,h=36.15,p=1011.85",64,3,True,True
4375,"t=23.05,h=36.15,p=1011.85",61,2,True,True
4376,"t=23.05,h=36.15,p=1011.85",62,3,True,True
4377,"t=23.05,h=36.15,p=1011.85",61,2,True,True
4378,"t=23.05,h=36.15,p=1011.85",62,2,True,True
4379,"t=23.05,h=36.15,p=1011.85",61,2,True,True
4380,"t=23.05,h=36.15,p=1011.85",62,2,True,True
4381,"t=23.05,h=36.15,p=1011.85",61,2,True,True
4382,"t=23.05,h=36.15,p=1011.85",62,2,True,True
4383,"t=23.06,h=36.14,p=1011.88",72,34,True,True
4384,"t=23.06,h=36.14,p=1011.88",76,5,True,True
4385,"t=23.06,h=36.14,p=1011.88",71,5,True,True
4386,"t=23.06,h=36.14,p=1011.88",75,6,True,True
4387,"t=23.06,h=36.14,p=1011.88",70,4,True,True
4388,"t=23.06,h=36.14,p=1011.88",75,36,True,True
4389,"t=23.06,h=36.14,p=1011.88",71,6,True,True
4390,"t=23.06,h=36.14,p=1011.88",75,5,True,True
4391,"t=23.06,h=36.14,p=1011.88",70,5,True,True
4392,"t=23.06,h=36.14,p=1011.88",75,5,True,True
4393,"t=23.05,h=36.12,p=1011.89",61,22,True,True
4394,"t=23.05,h=36.12,p=1011.89",62,38,True,True
4395,"t=23.05,h=36.12,p=1011.89",64,7,True,True
4396,"t=23.05,h=36.12,p=1011.89",62,7,True,True
4397,"t=23.05,h=36.12,p=1011.89",61,6,True,True
4398,"t=23.05,h=36.12,p=1011.89",62,7,True,True
4399,"t=23.05,h=36.12,p=1011.89",61,42,True,True
4400,"t=23.05,h=36.12,p=1011.89",65,13,True,True
4401,"t=23.05,h=36.12,p=1011.89",62,30,True,True
4402,"t=23.05,h=36.12,p=1011.89",62,2,True,True
4403,"t=23.04,h=36.19,p=1011.88",61,4,True,True
4404,"t=23.04,h=36.19,p=1011.88",62,2,True,True
4405,"t=23.04,h=36.19,p=1011.88",61,2,True,True
4406,"t=23.04,h=36.19,p=1011.88",62,2,True,True
4407,"t=23.04,h=36.19,p=1011.88",61,2,True,True
4408,"t=23.04,h=36.19,p=1011.88",62,2,True,True
4409,"t=23.04,h=36.19,p=1011.88",61,2,True,True
4410,"t=23.04,h=36.19,p=1011.88",63,2,True,True
4411,"t=23.04,h=36.19,p=1011.88",61,39,True,True
4412,"t=23.05,h=36.16,p=1011.86",72,8,True,True
4413,"t=23.05,h=36.16,p=1011.86",63,11,True,True
4414,"t=23.05,h=36.16,p=1011.86",61,6,True,True
4415,"t=23.05,h=36.16,p=1011.86",62,6,True,True
4416,"t=23.05,h=36.16,p=1011.86",61,6,True,True
4417,"t=23.05,h=36.16,p=1011.86",62,3,True,True
4418,"t=23.05,h=36.16,p=1011.86",61,2,True,True
4419,"t=23.05,h=36.16,p=1011.86",62,2,True,True
4420,"t=23.05,h=36.16,p=1011.86",61,2,True,True
4421,"t=23.05,h=36.16,p=1011.86",64,2,True,True
4422,"t=23.04,h=36.17,p=1011.87",61,2,True,True
4423,"t=23.04,h=36.17,p=1011.87",62,39,True,True
4424,"t=23.04,h=36.17,p=1011.87",71,7,True,True
4425,"t=23.04,h=36.17,p=1011.87",62,6,True,True
4426,"t=23.04,h=36.17,p=1011.87",61,6,True,True
4427,"t=23.04,h=36.17,p=1011.87",62,6,True,True
4428,"t=23.04,h=36.17,p=1011.87",61,7,True,True
4429,"t=23.04,h=36.17,p=1011.87",62,6,True,True
4430,"t=23.04,h=36.17,p=1011.87",61,6,True,True
4431,"t=23.04,h=36.17,p=1011.87",62,6,True,True
4432,"t=23.04,h=36.19,p=1011.86",62,24,True,True
4433,"t=23.04,h=36.19,p=1011.86",62,7,True,True
4434,"t=23.04,h=36.19,p=1011.86",61,32,True,True
4435,"t=23.04,h=36.19,p=1011.86",65,3,True,True
4436,"t=23.04,h=36.19,p=1011.86",61,2,True,True
4437,"t=23.04,h=36.19,p=1011.86",62,2,True,True
4438,"t=23.04,h=36.19,p=1011.86",61,3,True,True
4439,"t=23.04,h=36.19,p=1011.86",62,2,True,True
4440,"t=23.04,h=36.19,p=1011.86",62,2,True,True
4441,"t=23.04,h=36.23,p=1011.86",62,2,True,True
4442,"t=23.05,h=36.23,p=1011.86",61,2,True,True
4443,"t=23.05,h=36.23,p=1011.86",62,2,True,True
4444,"t=23.05,h=36.23,p=1011.86",83,57,True,True
4445,"t=23.05,h=36.23,p=1011.86",64,8,True,True
4446,"t=23.05,h=36.23,p=1011.86",61,8,True,True
4447,"t=23.05,h=36.23,p=1011.86",63,2,True,True
4448,"t=23.05,h=36.23,p=1011.86",61,3,True,True
4449,"t=23.05,h=36.23,p=1011.86",62,2,True,True
4450,"t=23.05,h=36.23,p=1011.86",61,40,True,True
4451,"t=23.05,h=36.26,p=1011.86",65,16,True,True
4452,"t=23.05,h=36.26,p=1011.86",61,5,True,True
4453,"t=23.05,h=36.26,p=1011.86",62,5,True,True
4454,"t=23.05,h=36.26,p=1011.86",61,4,True,True
4455,"t=23.05,h=36.26,p=1011.86",62,4,True,True
4456,"t=23.05,h=36.26,p=1011.86",61,4,True,True
4457,"t=23.05,h=36.26,p=1011.86",63,4,True,True
4458,"t=23.05,h=36.26,p=1011.86",61,5,True,True
4459,"t=23.05,h=36.26,p=1011.86",63,5,True,True
4460,"t=23.05,h=36.26,p=1011.86",61,5,True,True
4461,"t=23.05,h=36.31,p=1011.86",62,4,True,True
4462,"t=23.05,h=36.31,p=1011.86",79,29,True,True
4463,"t=23.05,h=36.31,p=1011.86",70,9,True,True
4464,"t=23.05,h=36.31,p=1011.86",62,6,True,True
4465,"t=23.05,h=36.31,p=1011.86",61,6,True,True
4466,"t=23.05,h=36.31,p=1011.86",62,6,True,True
4467,"t=23.05,h=36.31,p=1011.86",61,6,True,True
4468,"t=23.05,h=36.31,p=1011.86",62,7,True,True
4469,"t=23.05,h=36.31,p=1011.86",61,6,True,True
4470,"t=23.05,h=36.31,p=1011.86",67,2,True,True
4471,"t=23.04,h=36.30,p=1011.86",61,2,True,True
4472,"t=23.04,h=36.30,p=1011.86",62,2,True,True
4473,"t=23.04,h=36.30,p=1011.86",62,2,True,True
4474,"t=23.04,h=36.30,p=1011.86",62,40,True,True
4475,"t=23.04,h=36.30,p=1011.86",72,7,True,True
4476,"t=23.04,h=36.30,p=1011.86",62,7,True,True
4477,"t=23.04,h=36.30,p=1011.86",61,6,True,True
4478,"t=23.04,h=36.30,p=1011.86",62,7,True,True
4479,"t=23.04,h=36.30,p=1011.86",61,6,True,True
4480,"t=23.05,h=36.33,p=1011.88",62,29,True,True
4481,"t=23.05,h=36.33,p=1011.88",63,7,True,True
4482,"t=23.05,h=36.33,p=1011.88",62,6,True,True
4483,"t=23.05,h=36.33,p=1011.88",61,7,True,True
4484,"t=23.05,h=36.33,p=1011.88",62,7,True,True
4485,"t=23.05,h=36.33,p=1011.88",61,35,True,True
4486,"t=23.05,h=36.33,p=1011.88",64,4,True,True
4487,"t=23.05,h=36.33,p=1011.88",61,2,True,True
4488,"t=23.05,h=36.33,p=1011.88",62,2,True,True
4489,"t=23.05,h=36.33,p=1011.88",61,2,True,True
4490,"t=23.05,h=36.37,p=1011.89",62,2,True,True
4491,"t=23.05,h=36.37,p=1011.89",61,2,True,True
4492,"t=23.05,h=36.37,p=1011.89",63,2,True,True
4493,"t=23.05,h=36.37,p=1011.89",61,2,True,True
4494,"t=23.05,h=36.37,p=1011.89",63,2,True,True
4495,"t=23.05,h=36.37,p=1011.89",70,2,True,True
4496,"t=23.05,h=36.37,p=1011.89",62,26,True,True
4497,"t=23.05,h=36.37,p=1011.89",64,11,True,True
4498,"t=23.05,h=36.37,p=1011.89",63,2,True,True
4499,"t=23.05,h=36.37,p=1011.89",61,2,True,True
4500,"t=23.05,h=36.38,p=1011.85",62,2,True,True
4501,"t=23.05,h=36.38,p=1011.85",62,5,True,True
4502,"t=23.05,h=36.38,p=1011.85",62,2,True,True
4503,"t=23.05,h=36.38,p=1011.85",61,2,True,True
4504,"t=23.05,h=36.38,p=1011.85",62,2,True,True
4505,"t=23.05,h=36.38,p=1011.85",62,2,True,True
4506,"t=23.05,h=36.38,p=1011.85",79,29,True,True
4507,"t=23.05,h=36.38,p=1011.85",63,7,True,True
4508,"t=23.05,h=36.38,p=1011.85",62,7,True,True
4509,"t=23.05,h=36.37,p=1011.88",61,7,True,True
4510,"t=23.05,h=36.37,p=1011.88",62,7,True,True
4511,"t=23.05,h=36.37,p=1011.88",61,6,True,True
4512,"t=23.05,h=36.37,p=1011.88",63,6,True,True
4513,"t=23.05,h=36.37,p=1011.88",61,6,True,True
4514,"t=23.05,h=36.37,p=1011.88",62,2,True,True
4515,"t=23.05,h=36.37,p=1011.88",61,2,True,True
4516,"t=23.05,h=36.37,p=1011.88",62,27,True,True
4517,"t=23.05,h=36.37,p=1011.88",71,27,True,True
4518,"t=23.05,h=36.37,p=1011.88",65,2,True,True
4519,"t=23.05,h=36.44,p=1011.86",61,2,True,True
4520,"t=23.05,h=36.44,p=1011.86",62,2,True,True
4521,"t=23.05,h=36.44,p=1011.86",61,2,True,True
4522,"t=23.05,h=36.44,p=1011.86",63,2,True,True
4523,"t=23.05,h=36.44,p=1011.86",61,2,True,True
4524,"t=23.05,h=36.44,p=1011.86",62,2,True,True
4525,"t=23.05,h=36.44,p=1011.86",61,2,True,True
4526,"t=23.05,h=36.44,p=1011.86",78,37,True,True
4527,"t=23.05,h=36.44,p=1011.86",63,7,True,True
4528,"t=23.05,h=36.44,p=1011.86",62,6,True,True
4529,"t=23.05,h=36.44,p=1011.86",61,6,True,True
4530,"t=23.05,h=36.44,p=1011.86",63,7,True,True
4531,"t=23.05,h=36.44,p=1011.86",62,7,True,True
4532,"t=23.05,h=36.44,p=1011.86",62,6,True,True
4533,"t=23.05,h=36.44,p=1011.86",61,4,True,True
4534,"t=23.05,h=36.44,p=1011.86",63,4,True,True
4535,"t=23.05,h=36.44,p=1011.86",61,5,True,True
4536,"t=23.05,h=36.44,p=1011.86",63,4,True,True
4537,"t=23.05,h=36.44,p=1011.86",61,28,True,True
4538,"t=23.05,h=36.44,p=1011.86",65,3,True,True
4539,"t=23.05,h=36.44,p=1011.87",61,2,True,True
4540,"t=23.05,h=36.44,p=1011.87",63,3,True,True
4541,"t=23.05,h=36.44,p=1011.87",61,2,True,True
4542,"t=23.05,h=36.44,p=1011.87",62,32,True,True
4543,"t=23.05,h=36.44,p=1011.87",63,5,True,True
4544,"t=23.05,h=36.44,p=1011.87",62,5,True,True
4545,"t=23.05,h=36.44,p=1011.87",61,5,True,True
4546,"t=23.05,h=36.44,p=1011.87",63,19,True,True
4547,"t=23.05,h=36.44,p=1011.87",61,34,True,True
4548,"t=23.05,h=36.46,p=1011.84",65,5,True,True
4549,"t=23.05,h=36.46,p=1011.84",61,5,True,True
4550,"t=23.05,h=36.46,p=1011.84",62,6,True,True
4551,"t=23.05,h=36.46,p=1011.84",61,10,True,True
4552,"t=23.05,h=36.46,p=1011.84",62,2,True,True
4553,"t=23.05,h=36.46,p=1011.84",61,2,True,True
4554,"t=23.05,h=36.46,p=1011.84",62,2,True,True
4555,"t=23.05,h=36.46,p=1011.84",61,2,True,True
4556,"t=23.05,h=36.46,p=1011.84",62,2,True,True
4557,"t=23.05,h=36.46,p=1011.84",61,42,True,True
4558,"t=23.05,h=36.48,p=1011.87",64,7,True,True
4559,"t=23.05,h=36.48,p=1011.87",61,6,True,True
4560,"t=23.05,h=36.48,p=1011.87",62,19,True,True
4561,"t=23.05,h=36.48,p=1011.87",61,6,True,True
4562,"t=23.05,h=36.48,p=1011.87",62,2,True,True
4563,"t=23.05,h=36.48,p=1011.87",61,2,True,True
4564,"t=23.05,h=36.48,p=1011.87",62,2,True,True
4565,"t=23.05,h=36.48,p=1011.87",82,2,True,True
4566,"t=23.05,h=36.48,p=1011.87",62,2,True,True
4567,"t=23.05,h=36.48,p=1011.87",80,39,True,True
4568,"t=23.05,h=36.50,p=1011.85",64,7,True,True
4569,"t=23.05,h=36.50,p=1011.85",61,7,True,True
4570,"t=23.05,h=36.50,p=1011.85",62,9,True,True
4571,"t=23.05,h=36.50,p=1011.85",61,6,True,True
4572,"t=23.05,h=36.50,p=1011.85",62,6,True,True
4573,"t=23.05,h=36.50,p=1011.85",61,6,True,True
4574,"t=23.05,h=36.50,p=1011.85",62,6,True,True
4575,"t=23.05,h=36.50,p=1011.85",61,2,True,True
4576,"t=23.05,h=36.50,p=1011.85",62,2,True,True
4577,"t=23.05,h=36.47,p=1011.86",61,2,True,True
4578,"t=23.05,h=36.47,p=1011.86",62,16,True,True
4579,"t=23.05,h=36.47,p=1011.86",63,2,True,True
4580,"t=23.05,h=36.47,p=1011.86",63,3,True,True
4581,"t=23.05,h=36.47,p=1011.86",61,2,True,True
4582,"t=23.05,h=36.47,p=1011.86",62,2,True,True
4583,"t=23.05,h=36.47,p=1011.86",61,2,True,True
4584,"t=23.05,h=36.47,p=1011.86",62,2,True,True
4585,"t=23.05,h=36.47,p=1011.86",61,2,True,True
4586,"t=23.05,h=36.47,p=1011.86",62,2,True,True
4587,"t=23.04,h=36.54,p=1011.86",61,2,True,True
4588,"t=23.04,h=36.54,p=1011.86",62,40,True,True
4589,"t=23.04,h=36.54,p=1011.86",64,7,True,True
4590,"t=23.04,h=36.54,p=1011.86",63,10,True,True
4591,"t=23.04,h=36.54,p=1011.86",61,7,True,True
4592,"t=23.04,h=36.54,p=1011.86",63,6,True,True
4593,"t=23.04,h=36.54,p=1011.86",61,34,True,True
4594,"t=23.04,h=36.54,p=1011.86",65,3,True,True
4595,"t=23.04,h=36.54,p=1011.86",61,2,True,True
4596,"t=23.04,h=36.54,p=1011.86",62,2,True,True
4597,"t=23.05,h=36.55,p=1011.87",61,16,True,True
4598,"t=23.05,h=36.55,p=1011.87",62,2,True,True
4599,"t=23.05,h=36.55,p=1011.87",61,2,True,True
4600,"t=23.05,h=36.55,p=1011.87",63,2,True,True
4601,"t=23.05,h=36.55,p=1011.87",62,11,True,True
4602,"t=23.05,h=36.55,p=1011.87",62,5,True,True
4603,"t=23.05,h=36.55,p=1011.87",61,5,True,True
4604,"t=23.05,h=36.55,p=1011.87",63,4,True,True
4605,"t=23.05,h=36.55,p=1011.87",61,38,True,True
4606,"t=23.05,h=36.54,p=1011.91",99,5,True,True
4607,"t=23.05,h=36.54,p=1011.91",62,5,True,True
4608,"t=23.05,h=36.54,p=1011.91",61,6,True,True
4609,"t=23.05,h=36.54,p=1011.91",63,4,True,True
4610,"t=23.05,h=36.54,p=1011.91",69,29,True,True
4611,"t=23.05,h=36.54,p=1011.91",64,7,True,True
4612,"t=23.05,h=36.54,p=1011.91",61,7,True,True
4613,"t=23.05,h=36.54,p=1011.91",62,7,True,True
4614,"t=23.05,h=36.54,p=1011.91",61,6,True,True
4615,"t=23.05,h=36.54,p=1011.91",63,4,True,True
4616,"t=23.05,h=36.59,p=1011.90",61,2,True,True
4617,"t=23.05,h=36.59,p=1011.90",62,2,True,True
4618,"t=23.05,h=36.59,p=1011.90",61,2,True,True
4619,"t=23.05,h=36.59,p=1011.90",62,2,True,True
4620,"t=23.05,h=36.59,p=1011.90",61,2,True,True
4621,"t=23.05,h=36.59,p=1011.90",62,2,True,True
4622,"t=23.05,h=36.59,p=1011.90",61,39,True,True
4623,"t=23.05,h=36.59,p=1011.90",70,3,True,True
4624,"t=23.05,h=36.59,p=1011.90",62,2,True,True
4625,"t=23.05,h=36.59,p=1011.90",61,2,True,True
4626,"t=23.05,h=36.64,p=1011.92",62,2,True,True
4627,"t=23.05,h=36.64,p=1011.92",61,2,True,True
4628,"t=23.05,h=36.64,p=1011.92",62,2,True,True
4629,"t=23.05,h=36.64,p=1011.92",61,41,True,True
4630,"t=23.05,h=36.64,p=1011.92",65,8,True,True
4631,"t=23.05,h=36.64,p=1011.92",61,7,True,True
4632,"t=23.05,h=36.64,p=1011.92",62,6,True,True
4633,"t=23.05,h=36.64,p=1011.92",61,4,True,True
4634,"t=23.05,h=36.64,p=1011.92",63,2,True,True
4635,"t=23.05,h=36.64,p=1011.92",61,2,True,True
4636,"t=23.05,h=36.64,p=1011.88",63,2,True,True
4637,"t=23.05,h=36.64,p=1011.88",61,2,True,True
4638,"t=23.05,h=36.64,p=1011.88",63,2,True,True
4639,"t=23.05,h=36.64,p=1011.88",61,29,True,True
4640,"t=23.05,h=36.64,p=1011.88",65,3,True,True
4641,"t=23.05,h=36.64,p=1011.88",61,2,True,True
4642,"t=23.05,h=36.64,p=1011.88",63,2,True,True
4643,"t=23.05,h=36.64,p=1011.88",61,3,True,True
4644,"t=23.05,h=36.64,p=1011.88",62,2,True,True
4645,"t=23.05,h=36.60,p=1011.89",61,2,True,True
4646,"t=23.05,h=36.60,p=1011.89",62,2,True,True
4647,"t=23.05,h=36.60,p=1011.89",83,2,True,True
4648,"t=23.05,h=36.60,p=1011.89",62,7,True,True
4649,"t=23.05,h=36.60,p=1011.89",63,24,True,True
4650,"t=23.05,h=36.60,p=1011.89",65,2,True,True
4651,"t=23.05,h=36.60,p=1011.89",61,6,True,True
4652,"t=23.05,h=36.60,p=1011.89",62,2,True,True
4653,"t=23.05,h=36.60,p=1011.89",61,2,True,True
4654,"t=23.05,h=36.60,p=1011.89",63,2,True,True
4655,"t=23.05,h=36.58,p=1011.88",61,2,True,True
4656,"t=23.05,h=36.58,p=1011.88",62,2,True,True
4657,"t=23.05,h=36.58,p=1011.88",61,2,True,True
4658,"t=23.05,h=36.58,p=1011.88",63,2,True,True
4659,"t=23.05,h=36.58,p=1011.88",77,2,True,True
4660,"t=23.05,h=36.58,p=1011.88",62,15,True,True
4661,"t=23.05,h=36.58,p=1011.88",64,2,True,True
4662,"t=23.05,h=36.58,p=1011.88",62,2,True,True
4663,"t=23.05,h=36.58,p=1011.88",61,2,True,True
4664,"t=23.05,h=36.58,p=1011.88",62,2,True,True
4665,"t=23.05,h=36.61,p=1011.87",61,3,True,True
4666,"t=23.05,h=36.61,p=1011.87",62,3,True,True
4667,"t=23.05,h=36.61,p=1011.87",61,2,True,True
4668,"t=23.05,h=36.61,p=1011.87",62,2,True,True
4669,"t=23.05,h=36.61,p=1011.87",61,2,True,True
4670,"t=23.05,h=36.61,p=1011.87",62,30,True,True
4671,"t=23.05,h=36.61,p=1011.87",64,7,True,True
4672,"t=23.05,h=36.61,p=1011.87",62,7,True,True
4673,"t=23.05,h=36.61,p=1011.87",61,7,True,True
4674,"t=23.05,h=36.64,p=1011.88",62,6,True,True
4675,"t=23.05,h=36.64,p=1011.88",61,6,True,True
4676,"t=23.05,h=36.64,p=1011.88",62,6,True,True
4677,"t=23.05,h=36.64,p=1011.88",61,6,True,True
4678,"t=23.05,h=36.64,p=1011.88",62,7,True,True
4679,"t=23.05,h=36.64,p=1011.88",61,6,True,True
4680,"t=23.05,h=36.64,p=1011.88",62,38,True,True
4681,"t=23.05,h=36.64,p=1011.88",63,7,True,True
4682,"t=23.05,h=36.64,p=1011.88",62,7,True,True
4683,"t=23.05,h=36.64,p=1011.88",62,7,True,True
4684,"t=23.05,h=36.64,p=1011.89",62,6,True,True
4685,"t=23.05,h=36.64,p=1011.89",61,6,True,True
4686,"t=23.05,h=36.64,p=1011.89",62,6,True,True
4687,"t=23.05,h=36.64,p=1011.89",61,6,True,True
4688,"t=23.05,h=36.64,p=1011.89",63,24,True,True
4689,"t=23.05,h=36.64,p=1011.89",61,3,True,True
4690,"t=23.05,h=36.64,p=1011.89",63,2,True,True
4691,"t=23.05,h=36.64,p=1011.89",61,2,True,True
4692,"t=23.05,h=36.64,p=1011.89",62,29,True,True
4693,"t=23.05,h=36.64,p=1011.89",70,3,True,True
4694,"t=23.05,h=36.61,p=1011.87",62,2,True,True
4695,"t=23.05,h=36.61,p=1011.87",61,2,True,True
4696,"t=23.05,h=36.61,p=1011.87",63,2,True,True
4697,"t=23.05,h=36.61,p=1011.87",61,2,True,True
4698,"t=23.05,h=36.61,p=1011.87",62,26,True,True
4699,"t=23.05,h=36.61,p=1011.87",64,6,True,True
4700,"t=23.05,h=36.61,p=1011.87",62,5,True,True
4701,"t=23.05,h=36.61,p=1011.87",63,12,True,True
4702,"t=23.05,h=36.61,p=1011.87",62,5,True,True
4703,"t=23.05,h=36.61,p=1011.87",61,5,True,True
4704,"t=23.06,h=36.62,p=1011.92",74,4,True,True
4705,"t=23.06,h=36.62,p=1011.92",74,4,True,True
4706,"t=23.06,h=36.62,p=1011.92",73,4,True,True
4707,"t=23.06,h=36.62,p=1011.92",74,4,True,True
4708,"t=23.06,h=36.62,p=1011.92",72,5,True,True
4709,"t=23.06,h=36.62,p=1011.92",74,4,True,True
4710,"t=23.06,h=36.62,p=1011.92",73,27,True,True
4711,"t=23.06,h=36.62,p=1011.92",83,7,True,True
4712,"t=23.06,h=36.62,p=1011.92",73,6,True,True
4713,"t=23.06,h=36.61,p=1011.91",64,7,True,True
4714,"t=23.06,h=36.61,p=1011.91",62,6,True,True
4715,"t=23.06,h=36.61,p=1011.91",61,6,True,True
4716,"t=23.06,h=36.61,p=1011.91",62,26,True,True
4717,"t=23.06,h=36.61,p=1011.91",64,3,True,True
4718,"t=23.06,h=36.61,p=1011.91",62,2,True,True
4719,"t=23.06,h=36.61,p=1011.91",61,2,True,True
4720,"t=23.06,h=36.61,p=1011.91",62,2,True,True
4721,"t=23.06,h=36.61,p=1011.91",61,2,True,True
4722,"t=23.06,h=36.61,p=1011.91",63,2,True,True
4723,"t=23.06,h=36.61,p=1011.88",61,2,True,True
4724,"t=23.06,h=36.61,p=1011.88",62,2,True,True
4725,"t=23.06,h=36.61,p=1011.88",61,2,True,True
4726,"t=23.06,h=36.61,p=1011.88",62,2,True,True
4727,"t=23.06,h=36.61,p=1011.88",61,2,True,True
4728,"t=23.06,h=36.61,p=1011.88",62,27,True,True
4729,"t=23.06,h=36.61,p=1011.88",71,2,True,True
4730,"t=23.06,h=36.61,p=1011.88",63,2,True,True
4731,"t=23.06,h=36.61,p=1011.88",61,2,True,True
4732,"t=23.06,h=36.61,p=1011.88",62,2,True,True
4733,"t=23.06,h=36.61,p=1011.93",61,2,True,True
4734,"t=23.06,h=36.61,p=1011.93",62,2,True,True
4735,"t=23.06,h=36.61,p=1011.93",61,2,True,True
4736,"t=23.06,h=36.61,p=1011.93",62,2,True,True
4737,"t=23.06,h=36.61,p=1011.93",61,2,True,True
4738,"t=23.06,h=36.61,p=1011.93",62,2,True,True
4739,"t=23.06,h=36.61,p=1011.93",61,2,True,True
4740,"t=23.06,h=36.61,p=1011.93",62,32,True,True
4741,"t=23.06,h=36.61,p=1011.93",71,6,True,True
4742,"t=23.06,h=36.60,p=1011.93",62,5,True,True
4743,"t=23.06,h=36.60,p=1011.93",62,6,True,True
4744,"t=23.06,h=36.60,p=1011.93",62,4,True,True
4745,"t=23.06,h=36.60,p=1011.93",61,4,True,True
4746,"t=23.06,h=36.60,p=1011.93",62,35,True,True
4747,"t=23.06,h=36.60,p=1011.93",63,6,True,True
4748,"t=23.06,h=36.60,p=1011.93",62,7,True,True
4749,"t=23.06,h=36.60,p=1011.93",61,4,True,True
4750,"t=23.06,h=36.60,p=1011.93",63,21,True,True
4751,"t=23.06,h=36.60,p=1011.93",62,5,True,True
4752,"t=23.06,h=36.61,p=1011.91",62,2,True,True
4753,"t=23.06,h=36.61,p=1011.91",61,2,True,True
4754,"t=23.06,h=36.61,p=1011.91",62,2,True,True
4755,"t=23.06,h=36.61,p=1011.91",61,2,True,True
4756,"t=23.06,h=36.61,p=1011.91",62,2,True,True
4757,"t=23.06,h=36.61,p=1011.91",61,2,True,True
4758,"t=23.06,h=36.61,p=1011.91",62,31,True,True
4759,"t=23.06,h=36.61,p=1011.91",70,7,True,True
4760,"t=23.06,h=36.61,p=1011.91",62,7,True,True
4761,"t=23.06,h=36.61,p=1011.91",61,6,True,True
4762,"t=23.06,h=36.55,p=1011.96",62,6,True,True
4763,"t=23.06,h=36.55,p=1011.96",61,7,True,True
4764,"t=23.06,h=36.55,p=1011.96",62,31,True,True
4765,"t=23.06,h=36.55,p=1011.96",64,3,True,True
4766,"t=23.06,h=36.55,p=1011.96",62,3,True,True
4767,"t=23.06,h=36.55,p=1011.96",61,2,True,True
4768,"t=23.06,h=36.55,p=1011.96",62,3,True,True
4769,"t=23.06,h=36.55,p=1011.96",61,2,True,True
4770,"t=23.06,h=36.55,p=1011.96",62,2,True,True
4771,"t=23.06,h=36.57,p=1011.91",61,2,True,True
4772,"t=23.06,h=36.57,p=1011.91",63,35,True,True
4773,"t=23.06,h=36.57,p=1011.91",63,8,True,True
4774,"t=23.06,h=36.57,p=1011.91",63,5,True,True
4775,"t=23.06,h=36.57,p=1011.91",61,4,True,True
4776,"t=23.06,h=36.57,p=1011.91",62,4,True,True
4777,"t=23.06,h=36.57,p=1011.91",61,5,True,True
4778,"t=23.06,h=36.57,p=1011.91",63,5,True,True
4779,"t=23.06,h=36.57,p=1011.91",61,4,True,True
4780,"t=23.06,h=36.57,p=1011.91",63,4,True,True
4781,"t=23.05,h=36.54,p=1011.89",61,4,True,True
4782,"t=23.05,h=36.54,p=1011.89",75,39,True,True
4783,"t=23.05,h=36.54,p=1011.89",63,4,True,True
4784,"t=23.05,h=36.54,p=1011.89",62,2,True,True
4785,"t=23.05,h=36.54,p=1011.89",61,2,True,True
4786,"t=23.05,h=36.54,p=1011.89",62,2,True,True
4787,"t=23.05,h=36.54,p=1011.89",61,2,True,True
4788,"t=23.05,h=36.54,p=1011.89",62,2,True,True
4789,"t=23.05,h=36.54,p=1011.89",61,2,True,True
4790,"t=23.05,h=36.54,p=1011.89",62,2,True,True
4791,"t=23.05,h=36.53,p=1011.89",61,2,True,True
4792,"t=23.05,h=36.53,p=1011.89",63,2,True,True
4793,"t=23.05,h=36.53,p=1011.89",61,16,True,True
4794,"t=23.05,h=36.53,p=1011.89",65,2,True,True
4795,"t=23.05,h=36.53,p=1011.89",61,2,True,True
4796,"t=23.05,h=36.53,p=1011.89",62,2,True,True
4797,"t=23.05,h=36.53,p=1011.89",61,2,True,True
4798,"t=23.05,h=36.53,p=1011.89",62,2,True,True
4799,"t=23.05,h=36.53,p=1011.89",61,2,True,True
4800,"t=23.05,h=36.53,p=1011.89",62,2,True,True
4801,"t=23.06,h=36.55,p=1011.93",62,12,True,True
4802,"t=23.06,h=36.55,p=1011.93",62,5,True,True
4803,"t=23.06,h=36.55,p=1011.93",61,17,True,True
4804,"t=23.06,h=36.55,p=1011.93",64,2,True,True
4805,"t=23.06,h=36.55,p=1011.93",62,2,True,True
4806,"t=23.06,h=36.55,p=1011.93",62,2,True,True
4807,"t=23.06,h=36.55,p=1011.93",61,2,True,True
4808,"t=23.06,h=36.55,p=1011.93",63,2,True,True
4809,"t=23.06,h=36.55,p=1011.93",61,2,True,True
4810,"t=23.05,h=36.53,p=1011.91",62,35,True,True
4811,"t=23.05,h=36.53,p=1011.91",63,3,True,True
4812,"t=23.05,h=36.53,p=1011.91",62,2,True,True
4813,"t=23.05,h=36.53,p=1011.91",62,2,True,True
4814,"t=23.05,h=36.53,p=1011.91",62,3,True,True
4815,"t=23.05,h=36.53,p=1011.91",61,46,True,True
4816,"t=23.05,h=36.53,p=1011.91",65,3,True,True
4817,"t=23.05,h=36.53,p=1011.91",61,2,True,True
4818,"t=23.05,h=36.53,p=1011.91",62,2,True,True
4819,"t=23.05,h=36.53,p=1011.91",61,2,True,True
4820,"t=23.05,h=36.53,p=1011.89",62,45,True,True
4821,"t=23.05,h=36.53,p=1011.89",64,5,True,True
4822,"t=23.05,h=36.53,p=1011.89",63,5,True,True
4823,"t=23.05,h=36.53,p=1011.89",61,5,True,True
4824,"t=23.05,h=36.53,p=1011.89",62,5,True,True
4825,"t=23.05,h=36.53,p=1011.89",61,44,True,True
4826,"t=23.05,h=36.53,p=1011.89",65,3,True,True
4827,"t=23.05,h=36.53,p=1011.89",61,2,True,True
4828,"t=23.05,h=36.53,p=1011.89",63,2,True,True
4829,"t=23.05,h=36.53,p=1011.89",61,2,True,True
4830,"t=23.05,h=36.57,p=1011.89",80,2,True,True
4831,"t=23.05,h=36.57,p=1011.89",61,2,True,True
4832,"t=23.05,h=36.57,p=1011.89",62,2,True,True
4833,"t=23.05,h=36.57,p=1011.89",61,2,True,True
4834,"t=23.05,h=36.57,p=1011.89",62,2,True,True
4835,"t=23.05,h=36.57,p=1011.89",61,2,True,True
4836,"t=23.05,h=36.57,p=1011.89",62,2,True,True
4837,"t=23.05,h=36.57,p=1011.89",61,38,True,True
4838,"t=23.05,h=36.57,p=1011.89",72,7,True,True
4839,"t=23.06,h=36.59,p=1011.92",62,7,True,True
4840,"t=23.06,h=36.59,p=1011.92",61,7,True,True
4841,"t=23.06,h=36.59,p=1011.92",63,6,True,True
4842,"t=23.06,h=36.59,p=1011.92",61,2,True,True
4843,"t=23.06,h=36.59,p=1011.92",62,2,True,True
4844,"t=23.06,h=36.59,p=1011.92",61,2,True,True
4845,"t=23.06,h=36.59,p=1011.92",63,2,True,True
4846,"t=23.06,h=36.59,p=1011.92",64,2,True,True
4847,"t=23.06,h=36.59,p=1011.92",62,2,True,True
4848,"t=23.06,h=36.59,p=1011.92",61,2,True,True
4849,"t=23.05,h=36.60,p=1011.85",63,33,True,True
4850,"t=23.05,h=36.60,p=1011.85",72,6,True,True
4851,"t=23.05,h=36.60,p=1011.85",62,11,True,True
4852,"t=23.05,h=36.60,p=1011.85",61,2,True,True
4853,"t=23.05,h=36.60,p=1011.85",62,2,True,True
4854,"t=23.05,h=36.60,p=1011.85",61,2,True,True
4855,"t=23.05,h=36.60,p=1011.85",62,32,True,True
4856,"t=23.05,h=36.60,p=1011.85",64,7,True,True
4857,"t=23.05,h=36.60,p=1011.85",63,7,True,True
4858,"t=23.05,h=36.60,p=1011.85",61,6,True,True
4859,"t=23.06,h=36.62,p=1011.89",74,6,True,True
4860,"t=23.06,h=36.62,p=1011.89",74,41,True,True
4861,"t=23.06,h=36.62,p=1011.89",74,8,True,True
4862,"t=23.06,h=36.62,p=1011.89",109,7,True,True
4863,"t=23.06,h=36.62,p=1011.89",72,6,True,True
4864,"t=23.06,h=36.62,p=1011.89",74,6,True,True
4865,"t=23.06,h=36.62,p=1011.89",73,44,True,True
4866,"t=23.06,h=36.62,p=1011.89",75,3,True,True
4867,"t=23.06,h=36.62,p=1011.89",73,2,True,True
4868,"t=23.06,h=36.62,p=1011.89",74,3,True,True
4869,"t=23.06,h=36.67,p=1011.89",63,2,True,True
4870,"t=23.06,h=36.67,p=1011.89",61,40,True,True
4871,"t=23.06,h=36.67,p=1011.89",65,8,True,True
4872,"t=23.06,h=36.67,p=1011.89",61,2,True,True
4873,"t=23.06,h=36.67,p=1011.89",62,2,True,True
4874,"t=23.06,h=36.67,p=1011.89",61,2,True,True
4875,"t=23.06,h=36.67,p=1011.89",62,2,True,True
4876,"t=23.06,h=36.67,p=1011.89",61,39,True,True
4877,"t=23.06,h=36.67,p=1011.89",64,3,True,True
4878,"t=23.05,h=36.69,p=1011.86",61,2,True,True
4879,"t=23.05,h=36.69,p=1011.86",63,2,True,True
4880,"t=23.05,h=36.69,p=1011.86",61,3,True,True
4881,"t=23.05,h=36.69,p=1011.86",62,29,True,True
4882,"t=23.05,h=36.69,p=1011.86",64,7,True,True
4883,"t=23.05,h=36.69,p=1011.86",63,6,True,True
4884,"t=23.05,h=36.69,p=1011.86",61,6,True,True
4885,"t=23.05,h=36.69,p=1011.86",62,7,True,True
4886,"t=23.05,h=36.69,p=1011.86",61,6,True,True
4887,"t=23.05,h=36.69,p=1011.86",63,6,True,True
4888,"t=23.05,h=36.67,p=1011.91",61,6,True,True
4889,"t=23.05,h=36.67,p=1011.91",63,6,True,True
4890,"t=23.05,h=36.67,p=1011.91",61,7,True,True
4891,"t=23.05,h=36.67,p=1011.91",62,3,True,True
4892,"t=23.05,h=36.67,p=1011.91",61,2,True,True
4893,"t=23.05,h=36.67,p=1011.91",62,23,True,True
4894,"t=23.05,h=36.67,p=1011.91",71,5,True,True
4895,"t=23.05,h=36.67,p=1011.91",62,5,True,True
4896,"t=23.05,h=36.67,p=1011.91",61,4,True,True
4897,"t=23.05,h=36.67,p=1011.91",63,4,True,True
4898,"t=23.06,h=36.73,p=1011.91",61,4,True,True
4899,"t=23.06,h=36.73,p=1011.91",62,5,True,True
4900,"t=23.06,h=36.73,p=1011.91",61,7,True,True
4901,"t=23.06,h=36.73,p=1011.91",63,12,True,True
4902,"t=23.06,h=36.73,p=1011.91",61,2,True,True
4903,"t=23.06,h=36.73,p=1011.91",87,2,True,True
4904,"t=23.06,h=36.73,p=1011.91",62,2,True,True
4905,"t=23.06,h=36.73,p=1011.91",75,49,True,True
4906,"t=23.06,h=36.73,p=1011.91",63,9,True,True
4907,"t=23.06,h=36.79,p=1011.89",62,7,True,True
4908,"t=23.06,h=36.79,p=1011.89",61,6,True,True
4909,"t=23.06,h=36.79,p=1011.89",63,7,True,True
4910,"t=23.06,h=36.79,p=1011.89",61,7,True,True
4911,"t=23.06,h=36.79,p=1011.89",62,6,True,True
4912,"t=23.06,h=36.79,p=1011.89",61,6,True,True
4913,"t=23.06,h=36.79,p=1011.89",62,6,True,True
4914,"t=23.06,h=36.79,p=1011.89",61,2,True,True
4915,"t=23.06,h=36.79,p=1011.89",79,43,True,True
4916,"t=23.06,h=36.79,p=1011.89",63,8,True,True
4917,"t=23.06,h=36.78,p=1011.90",62,2,True,True
4918,"t=23.06,h=36.78,p=1011.90",61,2,True,True
4919,"t=23.06,h=36.78,p=1011.90",62,2,True,True
4920,"t=23.06,h=36.78,p=1011.90",61,2,True,True
4921,"t=23.06,h=36.78,p=1011.90",62,2,True,True
4922,"t=23.06,h=36.78,p=1011.90",61,2,True,True
4923,"t=23.06,h=36.78,p=1011.90",62,2,True,True
4924,"t=23.06,h=36.78,p=1011.90",61,2,True,True
4925,"t=23.06,h=36.78,p=1011.90",62,2,True,True
4926,"t=23.06,h=36.78,p=1011.90",61,25,True,True
4927,"t=23.06,h=36.79,p=1011.89",64,2,True,True
4928,"t=23.06,h=36.79,p=1011.89",61,2,True,True
4929,"t=23.06,h=36.79,p=1011.89",62,2,True,True
4930,"t=23.06,h=36.79,p=1011.89",61,2,True,True
4931,"t=23.06,h=36.79,p=1011.89",62,2,True,True
4932,"t=23.06,h=36.79,p=1011.89",61,2,True,True
4933,"t=23.06,h=36.79,p=1011.89",62,2,True,True
4934,"t=23.06,h=36.79,p=1011.89",62,2,True,True
4935,"t=23.06,h=36.79,p=1011.89",62,2,True,True
4936,"t=23.06,h=36.79,p=1011.89",61,28,True,True
4937,"t=23.06,h=36.78,p=1011.92",64,2,True,True
4938,"t=23.06,h=36.78,p=1011.92",61,2,True,True
4939,"t=23.06,h=36.78,p=1011.92",62,2,True,True
4940,"t=23.06,h=36.78,p=1011.92",61,2,True,True
4941,"t=23.06,h=36.78,p=1011.92",63,28,True,True
4942,"t=23.06,h=36.78,p=1011.92",63,19,True,True
4943,"t=23.06,h=36.78,p=1011.92",62,6,True,True
4944,"t=23.06,h=36.78,p=1011.92",61,7,True,True
4945,"t=23.06,h=36.78,p=1011.92",62,7,True,True
4946,"t=23.06,h=36.83,p=1011.91",61,4,True,True
4947,"t=23.06,h=36.83,p=1011.91",63,28,True,True
4948,"t=23.06,h=36.83,p=1011.91",63,7,True,True
4949,"t=23.06,h=36.83,p=1011.91",62,6,True,True
4950,"t=23.06,h=36.83,p=1011.91",61,2,True,True
4951,"t=23.06,h=36.83,p=1011.91",62,5,True,True
4952,"t=23.06,h=36.83,p=1011.91",61,28,True,True
4953,"t=23.06,h=36.83,p=1011.91",65,7,True,True
4954,"t=23.06,h=36.83,p=1011.91",61,13,True,True
4955,"t=23.06,h=36.83,p=1011.91",63,5,True,True
4956,"t=23.05,h=36.83,p=1011.89",80,4,True,True
4957,"t=23.05,h=36.83,p=1011.89",63,4,True,True
4958,"t=23.05,h=36.83,p=1011.89",62,28,True,True
4959,"t=23.05,h=36.83,p=1011.89",65,2,True,True
4960,"t=23.05,h=36.83,p=1011.89",61,4,True,True
4961,"t=23.05,h=36.83,p=1011.89",62,3,True,True
4962,"t=23.05,h=36.83,p=1011.89",61,2,True,True
4963,"t=23.05,h=36.83,p=1011.89",62,2,True,True
4964,"t=23.05,h=36.83,p=1011.89",61,2,True,True
4965,"t=23.05,h=36.83,p=1011.89",62,2,True,True
4966,"t=23.05,h=36.83,p=1011.89",61,2,True,True
4967,"t=23.05,h=36.83,p=1011.89",62,40,True,True
4968,"t=23.05,h=36.83,p=1011.89",63,7,True,True
4969,"t=23.05,h=36.83,p=1011.89",62,4,True,True
4970,"t=23.05,h=36.83,p=1011.89",61,4,True,True
4971,"t=23.05,h=36.83,p=1011.89",62,2,True,True
4972,"t=23.05,h=36.83,p=1011.89",61,2,True,True
4973,"t=23.05,h=36.83,p=1011.89",62,2,True,True
4974,"t=23.05,h=36.83,p=1011.89",74,2,True,True
4975,"t=23.05,h=36.86,p=1011.90",62,2,True,True
4976,"t=23.05,h=36.86,p=1011.90",61,2,True,True
4977,"t=23.05,h=36.86,p=1011.90",86,38,True,True
4978,"t=23.05,h=36.86,p=1011.90",64,8,True,True
4979,"t=23.05,h=36.86,p=1011.90",62,7,True,True
4980,"t=23.05,h=36.86,p=1011.90",61,8,True,True
4981,"t=23.05,h=36.86,p=1011.90",62,7,True,True
4982,"t=23.05,h=36.86,p=1011.90",61,6,True,True
4983,"t=23.05,h=36.86,p=1011.90",63,6,True,True
4984,"t=23.05,h=36.86,p=1011.90",61,6,True,True
4985,"t=23.04,h=36.83,p=1011.89",61,7,True,True
4986,"t=23.04,h=36.83,p=1011.89",60,6,True,True
4987,"t=23.04,h=36.83,p=1011.89",61,32,True,True
4988,"t=23.04,h=36.83,p=1011.89",62,3,True,True
4989,"t=23.04,h=36.83,p=1011.89",61,2,True,True
4990,"t=23.04,h=36.83,p=1011.89",60,3,True,True
4991,"t=23.04,h=36.83,p=1011.89",61,2,True,True
4992,"t=23.04,h=36.83,p=1011.89",60,2,True,True
4993,"t=23.04,h=36.83,p=1011.89",61,2,True,True
4994,"t=23.04,h=36.83,p=1011.89",59,2,True,True
4995,"t=23.06,h=36.82,p=1011.92",62,2,True,True
4996,"t=23.06,h=36.82,p=1011.92",61,2,True,True
4997,"t=23.06,h=36.82,p=1011.92",87,29,True,True
4998,"t=23.06,h=36.82,p=1011.92",63,7,True,True
4999,"t=23.06,h=36.82,p=1011.92",62,7,True,True
5000,"t=23.06,h=36.82,p=1011.92",61,7,True,True
5001,"t=23.06,h=36.82,p=1011.92",63,11,True,True
5002,"t=23.06,h=36.82,p=1011.92",61,5,True,True
5003,"t=23.06,h=36.82,p=1011.92",62,48,True,True
5004,"t=23.04,h=36.83,p=1011.87",63,6,True,True
5005,"t=23.04,h=36.83,p=1011.87",63,20,True,True
5006,"t=23.04,h=36.83,p=1011.87",61,5,True,True
5007,"t=23.04,h=36.83,p=1011.87",63,4,True,True
5008,"t=23.04,h=36.83,p=1011.87",61,5,True,True
5009,"t=23.04,h=36.83,p=1011.87",62,4,True,True
5010,"t=23.04,h=36.83,p=1011.87",62,4,True,True
5011,"t=23.04,h=36.83,p=1011.87",63,4,True,True
5012,"t=23.04,h=36.83,p=1011.87",61,4,True,True
5013,"t=23.04,h=36.83,p=1011.87",62,5,True,True
5014,"t=23.06,h=36.87,p=1011.90",61,5,True,True
5015,"t=23.06,h=36.87,p=1011.90",69,40,True,True
5016,"t=23.06,h=36.87,p=1011.90",72,7,True,True
5017,"t=23.06,h=36.87,p=1011.90",62,7,True,True
5018,"t=23.06,h=36.87,p=1011.90",61,8,True,True
5019,"t=23.06,h=36.87,p=1011.90",62,17,True,True
5020,"t=23.06,h=36.87,p=1011.90",62,8,True,True
5021,"t=23.06,h=36.87,p=1011.90",63,6,True,True
5022,"t=23.06,h=36.87,p=1011.90",61,7,True,True
5023,"t=23.06,h=36.87,p=1011.90",63,2,True,True
5024,"t=23.02,h=36.82,p=1011.86",61,2,True,True
5025,"t=23.02,h=36.82,p=1011.86",62,2,True,True
5026,"t=23.02,h=36.82,p=1011.86",61,2,True,True
