Entry,Message,SignTime_uS,VerifyTime_uS,Valid
0,"t=22.17,h=36.45,p=1011.25",46279,199.80,True
1,"t=22.17,h=36.45,p=1011.25",46289,125.50,True
2,"t=22.16,h=36.44,p=1011.26",46277,166.40,True
3,"t=22.16,h=36.44,p=1011.26",46287,96.10,True
4,"t=22.17,h=36.46,p=1011.27",46275,239.70,True
5,"t=22.17,h=36.46,p=1011.27",46285,93.10,True
6,"t=22.17,h=36.45,p=1011.29",46282,297.10,True
7,"t=22.17,h=36.45,p=1011.29",46291,210.00,True
8,"t=22.18,h=36.45,p=1011.26",46275,139.70,True
9,"t=22.18,h=36.45,p=1011.26",46278,94.80,True
10,"t=22.18,h=36.45,p=1011.27",46278,216.20,True
11,"t=22.18,h=36.45,p=1011.27",46280,99.00,True
12,"t=22.18,h=36.42,p=1011.29",46279,96.20,True
13,"t=22.18,h=36.42,p=1011.29",46280,355.20,True
14,"t=22.18,h=36.46,p=1011.29",46286,275.80,True
15,"t=22.18,h=36.46,p=1011.29",46278,258.00,True
16,"t=22.18,h=36.46,p=1011.26",46289,211.70,True
17,"t=22.18,h=36.46,p=1011.26",46281,161.70,True
18,"t=22.18,h=36.46,p=1011.28",46287,125.30,True
19,"t=22.18,h=36.46,p=1011.28",46280,121.50,True
20,"t=22.18,h=36.46,p=1011.27",46290,98.10,True
21,"t=22.18,h=36.46,p=1011.27",46281,150.80,True
22,"t=22.18,h=36.46,p=1011.28",46288,103.00,True
23,"t=22.18,h=36.46,p=1011.28",46277,123.40,True
24,"t=22.18,h=36.46,p=1011.31",46286,270.50,True
25,"t=22.18,h=36.46,p=1011.31",46278,210.40,True
26,"t=22.19,h=36.47,p=1011.31",46276,220.50,True
27,"t=22.19,h=36.47,p=1011.31",46274,136.90,True
28,"t=22.18,h=36.46,p=1011.26",46281,345.90,True
29,"t=22.18,h=36.46,p=1011.26",46287,145.80,True
30,"t=22.18,h=36.47,p=1011.29",46289,239.70,True
31,"t=22.18,h=36.47,p=1011.29",46287,95.80,True
32,"t=22.17,h=36.47,p=1011.25",46277,330.60,True
33,"t=22.17,h=36.47,p=1011.25",46281,178.90,True
34,"t=22.17,h=36.47,p=1011.25",46277,342.60,True
35,"t=22.17,h=36.47,p=1011.29",46288,350.70,True
36,"t=22.17,h=36.47,p=1011.29",46281,346.20,True
37,"t=22.18,h=36.48,p=1011.26",46306,218.30,True
38,"t=22.18,h=36.48,p=1011.26",46287,332.30,True
39,"t=22.19,h=36.48,p=1011.29",46279,129.50,True
40,"t=22.19,h=36.48,p=1011.29",46279,97.80,True
41,"t=22.19,h=36.46,p=1011.29",46281,96.80,True
42,"t=22.19,h=36.46,p=1011.29",46283,112.30,True
43,"t=22.19,h=36.50,p=1011.28",46278,113.80,True
44,"t=22.19,h=36.50,p=1011.28",46273,111.40,True
45,"t=22.19,h=36.47,p=1011.25",46291,385.20,True
46,"t=22.19,h=36.47,p=1011.25",46282,239.20,True
47,"t=22.20,h=36.47,p=1011.28",46279,330.60,True
48,"t=22.20,h=36.47,p=1011.28",46285,288.20,True
49,"t=22.19,h=36.47,p=1011.28",46277,186.80,True
50,"t=22.19,h=36.47,p=1011.28",46286,275.10,True
51,"t=22.19,h=36.50,p=1011.27",46284,332.30,True
52,"t=22.19,h=36.50,p=1011.27",46282,304.60,True
53,"t=22.18,h=36.47,p=1011.24",46283,95.70,True
54,"t=22.18,h=36.47,p=1011.24",46292,96.90,True
55,"t=22.19,h=36.50,p=1011.28",46278,94.30,True
56,"t=22.19,h=36.50,p=1011.28",46274,160.90,True
57,"t=22.19,h=36.50,p=1011.28",46287,112.20,True
58,"t=22.19,h=36.50,p=1011.28",46275,139.70,True
59,"t=22.20,h=36.51,p=1011.28",46299,299.60,True
60,"t=22.20,h=36.51,p=1011.28",46293,270.30,True
61,"t=22.19,h=36.50,p=1011.27",46280,222.40,True
62,"t=22.19,h=36.50,p=1011.27",46277,148.50,True
63,"t=22.20,h=36.49,p=1011.28",46282,96.10,True
64,"t=22.20,h=36.49,p=1011.28",46274,240.30,True
65,"t=22.19,h=36.50,p=1011.30",46280,102.60,True
66,"t=22.19,h=36.50,p=1011.30",46278,354.80,True
67,"t=22.19,h=36.49,p=1011.27",46288,264.80,True
68,"t=22.19,h=36.49,p=1011.27",46291,127.60,True
69,"t=22.18,h=36.49,p=1011.21",46275,259.20,True
70,"t=22.18,h=36.49,p=1011.21",46288,379.70,True
71,"t=22.18,h=36.50,p=1011.25",46284,245.40,True
72,"t=22.18,h=36.50,p=1011.25",46286,245.60,True
73,"t=22.19,h=36.50,p=1011.27",46281,222.70,True
74,"t=22.19,h=36.50,p=1011.27",46273,191.70,True
75,"t=22.20,h=36.50,p=1011.26",46279,138.20,True
76,"t=22.20,h=36.50,p=1011.26",46286,142.10,True
77,"t=22.18,h=36.50,p=1011.26",46285,96.40,True
78,"t=22.18,h=36.50,p=1011.26",46272,103.80,True
79,"t=22.20,h=36.50,p=1011.26",46280,355.40,True
80,"t=22.20,h=36.50,p=1011.26",46314,147.40,True
81,"t=22.20,h=36.50,p=1011.27",46278,97.00,True
82,"t=22.20,h=36.50,p=1011.27",46295,243.80,True
83,"t=22.20,h=36.49,p=1011.25",46290,219.50,True
84,"t=22.20,h=36.49,p=1011.25",46281,368.00,True
85,"t=22.20,h=36.49,p=1011.28",46282,298.80,True
86,"t=22.20,h=36.49,p=1011.28",46274,353.10,True
87,"t=22.20,h=36.49,p=1011.28",46282,320.80,True
88,"t=22.20,h=36.46,p=1011.26",46289,97.50,True
89,"t=22.20,h=36.46,p=1011.26",46274,93.70,True
90,"t=22.20,h=36.49,p=1011.31",46279,301.40,True
91,"t=22.20,h=36.49,p=1011.31",46283,275.70,True
92,"t=22.20,h=36.49,p=1011.27",46288,137.10,True
93,"t=22.20,h=36.49,p=1011.27",46283,96.50,True
94,"t=22.20,h=36.47,p=1011.27",46275,146.20,True
95,"t=22.20,h=36.47,p=1011.27",46280,95.20,True
96,"t=22.20,h=36.49,p=1011.31",46273,94.80,True
97,"t=22.20,h=36.49,p=1011.31",46274,294.80,True
98,"t=22.20,h=36.50,p=1011.27",46285,218.00,True
99,"t=22.20,h=36.50,p=1011.27",46287,261.60,True
100,"t=22.20,h=36.50,p=1011.27",46286,360.60,True
101,"t=22.20,h=36.50,p=1011.27",46292,357.50,True
102,"t=22.20,h=36.50,p=1011.30",46281,348.70,True
103,"t=22.20,h=36.50,p=1011.30",46282,345.20,True
104,"t=22.19,h=36.49,p=1011.26",46285,304.10,True
105,"t=22.19,h=36.49,p=1011.26",46282,347.60,True
106,"t=22.20,h=36.50,p=1011.28",46283,205.80,True
107,"t=22.20,h=36.50,p=1011.28",46276,150.20,True
108,"t=22.18,h=36.47,p=1011.25",46284,97.10,True
109,"t=22.18,h=36.47,p=1011.25",46273,100.40,True
110,"t=22.19,h=36.52,p=1011.28",46305,354.50,True
111,"t=22.19,h=36.52,p=1011.28",46283,338.00,True
112,"t=22.17,h=36.49,p=1011.26",46285,221.70,True
113,"t=22.17,h=36.49,p=1011.26",46274,92.90,True
114,"t=22.20,h=36.50,p=1011.29",46278,324.50,True
115,"t=22.20,h=36.50,p=1011.29",46280,323.70,True
116,"t=22.19,h=36.52,p=1011.29",46280,323.20,True
117,"t=22.19,h=36.52,p=1011.29",46283,283.10,True
118,"t=22.19,h=36.51,p=1011.27",46284,322.80,True
119,"t=22.19,h=36.51,p=1011.27",46286,145.70,True
120,"t=22.20,h=36.51,p=1011.29",46284,145.30,True
121,"t=22.20,h=36.51,p=1011.29",46287,98.00,True
122,"t=22.20,h=36.51,p=1011.29",46280,167.20,True
123,"t=22.20,h=36.51,p=1011.29",46288,298.50,True
124,"t=22.21,h=36.51,p=1011.28",46301,95.90,True
125,"t=22.21,h=36.51,p=1011.28",46285,94.60,True
126,"t=22.20,h=36.51,p=1011.28",46282,94.40,True
127,"t=22.20,h=36.51,p=1011.28",46287,343.60,True
128,"t=22.20,h=36.52,p=1011.31",46292,111.40,True
129,"t=22.20,h=36.52,p=1011.31",46300,177.90,True
130,"t=22.20,h=36.52,p=1011.28",46288,350.40,True
131,"t=22.20,h=36.52,p=1011.28",46287,314.00,True
132,"t=22.20,h=36.52,p=1011.29",46284,215.90,True
133,"t=22.20,h=36.52,p=1011.29",46277,248.40,True
134,"t=22.20,h=36.52,p=1011.29",46282,213.00,True
135,"t=22.20,h=36.52,p=1011.29",46273,208.40,True
136,"t=22.21,h=36.52,p=1011.27",46273,204.80,True
137,"t=22.21,h=36.52,p=1011.27",46273,94.80,True
138,"t=22.21,h=36.52,p=1011.27",46290,92.40,True
139,"t=22.20,h=36.51,p=1011.28",46281,93.50,True
140,"t=22.20,h=36.51,p=1011.28",46286,352.00,True
141,"t=22.21,h=36.54,p=1011.26",46287,140.50,True
142,"t=22.21,h=36.54,p=1011.26",46283,351.30,True
143,"t=22.20,h=36.54,p=1011.28",46284,99.70,True
144,"t=22.20,h=36.54,p=1011.28",46278,146.30,True
145,"t=22.17,h=36.53,p=1011.23",46279,353.60,True
146,"t=22.17,h=36.53,p=1011.23",46288,95.60,True
147,"t=22.20,h=36.55,p=1011.24",46278,111.60,True
148,"t=22.20,h=36.55,p=1011.24",46278,328.40,True
149,"t=22.19,h=36.55,p=1011.25",46289,94.50,True
150,"t=22.19,h=36.55,p=1011.25",46275,94.30,True
151,"t=22.19,h=36.58,p=1011.29",46280,344.80,True
152,"t=22.19,h=36.58,p=1011.29",46285,295.50,True
153,"t=22.21,h=36.58,p=1011.29",46279,354.80,True
154,"t=22.21,h=36.58,p=1011.29",46285,288.20,True
155,"t=22.20,h=36.59,p=1011.28",46283,242.20,True
156,"t=22.20,h=36.59,p=1011.28",46282,96.60,True
157,"t=22.21,h=36.59,p=1011.29",46291,387.20,True
158,"t=22.21,h=36.59,p=1011.29",46295,149.70,True
159,"t=22.21,h=36.59,p=1011.29",46298,97.50,True
160,"t=22.21,h=36.59,p=1011.29",46283,92.90,True
161,"t=22.21,h=36.60,p=1011.31",46277,352.70,True
162,"t=22.21,h=36.60,p=1011.31",46284,206.20,True
163,"t=22.21,h=36.59,p=1011.30",46273,95.90,True
164,"t=22.21,h=36.59,p=1011.30",46277,120.90,True
165,"t=22.21,h=36.61,p=1011.26",46288,96.40,True
166,"t=22.21,h=36.61,p=1011.26",46299,354.60,True
167,"t=22.21,h=36.60,p=1011.28",46289,140.00,True
168,"t=22.21,h=36.60,p=1011.28",46292,272.40,True
169,"t=22.20,h=36.59,p=1011.27",46285,266.50,True
170,"t=22.20,h=36.59,p=1011.27",46284,210.00,True
171,"t=22.20,h=36.59,p=1011.25",46273,212.50,True
172,"t=22.20,h=36.59,p=1011.25",46276,162.40,True
173,"t=22.21,h=36.60,p=1011.28",46290,353.10,True
174,"t=22.21,h=36.60,p=1011.28",46289,287.80,True
175,"t=22.21,h=36.60,p=1011.26",46276,98.70,True
176,"t=22.21,h=36.60,p=1011.26",46278,354.90,True
177,"t=22.21,h=36.59,p=1011.28",46287,118.40,True
178,"t=22.21,h=36.59,p=1011.28",46276,96.30,True
179,"t=22.21,h=36.60,p=1011.26",46279,124.00,True
180,"t=22.21,h=36.60,p=1011.26",46286,95.80,True
181,"t=22.21,h=36.60,p=1011.28",46291,94.10,True
182,"t=22.21,h=36.60,p=1011.28",46280,93.60,True
183,"t=22.20,h=36.59,p=1011.27",46275,93.30,True
184,"t=22.20,h=36.59,p=1011.27",46279,358.40,True
185,"t=22.20,h=36.59,p=1011.28",46284,96.90,True
186,"t=22.20,h=36.59,p=1011.28",46278,94.30,True
187,"t=22.21,h=36.59,p=1011.30",46279,346.90,True
188,"t=22.21,h=36.59,p=1011.30",46282,218.30,True
189,"t=22.21,h=36.59,p=1011.30",46286,366.40,True
190,"t=22.20,h=36.58,p=1011.26",46290,111.10,True
191,"t=22.20,h=36.58,p=1011.26",46283,245.00,True
192,"t=22.21,h=36.59,p=1011.31",46286,351.10,True
193,"t=22.21,h=36.59,p=1011.31",46286,121.90,True
194,"t=22.21,h=36.54,p=1011.30",46273,382.40,True
195,"t=22.21,h=36.54,p=1011.30",46282,279.70,True
196,"t=22.21,h=36.58,p=1011.29",46277,207.10,True
197,"t=22.21,h=36.58,p=1011.29",46291,345.40,True
198,"t=22.21,h=36.58,p=1011.29",46287,266.50,True
199,"t=22.21,h=36.58,p=1011.29",46285,352.30,True
200,"t=22.20,h=36.57,p=1011.27",46286,149.50,True
201,"t=22.20,h=36.57,p=1011.27",46283,155.80,True
202,"t=22.21,h=36.55,p=1011.28",46289,95.70,True
203,"t=22.21,h=36.55,p=1011.28",46277,93.60,True
204,"t=22.21,h=36.58,p=1011.28",46275,356.80,True
205,"t=22.21,h=36.58,p=1011.28",46281,290.10,True
206,"t=22.22,h=36.58,p=1011.31",46289,95.20,True
207,"t=22.22,h=36.58,p=1011.31",46278,94.80,True
208,"t=22.21,h=36.57,p=1011.28",46275,95.40,True
209,"t=22.21,h=36.57,p=1011.28",46276,372.60,True
210,"t=22.22,h=36.56,p=1011.26",46289,354.80,True
211,"t=22.22,h=36.56,p=1011.26",46291,96.50,True
212,"t=22.21,h=36.56,p=1011.23",46273,94.90,True
213,"t=22.21,h=36.56,p=1011.23",46279,289.70,True
214,"t=22.21,h=36.54,p=1011.26",46285,97.70,True
215,"t=22.21,h=36.54,p=1011.26",46285,329.70,True
216,"t=22.21,h=36.54,p=1011.26",46284,340.40,True
217,"t=22.21,h=36.54,p=1011.26",46288,289.80,True
218,"t=22.20,h=36.54,p=1011.21",46280,212.80,True
219,"t=22.20,h=36.54,p=1011.21",46280,384.10,True
220,"t=22.21,h=36.54,p=1011.26",46285,225.90,True
221,"t=22.21,h=36.54,p=1011.26",46283,96.90,True
222,"t=22.20,h=36.51,p=1011.26",46294,96.80,True
223,"t=22.20,h=36.51,p=1011.26",46271,95.10,True
224,"t=22.21,h=36.54,p=1011.26",46280,240.80,True
225,"t=22.21,h=36.54,p=1011.26",46286,163.00,True
226,"t=22.20,h=36.54,p=1011.25",46284,360.40,True
227,"t=22.20,h=36.54,p=1011.25",46287,328.20,True
228,"t=22.21,h=36.53,p=1011.29",46289,295.80,True
229,"t=22.21,h=36.53,p=1011.29",46275,93.80,True
230,"t=22.22,h=36.53,p=1011.28",46292,145.50,True
231,"t=22.22,h=36.53,p=1011.28",46284,325.50,True
232,"t=22.21,h=36.53,p=1011.27",46288,148.10,True
233,"t=22.21,h=36.53,p=1011.27",46275,94.70,True
234,"t=22.22,h=36.53,p=1011.29",46282,95.20,True
235,"t=22.22,h=36.53,p=1011.29",46278,93.70,True
236,"t=22.22,h=36.53,p=1011.27",46278,92.80,True
237,"t=22.22,h=36.53,p=1011.27",46277,327.80,True
238,"t=22.22,h=36.53,p=1011.30",46284,192.90,True
239,"t=22.22,h=36.53,p=1011.30",46274,93.20,True
240,"t=22.22,h=36.53,p=1011.30",46277,91.80,True
241,"t=22.22,h=36.53,p=1011.30",46274,344.40,True
242,"t=22.22,h=36.53,p=1011.30",46286,94.60,True
243,"t=22.22,h=36.54,p=1011.27",46277,355.00,True
244,"t=22.22,h=36.54,p=1011.27",46287,313.40,True
245,"t=22.22,h=36.51,p=1011.26",46290,346.60,True
246,"t=22.22,h=36.51,p=1011.26",46290,290.60,True
247,"t=22.22,h=36.51,p=1011.24",46281,153.40,True
248,"t=22.22,h=36.51,p=1011.24",46286,337.80,True
249,"t=22.22,h=36.50,p=1011.25",46282,102.20,True
250,"t=22.22,h=36.50,p=1011.25",46270,94.60,True
251,"t=22.22,h=36.51,p=1011.27",46292,95.90,True
252,"t=22.22,h=36.51,p=1011.27",46299,334.80,True
253,"t=22.22,h=36.53,p=1011.27",46293,342.80,True
254,"t=22.22,h=36.53,p=1011.27",46284,111.40,True
255,"t=22.22,h=36.50,p=1011.30",46274,96.40,True
256,"t=22.22,h=36.50,p=1011.30",46276,272.50,True
257,"t=22.22,h=36.50,p=1011.25",46281,235.70,True
258,"t=22.22,h=36.50,p=1011.25",46278,96.30,True
259,"t=22.22,h=36.49,p=1011.30",46270,106.10,True
260,"t=22.22,h=36.49,p=1011.30",46276,127.60,True
261,"t=22.22,h=36.52,p=1011.25",46277,95.30,True
262,"t=22.22,h=36.52,p=1011.25",46272,167.50,True
263,"t=22.20,h=36.51,p=1011.24",46284,94.50,True
264,"t=22.20,h=36.51,p=1011.24",46277,144.80,True
265,"t=22.21,h=36.51,p=1011.26",46287,95.10,True
266,"t=22.21,h=36.51,p=1011.26",46282,94.00,True
267,"t=22.21,h=36.50,p=1011.23",46276,419.60,True
268,"t=22.21,h=36.50,p=1011.23",46290,267.70,True
269,"t=22.21,h=36.51,p=1011.23",46284,382.40,True
270,"t=22.21,h=36.51,p=1011.23",46285,285.10,True
271,"t=22.22,h=36.49,p=1011.27",46283,117.00,True
272,"t=22.22,h=36.49,p=1011.27",46284,93.40,True
273,"t=22.22,h=36.51,p=1011.26",46284,257.10,True
274,"t=22.22,h=36.51,p=1011.26",46290,351.50,True
275,"t=22.22,h=36.51,p=1011.27",46296,138.40,True
276,"t=22.22,h=36.51,p=1011.27",46291,96.30,True
277,"t=22.22,h=36.51,p=1011.23",46279,94.80,True
278,"t=22.22,h=36.51,p=1011.23",46273,262.20,True
279,"t=22.21,h=36.51,p=1011.26",46291,100.50,True
280,"t=22.21,h=36.51,p=1011.26",46277,139.40,True
281,"t=22.22,h=36.50,p=1011.28",46292,343.20,True
282,"t=22.22,h=36.50,p=1011.28",46285,286.50,True
283,"t=22.22,h=36.50,p=1011.26",46284,373.20,True
284,"t=22.22,h=36.50,p=1011.26",46287,269.90,True
285,"t=22.21,h=36.49,p=1011.24",46284,350.40,True
286,"t=22.21,h=36.49,p=1011.24",46290,94.60,True
287,"t=22.22,h=36.49,p=1011.26",46278,94.80,True
288,"t=22.22,h=36.49,p=1011.26",46286,347.60,True
289,"t=22.22,h=36.49,p=1011.23",46286,137.90,True
290,"t=22.22,h=36.49,p=1011.23",46285,353.40,True
291,"t=22.22,h=36.49,p=1011.28",46290,286.80,True
292,"t=22.22,h=36.49,p=1011.28",46285,357.00,True
293,"t=22.22,h=36.49,p=1011.28",46290,345.30,True
294,"t=22.21,h=36.46,p=1011.27",46284,355.80,True
295,"t=22.21,h=36.46,p=1011.27",46288,295.90,True
296,"t=22.21,h=36.47,p=1011.23",46286,117.90,True
297,"t=22.21,h=36.47,p=1011.23",46293,350.30,True
298,"t=22.22,h=36.46,p=1011.24",46288,313.70,True
299,"t=22.22,h=36.46,p=1011.24",46293,96.80,True
300,"t=22.21,h=36.50,p=1011.23",46278,93.90,True
301,"t=22.21,h=36.50,p=1011.23",46277,348.40,True
302,"t=22.22,h=36.49,p=1011.26",46321,353.00,True
303,"t=22.22,h=36.49,p=1011.26",46300,229.70,True
304,"t=22.21,h=36.49,p=1011.24",46282,95.20,True
305,"t=22.21,h=36.49,p=1011.24",46298,94.30,True
306,"t=22.20,h=36.46,p=1011.22",46300,327.70,True
307,"t=22.20,h=36.46,p=1011.22",46285,268.10,True
308,"t=22.21,h=36.46,p=1011.25",46289,211.40,True
309,"t=22.21,h=36.46,p=1011.25",46273,97.20,True
310,"t=22.22,h=36.45,p=1011.27",46281,150.60,True
311,"t=22.22,h=36.45,p=1011.27",46285,98.20,True
312,"t=22.22,h=36.49,p=1011.27",46282,146.60,True
313,"t=22.22,h=36.49,p=1011.27",46283,94.50,True
314,"t=22.22,h=36.49,p=1011.27",46286,351.00,True
315,"t=22.22,h=36.49,p=1011.27",46283,237.50,True
316,"t=22.22,h=36.45,p=1011.28",46283,316.30,True
317,"t=22.22,h=36.45,p=1011.28",46291,146.70,True
318,"t=22.22,h=36.44,p=1011.27",46284,109.70,True
319,"t=22.22,h=36.44,p=1011.27",46277,91.70,True
320,"t=22.21,h=36.45,p=1011.27",46277,95.90,True
321,"t=22.21,h=36.45,p=1011.27",46276,355.40,True
322,"t=22.22,h=36.46,p=1011.26",46280,219.30,True
323,"t=22.22,h=36.46,p=1011.26",46274,146.00,True
324,"t=22.22,h=36.45,p=1011.23",46280,96.70,True
325,"t=22.22,h=36.45,p=1011.23",46282,350.40,True
326,"t=22.22,h=36.45,p=1011.26",46283,161.40,True
327,"t=22.22,h=36.45,p=1011.26",46281,328.30,True
328,"t=22.22,h=36.45,p=1011.26",46283,138.20,True
329,"t=22.22,h=36.45,p=1011.26",46287,94.00,True
330,"t=22.22,h=36.45,p=1011.26",46274,94.40,True
331,"t=22.22,h=36.45,p=1011.26",46280,93.30,True
332,"t=22.22,h=36.45,p=1011.25",46292,148.10,True
333,"t=22.22,h=36.45,p=1011.25",46285,353.40,True
334,"t=22.21,h=36.44,p=1011.26",46282,299.40,True
335,"t=22.21,h=36.44,p=1011.26",46284,93.90,True
336,"t=22.22,h=36.44,p=1011.27",46276,280.00,True
337,"t=22.22,h=36.44,p=1011.27",46286,92.10,True
338,"t=22.21,h=36.44,p=1011.25",46285,284.50,True
339,"t=22.21,h=36.44,p=1011.25",46284,293.80,True
340,"t=22.20,h=36.44,p=1011.24",46281,325.30,True
341,"t=22.20,h=36.44,p=1011.24",46283,150.20,True
342,"t=22.20,h=36.44,p=1011.24",46285,96.20,True
343,"t=22.20,h=36.44,p=1011.24",46274,94.20,True
344,"t=22.20,h=36.44,p=1011.24",46276,382.00,True
345,"t=22.22,h=36.44,p=1011.24",46286,201.00,True
346,"t=22.22,h=36.44,p=1011.24",46282,144.60,True
347,"t=22.21,h=36.43,p=1011.22",46292,144.90,True
348,"t=22.21,h=36.43,p=1011.22",46284,94.40,True
349,"t=22.22,h=36.44,p=1011.22",46281,96.60,True
350,"t=22.22,h=36.44,p=1011.22",46276,92.60,True
351,"t=22.22,h=36.43,p=1011.24",46279,340.60,True
352,"t=22.22,h=36.43,p=1011.24",46280,239.70,True
353,"t=22.22,h=36.43,p=1011.25",46290,157.80,True
354,"t=22.22,h=36.43,p=1011.25",46274,111.80,True
355,"t=22.22,h=36.45,p=1011.26",46280,248.70,True
356,"t=22.22,h=36.45,p=1011.26",46283,213.80,True
357,"t=22.23,h=36.43,p=1011.23",46278,244.90,True
358,"t=22.23,h=36.43,p=1011.23",46280,233.80,True
359,"t=22.22,h=36.43,p=1011.25",46276,245.10,True
360,"t=22.22,h=36.43,p=1011.25",46284,245.60,True
361,"t=22.22,h=36.44,p=1011.24",46286,210.80,True
362,"t=22.22,h=36.44,p=1011.24",46280,347.80,True
363,"t=22.22,h=36.45,p=1011.24",46282,188.00,True
364,"t=22.22,h=36.45,p=1011.24",46283,236.10,True
365,"t=22.22,h=36.42,p=1011.23",46288,98.60,True
366,"t=22.22,h=36.42,p=1011.23",46283,301.80,True
367,"t=22.23,h=36.43,p=1011.27",46282,96.40,True
368,"t=22.23,h=36.43,p=1011.27",46284,356.10,True
369,"t=22.22,h=36.44,p=1011.25",46282,293.10,True
370,"t=22.22,h=36.44,p=1011.25",46277,147.30,True
371,"t=22.22,h=36.43,p=1011.23",46282,95.50,True
372,"t=22.22,h=36.43,p=1011.23",46277,263.60,True
373,"t=22.21,h=36.43,p=1011.22",46283,213.40,True
374,"t=22.21,h=36.43,p=1011.22",46279,261.10,True
375,"t=22.21,h=36.43,p=1011.21",46284,97.90,True
376,"t=22.21,h=36.43,p=1011.21",46278,363.30,True
377,"t=22.21,h=36.43,p=1011.22",46288,95.80,True
378,"t=22.21,h=36.43,p=1011.22",46277,92.30,True
379,"t=22.22,h=36.42,p=1011.23",46280,262.60,True
380,"t=22.22,h=36.42,p=1011.23",46284,96.30,True
381,"t=22.21,h=36.42,p=1011.21",46281,269.60,True
382,"t=22.21,h=36.42,p=1011.21",46283,351.30,True
383,"t=22.22,h=36.41,p=1011.25",46289,144.70,True
384,"t=22.22,h=36.41,p=1011.25",46281,113.30,True
385,"t=22.23,h=36.43,p=1011.24",46275,136.70,True
386,"t=22.23,h=36.43,p=1011.24",46273,97.30,True
387,"t=22.23,h=36.42,p=1011.22",46282,247.80,True
388,"t=22.23,h=36.42,p=1011.22",46289,96.30,True
389,"t=22.23,h=36.42,p=1011.27",46275,93.80,True
390,"t=22.23,h=36.42,p=1011.27",46275,91.00,True
391,"t=22.22,h=36.42,p=1011.24",46277,93.90,True
392,"t=22.22,h=36.42,p=1011.24",46276,150.00,True
393,"t=22.22,h=36.42,p=1011.25",46283,96.00,True
394,"t=22.22,h=36.42,p=1011.25",46274,181.70,True
395,"t=22.22,h=36.42,p=1011.25",46282,106.70,True
396,"t=22.22,h=36.43,p=1011.26",46286,273.30,True
397,"t=22.22,h=36.43,p=1011.26",46283,338.90,True
398,"t=22.22,h=36.39,p=1011.24",46291,289.90,True
399,"t=22.22,h=36.39,p=1011.24",46278,121.90,True
400,"t=22.22,h=36.41,p=1011.23",46284,268.40,True
401,"t=22.22,h=36.41,p=1011.23",46284,216.20,True
402,"t=22.23,h=36.41,p=1011.23",46297,120.60,True
403,"t=22.23,h=36.41,p=1011.23",46316,94.60,True
404,"t=22.23,h=36.42,p=1011.26",46278,349.80,True
405,"t=22.23,h=36.42,p=1011.26",46285,280.90,True
406,"t=22.23,h=36.39,p=1011.22",46272,213.40,True
407,"t=22.23,h=36.39,p=1011.22",46276,389.00,True
408,"t=22.23,h=36.38,p=1011.27",46280,148.70,True
409,"t=22.23,h=36.38,p=1011.27",46277,272.30,True
410,"t=22.22,h=36.41,p=1011.24",46285,218.50,True
411,"t=22.22,h=36.41,p=1011.24",46278,269.50,True
412,"t=22.23,h=36.42,p=1011.24",46286,215.20,True
413,"t=22.23,h=36.42,p=1011.24",46285,156.70,True
414,"t=22.21,h=36.42,p=1011.23",46284,355.90,True
415,"t=22.21,h=36.42,p=1011.23",46284,95.70,True
416,"t=22.21,h=36.38,p=1011.26",46272,95.40,True
417,"t=22.21,h=36.38,p=1011.26",46276,96.10,True
418,"t=22.22,h=36.41,p=1011.26",46277,278.40,True
419,"t=22.22,h=36.41,p=1011.26",46287,99.40,True
420,"t=22.20,h=36.38,p=1011.18",46282,356.90,True
421,"t=22.20,h=36.38,p=1011.18",46286,115.00,True
422,"t=22.22,h=36.39,p=1011.23",46276,94.80,True
423,"t=22.22,h=36.39,p=1011.23",46280,93.00,True
424,"t=22.21,h=36.42,p=1011.23",46303,151.10,True
425,"t=22.21,h=36.42,p=1011.23",46282,260.70,True
426,"t=22.23,h=36.42,p=1011.26",46287,213.70,True
427,"t=22.23,h=36.42,p=1011.26",46275,161.80,True
428,"t=22.22,h=36.39,p=1011.25",46283,117.60,True
429,"t=22.22,h=36.39,p=1011.25",46290,219.30,True
430,"t=22.22,h=36.41,p=1011.24",46289,151.00,True
431,"t=22.22,h=36.41,p=1011.24",46286,96.20,True
432,"t=22.22,h=36.39,p=1011.27",46278,96.40,True
433,"t=22.22,h=36.39,p=1011.27",46276,279.70,True
434,"t=22.22,h=36.39,p=1011.26",46290,214.60,True
435,"t=22.22,h=36.39,p=1011.26",46277,135.90,True
436,"t=22.23,h=36.39,p=1011.27",46285,96.40,True
437,"t=22.23,h=36.39,p=1011.27",46276,186.40,True
438,"t=22.23,h=36.41,p=1011.25",46287,97.10,True
439,"t=22.23,h=36.41,p=1011.25",46280,324.80,True
440,"t=22.23,h=36.41,p=1011.24",46288,299.00,True
441,"t=22.23,h=36.41,p=1011.24",46283,145.80,True
442,"t=22.23,h=36.41,p=1011.26",46280,100.20,True
443,"t=22.23,h=36.41,p=1011.26",46275,310.60,True
444,"t=22.23,h=36.41,p=1011.24",46286,96.90,True
445,"t=22.23,h=36.41,p=1011.24",46302,95.40,True
446,"t=22.23,h=36.41,p=1011.24",46280,331.90,True
447,"t=22.23,h=36.41,p=1011.27",46284,297.40,True
448,"t=22.23,h=36.41,p=1011.27",46275,229.10,True
449,"t=22.22,h=36.42,p=1011.24",46285,96.60,True
450,"t=22.22,h=36.42,p=1011.24",46284,341.80,True
451,"t=22.21,h=36.42,p=1011.20",46286,94.60,True
452,"t=22.21,h=36.42,p=1011.20",46292,354.80,True
453,"t=22.21,h=36.43,p=1011.20",46287,98.80,True
454,"t=22.21,h=36.43,p=1011.20",46277,350.00,True
455,"t=22.22,h=36.42,p=1011.22",46283,262.20,True
456,"t=22.22,h=36.42,p=1011.22",46279,297.80,True
457,"t=22.21,h=36.42,p=1011.20",46284,94.80,True
458,"t=22.21,h=36.42,p=1011.20",46282,352.40,True
459,"t=22.20,h=36.40,p=1011.21",46282,220.80,True
460,"t=22.20,h=36.40,p=1011.21",46281,95.60,True
461,"t=22.21,h=36.42,p=1011.20",46276,141.60,True
462,"t=22.21,h=36.42,p=1011.20",46288,325.50,True
463,"t=22.22,h=36.42,p=1011.21",46285,251.50,True
464,"t=22.22,h=36.42,p=1011.21",46285,171.00,True
465,"t=22.23,h=36.44,p=1011.22",46284,96.30,True
466,"t=22.23,h=36.44,p=1011.22",46274,95.10,True
467,"t=22.23,h=36.43,p=1011.22",46275,336.00,True
468,"t=22.23,h=36.43,p=1011.22",46281,95.70,True
469,"t=22.23,h=36.42,p=1011.25",46271,385.00,True
470,"t=22.23,h=36.42,p=1011.25",46276,116.10,True
471,"t=22.23,h=36.43,p=1011.22",46275,250.70,True
472,"t=22.23,h=36.43,p=1011.22",46283,95.20,True
473,"t=22.23,h=36.45,p=1011.22",46281,94.90,True
474,"t=22.23,h=36.45,p=1011.22",46276,353.10,True
475,"t=22.23,h=36.42,p=1011.25",46286,264.50,True
476,"t=22.23,h=36.42,p=1011.25",46277,144.50,True
477,"t=22.21,h=36.44,p=1011.17",46288,328.20,True
478,"t=22.21,h=36.44,p=1011.17",46294,269.30,True
479,"t=22.23,h=36.43,p=1011.23",46282,319.00,True
480,"t=22.23,h=36.43,p=1011.23",46295,378.90,True
481,"t=22.23,h=36.43,p=1011.24",46275,281.80,True
482,"t=22.23,h=36.43,p=1011.24",46274,358.40,True
483,"t=22.22,h=36.43,p=1011.23",46283,269.20,True
484,"t=22.22,h=36.43,p=1011.23",46286,351.60,True
485,"t=22.23,h=36.43,p=1011.23",46280,276.70,True
486,"t=22.23,h=36.43,p=1011.23",46280,216.70,True
487,"t=22.22,h=36.43,p=1011.21",46283,169.20,True
488,"t=22.22,h=36.43,p=1011.21",46280,93.90,True
489,"t=22.23,h=36.43,p=1011.18",46273,167.80,True
490,"t=22.23,h=36.43,p=1011.18",46282,96.60,True
491,"t=22.20,h=36.43,p=1011.13",46283,325.60,True
492,"t=22.20,h=36.43,p=1011.13",46281,201.10,True
493,"t=22.21,h=36.43,p=1011.23",46277,389.70,True
494,"t=22.21,h=36.43,p=1011.23",46280,138.30,True
495,"t=22.22,h=36.43,p=1011.22",46277,269.90,True
496,"t=22.22,h=36.43,p=1011.22",46278,196.50,True
497,"t=22.22,h=36.43,p=1011.24",46274,94.30,True
498,"t=22.22,h=36.43,p=1011.24",46273,93.10,True
499,"t=22.22,h=36.43,p=1011.24",46274,92.20,True
500,"t=22.23,h=36.43,p=1011.23",46275,118.30,True
501,"t=22.23,h=36.43,p=1011.23",46284,96.10,True
502,"t=22.24,h=36.40,p=1011.21",46274,95.90,True
503,"t=22.24,h=36.40,p=1011.21",46278,94.60,True
504,"t=22.23,h=36.43,p=1011.22",46300,257.10,True
505,"t=22.23,h=36.43,p=1011.22",46285,222.50,True
506,"t=22.23,h=36.43,p=1011.23",46274,327.10,True
507,"t=22.23,h=36.43,p=1011.23",46284,365.80,True
508,"t=22.23,h=36.43,p=1011.21",46287,145.50,True
509,"t=22.23,h=36.43,p=1011.21",46277,94.40,True
510,"t=22.23,h=36.44,p=1011.23",46283,352.60,True
511,"t=22.23,h=36.44,p=1011.23",46309,145.80,True
512,"t=22.23,h=36.43,p=1011.25",46276,92.60,True
513,"t=22.23,h=36.43,p=1011.25",46293,358.20,True
514,"t=22.23,h=36.43,p=1011.23",46281,95.70,True
515,"t=22.23,h=36.43,p=1011.23",46271,98.00,True
516,"t=22.22,h=36.45,p=1011.24",46273,96.10,True
517,"t=22.22,h=36.45,p=1011.24",46276,358.10,True
518,"t=22.23,h=36.45,p=1011.25",46279,295.10,True
519,"t=22.23,h=36.45,p=1011.25",46277,242.40,True
520,"t=22.23,h=36.45,p=1011.21",46293,359.50,True
521,"t=22.23,h=36.45,p=1011.21",46295,112.80,True
522,"t=22.23,h=36.44,p=1011.22",46279,95.60,True
523,"t=22.23,h=36.44,p=1011.22",46276,270.20,True
524,"t=22.23,h=36.45,p=1011.22",46288,214.30,True
525,"t=22.23,h=36.45,p=1011.22",46282,163.10,True
526,"t=22.23,h=36.44,p=1011.22",46288,96.30,True
527,"t=22.23,h=36.44,p=1011.22",46284,358.60,True
528,"t=22.23,h=36.46,p=1011.22",46286,296.60,True
529,"t=22.23,h=36.46,p=1011.22",46286,98.50,True
530,"t=22.22,h=36.47,p=1011.21",46283,362.40,True
531,"t=22.22,h=36.47,p=1011.21",46280,98.60,True
532,"t=22.22,h=36.45,p=1011.21",46281,348.30,True
533,"t=22.22,h=36.45,p=1011.21",46288,96.10,True
534,"t=22.22,h=36.45,p=1011.19",46286,246.30,True
535,"t=22.22,h=36.45,p=1011.19",46281,220.00,True
536,"t=22.22,h=36.45,p=1011.18",46276,144.70,True
537,"t=22.22,h=36.45,p=1011.18",46286,333.30,True
538,"t=22.22,h=36.45,p=1011.22",46284,327.20,True
539,"t=22.22,h=36.45,p=1011.22",46285,288.70,True
540,"t=22.23,h=36.45,p=1011.22",46277,215.50,True
541,"t=22.23,h=36.45,p=1011.22",46284,96.20,True
542,"t=22.23,h=36.45,p=1011.23",46275,346.20,True
543,"t=22.23,h=36.45,p=1011.23",46304,95.50,True
544,"t=22.23,h=36.45,p=1011.20",46278,326.90,True
545,"t=22.23,h=36.45,p=1011.20",46289,289.70,True
546,"t=22.23,h=36.45,p=1011.22",46276,289.20,True
547,"t=22.23,h=36.45,p=1011.22",46280,146.30,True
548,"t=22.23,h=36.45,p=1011.23",46282,95.50,True
549,"t=22.23,h=36.45,p=1011.23",46289,263.80,True
550,"t=22.23,h=36.45,p=1011.23",46282,97.00,True
551,"t=22.23,h=36.45,p=1011.22",46283,279.80,True
552,"t=22.23,h=36.45,p=1011.22",46284,215.00,True
553,"t=22.23,h=36.45,p=1011.22",46281,329.70,True
554,"t=22.23,h=36.45,p=1011.22",46284,348.90,True
555,"t=22.23,h=36.45,p=1011.21",46295,264.20,True
556,"t=22.23,h=36.45,p=1011.21",46293,167.00,True
557,"t=22.24,h=36.44,p=1011.24",46272,385.60,True
558,"t=22.24,h=36.44,p=1011.24",46279,212.50,True
559,"t=22.24,h=36.42,p=1011.22",46271,94.30,True
560,"t=22.24,h=36.42,p=1011.22",46276,340.80,True
561,"t=22.23,h=36.45,p=1011.22",46284,97.20,True
562,"t=22.23,h=36.45,p=1011.22",46313,301.60,True
563,"t=22.23,h=36.44,p=1011.22",46283,97.10,True
564,"t=22.23,h=36.44,p=1011.22",46281,271.50,True
565,"t=22.23,h=36.46,p=1011.23",46281,171.70,True
566,"t=22.23,h=36.46,p=1011.23",46284,270.60,True
567,"t=22.22,h=36.46,p=1011.21",46283,391.50,True
568,"t=22.22,h=36.46,p=1011.21",46284,106.10,True
569,"t=22.22,h=36.46,p=1011.20",46269,96.40,True
570,"t=22.22,h=36.46,p=1011.20",46272,161.10,True
571,"t=22.23,h=36.44,p=1011.24",46285,96.70,True
572,"t=22.23,h=36.44,p=1011.24",46272,94.40,True
573,"t=22.22,h=36.44,p=1011.21",46278,281.80,True
574,"t=22.22,h=36.44,p=1011.21",46285,97.20,True
575,"t=22.22,h=36.45,p=1011.21",46284,242.40,True
576,"t=22.22,h=36.45,p=1011.21",46288,205.90,True
577,"t=22.22,h=36.46,p=1011.20",46273,147.00,True
578,"t=22.22,h=36.46,p=1011.20",46289,97.70,True
579,"t=22.23,h=36.43,p=1011.23",46274,352.50,True
580,"t=22.23,h=36.43,p=1011.23",46289,96.50,True
581,"t=22.23,h=36.46,p=1011.23",46276,270.10,True
582,"t=22.23,h=36.46,p=1011.23",46285,214.80,True
583,"t=22.23,h=36.44,p=1011.26",46293,353.70,True
584,"t=22.23,h=36.44,p=1011.26",46292,104.90,True
585,"t=22.24,h=36.44,p=1011.25",46273,95.20,True
586,"t=22.24,h=36.44,p=1011.25",46276,147.50,True
587,"t=22.23,h=36.44,p=1011.24",46283,96.30,True
588,"t=22.23,h=36.44,p=1011.24",46275,94.60,True
589,"t=22.23,h=36.44,p=1011.25",46269,94.00,True
590,"t=22.23,h=36.44,p=1011.25",46302,248.00,True
591,"t=22.23,h=36.44,p=1011.24",46281,96.50,True
592,"t=22.23,h=36.44,p=1011.24",46273,336.40,True
593,"t=22.23,h=36.44,p=1011.24",46281,97.60,True
594,"t=22.23,h=36.44,p=1011.24",46275,145.80,True
595,"t=22.24,h=36.44,p=1011.23",46286,352.70,True
596,"t=22.24,h=36.44,p=1011.23",46286,97.00,True
597,"t=22.23,h=36.44,p=1011.26",46276,96.40,True
598,"t=22.23,h=36.44,p=1011.26",46277,96.40,True
599,"t=22.23,h=36.44,p=1011.26",46289,320.90,True
600,"t=22.23,h=36.44,p=1011.26",46289,96.80,True
601,"t=22.23,h=36.44,p=1011.25",46278,95.30,True
602,"t=22.23,h=36.44,p=1011.25",46270,93.90,True
603,"t=22.23,h=36.44,p=1011.25",46277,357.20,True
604,"t=22.22,h=36.44,p=1011.23",46280,277.80,True
605,"t=22.22,h=36.44,p=1011.23",46276,361.60,True
606,"t=22.23,h=36.44,p=1011.27",46280,96.50,True
607,"t=22.23,h=36.44,p=1011.27",46277,295.80,True
608,"t=22.22,h=36.43,p=1011.24",46280,95.90,True
609,"t=22.22,h=36.43,p=1011.24",46285,349.30,True
610,"t=22.22,h=36.43,p=1011.24",46278,185.50,True
611,"t=22.22,h=36.43,p=1011.24",46280,140.60,True
612,"t=22.22,h=36.44,p=1011.23",46280,216.60,True
613,"t=22.22,h=36.44,p=1011.23",46279,214.20,True
614,"t=22.22,h=36.44,p=1011.24",46280,361.50,True
615,"t=22.22,h=36.44,p=1011.24",46290,218.70,True
616,"t=22.22,h=36.45,p=1011.21",46284,297.10,True
617,"t=22.22,h=36.45,p=1011.21",46289,98.10,True
618,"t=22.23,h=36.45,p=1011.24",46276,377.40,True
619,"t=22.23,h=36.45,p=1011.24",46281,267.80,True
620,"t=22.23,h=36.45,p=1011.21",46288,155.40,True
621,"t=22.23,h=36.45,p=1011.21",46319,252.30,True
622,"t=22.23,h=36.40,p=1011.25",46292,93.70,True
623,"t=22.23,h=36.40,p=1011.25",46273,92.10,True
624,"t=22.24,h=36.43,p=1011.26",46279,94.30,True
625,"t=22.24,h=36.43,p=1011.26",46293,144.10,True
626,"t=22.24,h=36.41,p=1011.27",46286,95.80,True
627,"t=22.24,h=36.41,p=1011.27",46270,93.80,True
628,"t=22.24,h=36.43,p=1011.26",46278,93.50,True
629,"t=22.24,h=36.43,p=1011.26",46274,255.90,True
630,"t=22.23,h=36.41,p=1011.25",46287,97.80,True
631,"t=22.23,h=36.41,p=1011.25",46277,145.00,True
632,"t=22.23,h=36.41,p=1011.25",46289,390.50,True
633,"t=22.23,h=36.41,p=1011.25",46283,96.70,True
634,"t=22.24,h=36.44,p=1011.24",46269,96.40,True
635,"t=22.24,h=36.44,p=1011.24",46270,145.50,True
636,"t=22.23,h=36.42,p=1011.25",46277,96.90,True
637,"t=22.23,h=36.42,p=1011.25",46272,242.20,True
638,"t=22.24,h=36.42,p=1011.25",46285,96.40,True
639,"t=22.24,h=36.42,p=1011.25",46278,144.80,True
640,"t=22.23,h=36.42,p=1011.27",46284,97.20,True
641,"t=22.23,h=36.42,p=1011.27",46287,93.00,True
642,"t=22.23,h=36.42,p=1011.28",46274,154.80,True
643,"t=22.23,h=36.42,p=1011.28",46286,95.90,True
644,"t=22.23,h=36.43,p=1011.26",46282,321.20,True
645,"t=22.23,h=36.43,p=1011.26",46298,96.50,True
646,"t=22.21,h=36.43,p=1011.24",46300,320.30,True
647,"t=22.21,h=36.43,p=1011.24",46287,97.30,True
648,"t=22.22,h=36.43,p=1011.24",46275,196.10,True
649,"t=22.22,h=36.43,p=1011.24",46285,94.70,True
650,"t=22.22,h=36.42,p=1011.24",46277,296.40,True
651,"t=22.22,h=36.42,p=1011.24",46286,214.70,True
652,"t=22.22,h=36.42,p=1011.24",46274,146.80,True
653,"t=22.22,h=36.42,p=1011.24",46288,96.20,True
654,"t=22.22,h=36.42,p=1011.24",46278,135.10,True
655,"t=22.23,h=36.41,p=1011.25",46302,97.00,True
656,"t=22.23,h=36.41,p=1011.25",46276,317.00,True
657,"t=22.24,h=36.41,p=1011.28",46285,95.60,True
658,"t=22.24,h=36.41,p=1011.28",46273,93.70,True
659,"t=22.23,h=36.42,p=1011.27",46283,328.10,True
660,"t=22.23,h=36.42,p=1011.27",46286,324.50,True
661,"t=22.24,h=36.42,p=1011.26",46285,297.10,True
662,"t=22.24,h=36.42,p=1011.26",46282,290.80,True
663,"t=22.23,h=36.42,p=1011.24",46287,293.40,True
664,"t=22.23,h=36.42,p=1011.24",46293,216.00,True
665,"t=22.24,h=36.41,p=1011.28",46278,262.50,True
666,"t=22.24,h=36.41,p=1011.28",46282,216.80,True
667,"t=22.24,h=36.42,p=1011.27",46278,225.80,True
668,"t=22.24,h=36.42,p=1011.27",46283,108.00,True
669,"t=22.23,h=36.40,p=1011.26",46281,94.70,True
670,"t=22.23,h=36.40,p=1011.26",46274,148.40,True
671,"t=22.23,h=36.40,p=1011.26",46287,143.00,True
672,"t=22.23,h=36.40,p=1011.26",46289,270.00,True
673,"t=22.24,h=36.40,p=1011.29",46279,157.00,True
674,"t=22.24,h=36.40,p=1011.29",46293,96.80,True
675,"t=22.24,h=36.43,p=1011.28",46276,108.30,True
676,"t=22.24,h=36.43,p=1011.28",46281,263.50,True
677,"t=22.23,h=36.40,p=1011.27",46284,172.00,True
678,"t=22.23,h=36.40,p=1011.27",46284,97.50,True
679,"t=22.23,h=36.41,p=1011.27",46271,96.80,True
680,"t=22.23,h=36.41,p=1011.27",46282,340.20,True
681,"t=22.24,h=36.38,p=1011.30",46284,94.30,True
682,"t=22.24,h=36.38,p=1011.30",46275,136.60,True
683,"t=22.22,h=36.39,p=1011.24",46290,93.80,True
684,"t=22.22,h=36.39,p=1011.24",46280,93.10,True
685,"t=22.22,h=36.42,p=1011.26",46279,358.30,True
686,"t=22.22,h=36.42,p=1011.26",46284,94.50,True
687,"t=22.22,h=36.41,p=1011.25",46279,343.80,True
688,"t=22.22,h=36.41,p=1011.25",46285,293.60,True
689,"t=22.22,h=36.41,p=1011.25",46280,137.70,True
690,"t=22.22,h=36.41,p=1011.25",46283,95.20,True
691,"t=22.23,h=36.41,p=1011.27",46276,249.40,True
692,"t=22.23,h=36.41,p=1011.27",46285,96.30,True
693,"t=22.23,h=36.39,p=1011.28",46279,258.10,True
694,"t=22.23,h=36.39,p=1011.28",46286,148.10,True
695,"t=22.24,h=36.40,p=1011.29",46280,115.60,True
696,"t=22.24,h=36.40,p=1011.29",46275,96.00,True
697,"t=22.23,h=36.41,p=1011.30",46274,94.50,True
698,"t=22.23,h=36.41,p=1011.30",46275,352.60,True
699,"t=22.24,h=36.41,p=1011.31",46280,109.30,True
700,"t=22.24,h=36.41,p=1011.31",46279,143.50,True
701,"t=22.24,h=36.41,p=1011.27",46281,95.40,True
702,"t=22.24,h=36.41,p=1011.27",46307,146.30,True
703,"t=22.23,h=36.41,p=1011.27",46281,98.10,True
704,"t=22.23,h=36.41,p=1011.27",46283,166.50,True
705,"t=22.23,h=36.41,p=1011.27",46282,97.10,True
706,"t=22.23,h=36.43,p=1011.25",46278,337.70,True
707,"t=22.23,h=36.43,p=1011.25",46284,137.10,True
708,"t=22.24,h=36.40,p=1011.28",46280,258.90,True
709,"t=22.24,h=36.40,p=1011.28",46288,348.10,True
710,"t=22.24,h=36.42,p=1011.30",46294,230.00,True
711,"t=22.24,h=36.42,p=1011.30",46272,329.20,True
712,"t=22.23,h=36.41,p=1011.28",46285,353.00,True
713,"t=22.23,h=36.41,p=1011.28",46286,264.60,True
714,"t=22.23,h=36.42,p=1011.27",46276,95.80,True
715,"t=22.23,h=36.42,p=1011.27",46283,353.00,True
716,"t=22.24,h=36.42,p=1011.29",46278,290.20,True
717,"t=22.24,h=36.42,p=1011.29",46274,340.70,True
718,"t=22.24,h=36.41,p=1011.30",46294,377.10,True
719,"t=22.24,h=36.41,p=1011.30",46287,307.60,True
720,"t=22.23,h=36.42,p=1011.27",46275,286.70,True
721,"t=22.23,h=36.42,p=1011.27",46281,268.50,True
722,"t=22.24,h=36.42,p=1011.29",46276,156.30,True
723,"t=22.24,h=36.42,p=1011.29",46280,268.00,True
724,"t=22.22,h=36.44,p=1011.27",46284,201.80,True
725,"t=22.22,h=36.44,p=1011.27",46275,91.80,True
726,"t=22.24,h=36.40,p=1011.27",46275,353.30,True
727,"t=22.24,h=36.40,p=1011.27",46281,172.80,True
728,"t=22.23,h=36.43,p=1011.25",46281,393.60,True
729,"t=22.23,h=36.43,p=1011.25",46283,95.20,True
730,"t=22.23,h=36.44,p=1011.24",46295,146.00,True
731,"t=22.23,h=36.44,p=1011.24",46283,242.80,True
732,"t=22.23,h=36.42,p=1011.25",46282,233.90,True
733,"t=22.23,h=36.42,p=1011.25",46266,214.20,True
734,"t=22.24,h=36.43,p=1011.27",46285,146.30,True
735,"t=22.24,h=36.43,p=1011.27",46286,97.60,True
736,"t=22.24,h=36.42,p=1011.27",46285,353.90,True
737,"t=22.24,h=36.42,p=1011.27",46284,167.00,True
738,"t=22.24,h=36.44,p=1011.27",46279,295.80,True
739,"t=22.24,h=36.44,p=1011.27",46283,210.50,True
740,"t=22.23,h=36.42,p=1011.27",46277,210.40,True
741,"t=22.23,h=36.42,p=1011.27",46282,339.40,True
742,"t=22.24,h=36.42,p=1011.27",46287,104.40,True
743,"t=22.24,h=36.42,p=1011.27",46279,379.80,True
744,"t=22.24,h=36.42,p=1011.31",46285,290.80,True
745,"t=22.24,h=36.42,p=1011.31",46285,139.00,True
746,"t=22.24,h=36.42,p=1011.29",46278,95.20,True
747,"t=22.24,h=36.42,p=1011.29",46273,345.70,True
748,"t=22.24,h=36.41,p=1011.30",46286,289.00,True
749,"t=22.24,h=36.41,p=1011.30",46282,355.60,True
750,"t=22.24,h=36.42,p=1011.30",46281,295.80,True
751,"t=22.24,h=36.42,p=1011.30",46278,141.20,True
752,"t=22.24,h=36.42,p=1011.31",46283,93.40,True
753,"t=22.24,h=36.42,p=1011.31",46294,92.60,True
754,"t=22.24,h=36.42,p=1011.29",46269,294.20,True
755,"t=22.24,h=36.42,p=1011.29",46278,93.80,True
756,"t=22.24,h=36.42,p=1011.29",46275,321.40,True
757,"t=22.24,h=36.41,p=1011.25",46282,302.70,True
758,"t=22.24,h=36.41,p=1011.25",46274,326.20,True
759,"t=22.24,h=36.41,p=1011.27",46281,293.70,True
760,"t=22.24,h=36.41,p=1011.27",46274,117.80,True
761,"t=22.23,h=36.41,p=1011.25",46283,96.70,True
762,"t=22.23,h=36.41,p=1011.25",46277,326.70,True
763,"t=22.23,h=36.41,p=1011.25",46285,324.90,True
764,"t=22.23,h=36.41,p=1011.25",46289,292.40,True
765,"t=22.23,h=36.43,p=1011.27",46274,286.70,True
766,"t=22.23,h=36.43,p=1011.27",46282,213.10,True
767,"t=22.23,h=36.43,p=1011.28",46282,240.20,True
768,"t=22.23,h=36.43,p=1011.28",46297,212.50,True
769,"t=22.23,h=36.41,p=1011.27",46274,375.00,True
770,"t=22.23,h=36.41,p=1011.27",46286,293.70,True
771,"t=22.24,h=36.42,p=1011.27",46278,168.50,True
772,"t=22.24,h=36.42,p=1011.27",46292,96.10,True
773,"t=22.24,h=36.42,p=1011.27",46282,335.30,True
774,"t=22.24,h=36.42,p=1011.27",46287,294.40,True
775,"t=22.24,h=36.40,p=1011.26",46280,343.70,True
776,"t=22.24,h=36.40,p=1011.26",46290,222.90,True
777,"t=22.24,h=36.43,p=1011.26",46277,346.90,True
778,"t=22.24,h=36.43,p=1011.26",46284,110.80,True
779,"t=22.24,h=36.42,p=1011.27",46280,246.50,True
780,"t=22.24,h=36.42,p=1011.27",46284,259.00,True
781,"t=22.24,h=36.43,p=1011.30",46285,261.90,True
782,"t=22.24,h=36.43,p=1011.30",46282,118.30,True
783,"t=22.24,h=36.44,p=1011.27",46295,95.50,True
784,"t=22.24,h=36.44,p=1011.27",46275,213.00,True
785,"t=22.24,h=36.42,p=1011.27",46289,95.20,True
786,"t=22.24,h=36.42,p=1011.27",46277,122.90,True
787,"t=22.24,h=36.40,p=1011.28",46288,94.90,True
788,"t=22.24,h=36.40,p=1011.28",46283,300.70,True
789,"t=22.24,h=36.40,p=1011.30",46287,95.40,True
790,"t=22.24,h=36.40,p=1011.30",46279,144.50,True
791,"t=22.24,h=36.41,p=1011.24",46285,96.20,True
792,"t=22.24,h=36.41,p=1011.24",46278,117.80,True
793,"t=22.24,h=36.41,p=1011.25",46283,329.50,True
794,"t=22.24,h=36.41,p=1011.25",46286,94.40,True
795,"t=22.24,h=36.41,p=1011.26",46281,144.30,True
796,"t=22.24,h=36.41,p=1011.26",46291,378.30,True
797,"t=22.23,h=36.42,p=1011.23",46286,357.00,True
798,"t=22.23,h=36.42,p=1011.23",46285,95.90,True
799,"t=22.24,h=36.41,p=1011.28",46284,353.10,True
800,"t=22.24,h=36.41,p=1011.28",46287,352.60,True
801,"t=22.23,h=36.41,p=1011.25",46284,351.50,True
802,"t=22.23,h=36.41,p=1011.25",46282,102.90,True
803,"t=22.24,h=36.41,p=1011.27",46276,95.00,True
804,"t=22.24,h=36.41,p=1011.27",46275,353.00,True
805,"t=22.23,h=36.42,p=1011.25",46282,297.60,True
806,"t=22.23,h=36.42,p=1011.25",46266,289.20,True
807,"t=22.23,h=36.42,p=1011.25",46272,286.40,True
808,"t=22.23,h=36.42,p=1011.26",46276,317.90,True
809,"t=22.23,h=36.42,p=1011.26",46288,94.50,True
810,"t=22.24,h=36.40,p=1011.29",46270,95.40,True
811,"t=22.24,h=36.40,p=1011.29",46268,93.70,True
812,"t=22.24,h=36.42,p=1011.27",46277,143.20,True
813,"t=22.24,h=36.42,p=1011.27",46285,96.30,True
814,"t=22.24,h=36.40,p=1011.26",46280,145.00,True
815,"t=22.24,h=36.40,p=1011.26",46293,336.90,True
816,"t=22.24,h=36.42,p=1011.27",46290,238.80,True
817,"t=22.24,h=36.42,p=1011.27",46292,310.40,True
818,"t=22.23,h=36.41,p=1011.24",46289,96.60,True
819,"t=22.23,h=36.41,p=1011.24",46282,94.80,True
820,"t=22.23,h=36.44,p=1011.25",46273,241.20,True
821,"t=22.23,h=36.44,p=1011.25",46282,218.10,True
822,"t=22.24,h=36.40,p=1011.27",46279,94.30,True
823,"t=22.24,h=36.40,p=1011.27",46289,349.00,True
824,"t=22.24,h=36.42,p=1011.27",46294,205.60,True
825,"t=22.24,h=36.42,p=1011.27",46281,143.60,True
826,"t=22.24,h=36.42,p=1011.27",46293,129.20,True
827,"t=22.24,h=36.42,p=1011.27",46286,166.60,True
828,"t=22.23,h=36.42,p=1011.27",46288,94.80,True
829,"t=22.23,h=36.42,p=1011.27",46279,177.60,True
830,"t=22.24,h=36.43,p=1011.28",46285,96.30,True
831,"t=22.24,h=36.43,p=1011.28",46278,378.30,True
832,"t=22.24,h=36.43,p=1011.27",46286,223.00,True
833,"t=22.24,h=36.43,p=1011.27",46278,357.30,True
834,"t=22.23,h=36.43,p=1011.27",46284,96.90,True
835,"t=22.23,h=36.43,p=1011.27",46286,153.30,True
836,"t=22.23,h=36.41,p=1011.29",46300,97.30,True
837,"t=22.23,h=36.41,p=1011.29",46283,94.20,True
838,"t=22.22,h=36.43,p=1011.24",46273,162.10,True
839,"t=22.22,h=36.43,p=1011.24",46287,332.20,True
840,"t=22.23,h=36.39,p=1011.26",46284,240.90,True
841,"t=22.23,h=36.39,p=1011.26",46281,93.30,True
842,"t=22.24,h=36.41,p=1011.29",46276,301.80,True
843,"t=22.24,h=36.41,p=1011.29",46289,215.90,True
844,"t=22.23,h=36.41,p=1011.28",46273,386.70,True
845,"t=22.23,h=36.41,p=1011.28",46282,94.60,True
846,"t=22.23,h=36.42,p=1011.28",46277,119.30,True
847,"t=22.23,h=36.42,p=1011.28",46285,353.60,True
848,"t=22.25,h=36.42,p=1011.30",46288,95.00,True
849,"t=22.25,h=36.42,p=1011.30",46277,92.80,True
850,"t=22.24,h=36.43,p=1011.30",46272,94.80,True
851,"t=22.24,h=36.43,p=1011.30",46272,328.40,True
852,"t=22.25,h=36.42,p=1011.29",46300,293.10,True
853,"t=22.25,h=36.42,p=1011.29",46285,132.30,True
854,"t=22.25,h=36.42,p=1011.28",46295,96.50,True
855,"t=22.25,h=36.42,p=1011.28",46279,221.00,True
856,"t=22.25,h=36.43,p=1011.29",46289,96.10,True
857,"t=22.25,h=36.43,p=1011.29",46280,302.60,True
858,"t=22.25,h=36.43,p=1011.29",46291,215.70,True
859,"t=22.25,h=36.40,p=1011.33",46276,154.80,True
860,"t=22.25,h=36.40,p=1011.33",46283,137.60,True
861,"t=22.25,h=36.43,p=1011.31",46293,94.80,True
862,"t=22.25,h=36.43,p=1011.31",46281,92.30,True
863,"t=22.25,h=36.43,p=1011.30",46269,147.30,True
864,"t=22.25,h=36.43,p=1011.30",46293,95.30,True
865,"t=22.24,h=36.42,p=1011.29",46268,93.50,True
866,"t=22.24,h=36.42,p=1011.29",46271,141.20,True
867,"t=22.25,h=36.44,p=1011.30",46289,97.30,True
868,"t=22.25,h=36.44,p=1011.30",46277,144.20,True
869,"t=22.24,h=36.44,p=1011.27",46290,96.10,True
870,"t=22.24,h=36.44,p=1011.27",46275,386.20,True
871,"t=22.23,h=36.43,p=1011.27",46290,134.00,True
872,"t=22.23,h=36.43,p=1011.27",46279,374.60,True
873,"t=22.24,h=36.43,p=1011.27",46289,98.20,True
874,"t=22.24,h=36.43,p=1011.27",46277,355.20,True
875,"t=22.24,h=36.43,p=1011.27",46288,157.60,True
876,"t=22.24,h=36.43,p=1011.27",46278,356.70,True
877,"t=22.24,h=36.43,p=1011.29",46290,95.50,True
878,"t=22.24,h=36.43,p=1011.29",46281,93.30,True
879,"t=22.24,h=36.43,p=1011.27",46285,358.30,True
880,"t=22.24,h=36.43,p=1011.27",46286,314.60,True
881,"t=22.23,h=36.45,p=1011.28",46284,464.00,True
882,"t=22.23,h=36.45,p=1011.28",46289,109.30,True
883,"t=22.25,h=36.43,p=1011.30",46271,336.60,True
884,"t=22.25,h=36.43,p=1011.30",46282,289.90,True
885,"t=22.24,h=36.43,p=1011.30",46283,349.90,True
886,"t=22.24,h=36.43,p=1011.30",46284,150.30,True
887,"t=22.25,h=36.44,p=1011.29",46287,95.00,True
888,"t=22.25,h=36.44,p=1011.29",46276,92.90,True
889,"t=22.24,h=36.43,p=1011.29",46282,143.90,True
890,"t=22.24,h=36.43,p=1011.29",46287,95.30,True
891,"t=22.25,h=36.47,p=1011.28",46277,138.80,True
892,"t=22.25,h=36.47,p=1011.28",46282,94.50,True
893,"t=22.25,h=36.44,p=1011.29",46288,94.90,True
894,"t=22.25,h=36.44,p=1011.29",46278,377.80,True
895,"t=22.25,h=36.44,p=1011.28",46296,351.50,True
896,"t=22.25,h=36.44,p=1011.28",46291,286.90,True
897,"t=22.24,h=36.44,p=1011.29",46273,155.50,True
898,"t=22.24,h=36.44,p=1011.29",46272,264.90,True
899,"t=22.24,h=36.44,p=1011.27",46287,210.60,True
900,"t=22.24,h=36.44,p=1011.27",46277,253.30,True
901,"t=22.25,h=36.43,p=1011.28",46290,96.90,True
902,"t=22.25,h=36.43,p=1011.28",46277,236.50,True
903,"t=22.25,h=36.44,p=1011.30",46290,96.10,True
904,"t=22.25,h=36.44,p=1011.30",46286,154.40,True
905,"t=22.25,h=36.44,p=1011.29",46286,94.90,True
906,"t=22.25,h=36.44,p=1011.29",46299,361.80,True
907,"t=22.25,h=36.44,p=1011.29",46287,214.10,True
908,"t=22.25,h=36.44,p=1011.29",46278,208.70,True
909,"t=22.25,h=36.44,p=1011.29",46278,304.60,True
910,"t=22.25,h=36.44,p=1011.29",46293,95.30,True
911,"t=22.25,h=36.44,p=1011.29",46281,347.90,True
912,"t=22.25,h=36.44,p=1011.29",46292,107.40,True
913,"t=22.25,h=36.44,p=1011.29",46288,275.70,True
914,"t=22.24,h=36.45,p=1011.25",46281,213.30,True
915,"t=22.24,h=36.45,p=1011.25",46274,325.10,True
916,"t=22.24,h=36.43,p=1011.27",46288,355.10,True
917,"t=22.24,h=36.43,p=1011.27",46286,293.80,True
918,"t=22.23,h=36.43,p=1011.25",46291,289.40,True
919,"t=22.23,h=36.43,p=1011.25",46274,143.50,True
920,"t=22.25,h=36.44,p=1011.25",46282,94.50,True
921,"t=22.25,h=36.44,p=1011.25",46279,94.60,True
922,"t=22.24,h=36.43,p=1011.24",46275,148.30,True
923,"t=22.24,h=36.43,p=1011.24",46291,110.00,True
924,"t=22.24,h=36.40,p=1011.28",46280,351.90,True
925,"t=22.24,h=36.40,p=1011.28",46293,248.00,True
926,"t=22.25,h=36.44,p=1011.27",46283,214.70,True
927,"t=22.25,h=36.44,p=1011.27",46276,213.40,True
928,"t=22.25,h=36.42,p=1011.28",46282,354.30,True
929,"t=22.25,h=36.42,p=1011.28",46290,294.00,True
930,"t=22.25,h=36.42,p=1011.29",46279,241.20,True
931,"t=22.25,h=36.42,p=1011.29",46286,216.30,True
932,"t=22.25,h=36.43,p=1011.30",46276,351.50,True
933,"t=22.25,h=36.43,p=1011.30",46281,265.70,True
934,"t=22.25,h=36.41,p=1011.28",46288,212.90,True
935,"t=22.25,h=36.41,p=1011.28",46273,118.90,True
936,"t=22.24,h=36.41,p=1011.28",46275,95.70,True
937,"t=22.24,h=36.41,p=1011.28",46291,357.60,True
938,"t=22.25,h=36.42,p=1011.27",46309,372.90,True
939,"t=22.25,h=36.42,p=1011.27",46282,137.20,True
940,"t=22.25,h=36.40,p=1011.26",46274,93.80,True
941,"t=22.25,h=36.40,p=1011.26",46275,162.60,True
942,"t=22.25,h=36.42,p=1011.26",46290,98.00,True
943,"t=22.25,h=36.42,p=1011.26",46281,344.80,True
944,"t=22.25,h=36.41,p=1011.23",46290,164.30,True
945,"t=22.25,h=36.41,p=1011.23",46292,115.60,True
946,"t=22.25,h=36.41,p=1011.28",46274,94.60,True
947,"t=22.25,h=36.41,p=1011.28",46282,263.30,True
948,"t=22.25,h=36.41,p=1011.24",46288,214.80,True
949,"t=22.25,h=36.41,p=1011.24",46283,97.10,True
950,"t=22.24,h=36.41,p=1011.28",46276,246.70,True
951,"t=22.24,h=36.41,p=1011.28",46285,259.00,True
952,"t=22.22,h=36.41,p=1011.24",46284,217.90,True
953,"t=22.22,h=36.41,p=1011.24",46274,174.10,True
954,"t=22.25,h=36.40,p=1011.26",46282,148.80,True
955,"t=22.25,h=36.40,p=1011.26",46283,266.50,True
956,"t=22.24,h=36.41,p=1011.24",46285,96.50,True
957,"t=22.24,h=36.41,p=1011.24",46274,94.20,True
958,"t=22.25,h=36.40,p=1011.26",46275,323.40,True
959,"t=22.25,h=36.40,p=1011.26",46283,93.50,True
960,"t=22.25,h=36.40,p=1011.26",46279,266.60,True
961,"t=22.24,h=36.41,p=1011.25",46284,209.70,True
962,"t=22.24,h=36.41,p=1011.25",46278,93.40,True
963,"t=22.24,h=36.41,p=1011.25",46275,255.10,True
964,"t=22.24,h=36.41,p=1011.25",46292,213.00,True
965,"t=22.25,h=36.42,p=1011.29",46278,146.90,True
966,"t=22.25,h=36.42,p=1011.29",46294,96.10,True
967,"t=22.25,h=36.42,p=1011.26",46279,360.10,True
968,"t=22.25,h=36.42,p=1011.26",46288,146.10,True
969,"t=22.25,h=36.40,p=1011.29",46293,95.20,True
970,"t=22.25,h=36.40,p=1011.29",46277,93.10,True
971,"t=22.25,h=36.41,p=1011.24",46283,244.80,True
972,"t=22.25,h=36.41,p=1011.24",46289,212.80,True
973,"t=22.25,h=36.40,p=1011.24",46275,269.60,True
974,"t=22.25,h=36.40,p=1011.24",46283,154.60,True
975,"t=22.25,h=36.37,p=1011.24",46285,98.00,True
976,"t=22.25,h=36.37,p=1011.24",46270,95.60,True
977,"t=22.25,h=36.41,p=1011.23",46279,96.20,True
978,"t=22.25,h=36.41,p=1011.23",46288,308.50,True
979,"t=22.25,h=36.40,p=1011.26",46286,211.70,True
980,"t=22.25,h=36.40,p=1011.26",46274,208.20,True
981,"t=22.23,h=36.41,p=1011.22",46272,213.10,True
982,"t=22.23,h=36.41,p=1011.22",46272,144.80,True
983,"t=22.25,h=36.38,p=1011.25",46291,96.60,True
984,"t=22.25,h=36.38,p=1011.25",46282,136.10,True
985,"t=22.25,h=36.41,p=1011.24",46293,99.40,True
986,"t=22.25,h=36.41,p=1011.24",46281,351.50,True
987,"t=22.25,h=36.41,p=1011.25",46284,122.50,True
988,"t=22.25,h=36.41,p=1011.25",46273,349.50,True
989,"t=22.25,h=36.40,p=1011.27",46287,97.60,True
990,"t=22.25,h=36.40,p=1011.27",46275,93.90,True
991,"t=22.24,h=36.41,p=1011.21",46282,146.80,True
992,"t=22.24,h=36.41,p=1011.21",46289,152.70,True
993,"t=22.24,h=36.41,p=1011.23",46287,145.90,True
994,"t=22.24,h=36.41,p=1011.23",46283,114.20,True
995,"t=22.24,h=36.40,p=1011.26",46281,334.70,True
996,"t=22.24,h=36.40,p=1011.26",46292,291.60,True
997,"t=22.23,h=36.40,p=1011.23",46286,143.30,True
998,"t=22.23,h=36.40,p=1011.23",46287,94.60,True
999,"t=22.24,h=36.40,p=1011.24",46285,96.50,True
1000,"t=22.24,h=36.40,p=1011.24",46284,185.40,True
1001,"t=22.25,h=36.38,p=1011.25",46281,262.00,True
1002,"t=22.25,h=36.38,p=1011.25",46293,329.00,True
1003,"t=22.25,h=36.40,p=1011.26",46284,289.50,True
1004,"t=22.25,h=36.40,p=1011.26",46276,203.90,True
1005,"t=22.25,h=36.40,p=1011.26",46274,92.60,True
1006,"t=22.25,h=36.40,p=1011.26",46280,182.30,True
1007,"t=22.25,h=36.40,p=1011.24",46284,99.50,True
1008,"t=22.25,h=36.40,p=1011.24",46280,145.80,True
1009,"t=22.25,h=36.40,p=1011.24",46283,95.90,True
1010,"t=22.25,h=36.40,p=1011.24",46282,145.50,True
1011,"t=22.25,h=36.40,p=1011.24",46284,96.50,True
1012,"t=22.25,h=36.38,p=1011.20",46278,353.90,True
1013,"t=22.25,h=36.38,p=1011.20",46284,167.90,True
1014,"t=22.25,h=36.38,p=1011.25",46292,247.60,True
1015,"t=22.25,h=36.38,p=1011.25",46295,146.10,True
1016,"t=22.24,h=36.40,p=1011.22",46286,146.70,True
1017,"t=22.24,h=36.40,p=1011.22",46282,95.80,True
1018,"t=22.25,h=36.37,p=1011.26",46273,96.50,True
1019,"t=22.25,h=36.37,p=1011.26",46280,123.70,True
1020,"t=22.25,h=36.38,p=1011.27",46286,98.60,True
1021,"t=22.25,h=36.38,p=1011.27",46289,104.60,True
1022,"t=22.24,h=36.40,p=1011.23",46270,99.50,True
1023,"t=22.24,h=36.40,p=1011.23",46277,270.00,True
1024,"t=22.25,h=36.40,p=1011.25",46285,155.30,True
1025,"t=22.25,h=36.40,p=1011.25",46303,142.70,True
1026,"t=22.25,h=36.38,p=1011.25",46301,161.90,True
1027,"t=22.25,h=36.38,p=1011.25",46290,96.40,True
1028,"t=22.24,h=36.38,p=1011.23",46283,95.00,True
1029,"t=22.24,h=36.38,p=1011.23",46283,262.30,True
1030,"t=22.25,h=36.37,p=1011.26",46285,120.00,True
1031,"t=22.25,h=36.37,p=1011.26",46276,384.60,True
1032,"t=22.24,h=36.38,p=1011.25",46308,281.90,True
1033,"t=22.24,h=36.38,p=1011.25",46278,156.20,True
1034,"t=22.24,h=36.38,p=1011.26",46286,95.70,True
1035,"t=22.24,h=36.38,p=1011.26",46276,94.80,True
1036,"t=22.25,h=36.40,p=1011.26",46273,225.80,True
1037,"t=22.25,h=36.40,p=1011.26",46283,164.30,True
1038,"t=22.24,h=36.40,p=1011.26",46288,97.30,True
1039,"t=22.24,h=36.40,p=1011.26",46282,95.20,True
1040,"t=22.25,h=36.38,p=1011.27",46282,136.00,True
1041,"t=22.25,h=36.38,p=1011.27",46292,145.20,True
1042,"t=22.25,h=36.41,p=1011.27",46272,307.70,True
1043,"t=22.25,h=36.41,p=1011.27",46286,96.60,True
1044,"t=22.25,h=36.40,p=1011.29",46282,168.20,True
1045,"t=22.25,h=36.40,p=1011.29",46292,96.30,True
1046,"t=22.25,h=36.40,p=1011.27",46279,352.50,True
1047,"t=22.25,h=36.40,p=1011.27",46288,280.20,True
1048,"t=22.25,h=36.40,p=1011.27",46277,95.00,True
1049,"t=22.25,h=36.40,p=1011.27",46279,352.50,True
1050,"t=22.25,h=36.41,p=1011.27",46282,140.20,True
1051,"t=22.25,h=36.41,p=1011.27",46282,351.50,True
1052,"t=22.25,h=36.40,p=1011.27",46288,101.90,True
1053,"t=22.25,h=36.40,p=1011.27",46305,306.40,True
1054,"t=22.25,h=36.41,p=1011.28",46287,202.80,True
1055,"t=22.25,h=36.41,p=1011.28",46274,94.10,True
1056,"t=22.23,h=36.40,p=1011.24",46274,94.40,True
1057,"t=22.23,h=36.40,p=1011.24",46271,173.90,True
1058,"t=22.25,h=36.40,p=1011.30",46288,95.40,True
1059,"t=22.25,h=36.40,p=1011.30",46276,347.50,True
1060,"t=22.25,h=36.40,p=1011.30",46286,143.40,True
1061,"t=22.25,h=36.40,p=1011.30",46275,92.70,True
1062,"t=22.25,h=36.40,p=1011.28",46282,350.80,True
1063,"t=22.25,h=36.40,p=1011.28",46284,96.60,True
1064,"t=22.25,h=36.40,p=1011.28",46277,349.90,True
1065,"t=22.24,h=36.38,p=1011.26",46287,96.80,True
1066,"t=22.24,h=36.38,p=1011.26",46280,240.20,True
1067,"t=22.24,h=36.40,p=1011.26",46287,215.10,True
1068,"t=22.24,h=36.40,p=1011.26",46286,384.50,True
1069,"t=22.24,h=36.41,p=1011.25",46282,96.00,True
1070,"t=22.24,h=36.41,p=1011.25",46275,216.70,True
1071,"t=22.23,h=36.40,p=1011.25",46286,327.10,True
1072,"t=22.23,h=36.40,p=1011.25",46286,346.10,True
1073,"t=22.24,h=36.41,p=1011.25",46286,295.20,True
1074,"t=22.24,h=36.41,p=1011.25",46276,289.10,True
1075,"t=22.25,h=36.40,p=1011.26",46277,323.60,True
1076,"t=22.25,h=36.40,p=1011.26",46284,408.30,True
1077,"t=22.24,h=36.40,p=1011.24",46290,100.70,True
1078,"t=22.24,h=36.40,p=1011.24",46280,97.90,True
1079,"t=22.25,h=36.40,p=1011.29",46305,274.50,True
1080,"t=22.25,h=36.40,p=1011.29",46289,135.80,True
1081,"t=22.25,h=36.40,p=1011.29",46291,377.70,True
1082,"t=22.25,h=36.40,p=1011.29",46293,139.80,True
1083,"t=22.25,h=36.37,p=1011.27",46287,98.00,True
1084,"t=22.25,h=36.37,p=1011.27",46282,95.40,True
1085,"t=22.24,h=36.40,p=1011.25",46275,143.00,True
1086,"t=22.24,h=36.40,p=1011.25",46286,168.10,True
1087,"t=22.25,h=36.40,p=1011.31",46283,96.10,True
1088,"t=22.25,h=36.40,p=1011.31",46276,94.90,True
1089,"t=22.25,h=36.40,p=1011.26",46275,93.60,True
1090,"t=22.25,h=36.40,p=1011.26",46279,347.70,True
1091,"t=22.25,h=36.38,p=1011.30",46283,161.00,True
1092,"t=22.25,h=36.38,p=1011.30",46274,149.20,True
1093,"t=22.25,h=36.40,p=1011.26",46282,93.30,True
1094,"t=22.25,h=36.40,p=1011.26",46277,382.20,True
1095,"t=22.25,h=36.38,p=1011.28",46287,327.10,True
1096,"t=22.25,h=36.38,p=1011.28",46288,241.40,True
1097,"t=22.25,h=36.38,p=1011.27",46282,94.50,True
1098,"t=22.25,h=36.38,p=1011.27",46279,381.00,True
1099,"t=22.25,h=36.38,p=1011.24",46282,94.90,True
1100,"t=22.25,h=36.38,p=1011.24",46270,206.20,True
1101,"t=22.22,h=36.38,p=1011.21",46283,94.70,True
1102,"t=22.22,h=36.38,p=1011.21",46301,170.00,True
1103,"t=22.24,h=36.37,p=1011.27",46284,142.80,True
1104,"t=22.24,h=36.37,p=1011.27",46282,96.20,True
1105,"t=22.25,h=36.37,p=1011.29",46275,388.70,True
1106,"t=22.25,h=36.37,p=1011.29",46281,95.60,True
1107,"t=22.24,h=36.38,p=1011.25",46310,355.50,True
1108,"t=22.24,h=36.38,p=1011.25",46292,299.10,True
1109,"t=22.23,h=36.38,p=1011.23",46283,257.20,True
1110,"t=22.23,h=36.38,p=1011.23",46296,346.40,True
1111,"t=22.23,h=36.38,p=1011.28",46283,94.60,True
1112,"t=22.23,h=36.38,p=1011.28",46273,94.00,True
1113,"t=22.25,h=36.40,p=1011.29",46282,266.10,True
1114,"t=22.25,h=36.40,p=1011.29",46288,214.20,True
1115,"t=22.25,h=36.40,p=1011.29",46282,266.00,True
1116,"t=22.24,h=36.38,p=1011.28",46287,141.30,True
1117,"t=22.24,h=36.38,p=1011.28",46306,95.90,True
1118,"t=22.25,h=36.41,p=1011.29",46275,96.30,True
1119,"t=22.25,h=36.41,p=1011.29",46278,106.40,True
1120,"t=22.25,h=36.40,p=1011.28",46277,123.40,True
1121,"t=22.25,h=36.40,p=1011.28",46288,96.60,True
1122,"t=22.25,h=36.38,p=1011.30",46273,357.00,True
1123,"t=22.25,h=36.38,p=1011.30",46288,273.50,True
1124,"t=22.26,h=36.42,p=1011.27",46280,149.20,True
1125,"t=22.26,h=36.42,p=1011.27",46292,96.00,True
1126,"t=22.25,h=36.43,p=1011.29",46281,317.50,True
1127,"t=22.25,h=36.43,p=1011.29",46284,96.40,True
1128,"t=22.25,h=36.40,p=1011.27",46275,95.70,True
1129,"t=22.25,h=36.40,p=1011.27",46276,322.70,True
1130,"t=22.25,h=36.40,p=1011.28",46284,96.90,True
1131,"t=22.25,h=36.40,p=1011.28",46278,94.50,True
1132,"t=22.25,h=36.40,p=1011.29",46278,94.10,True
1133,"t=22.25,h=36.40,p=1011.29",46282,266.30,True
1134,"t=22.25,h=36.38,p=1011.30",46283,218.40,True
1135,"t=22.25,h=36.38,p=1011.30",46303,305.30,True
1136,"t=22.24,h=36.40,p=1011.28",46291,95.90,True
1137,"t=22.24,h=36.40,p=1011.28",46282,241.30,True
1138,"t=22.25,h=36.38,p=1011.27",46291,231.40,True
1139,"t=22.25,h=36.38,p=1011.27",46281,146.30,True
1140,"t=22.24,h=36.40,p=1011.27",46284,96.30,True
1141,"t=22.24,h=36.40,p=1011.27",46292,329.80,True
1142,"t=22.24,h=36.40,p=1011.27",46282,291.20,True
1143,"t=22.24,h=36.40,p=1011.27",46288,326.90,True
1144,"t=22.22,h=36.38,p=1011.24",46294,144.60,True
1145,"t=22.22,h=36.38,p=1011.24",46290,95.90,True
1146,"t=22.25,h=36.40,p=1011.26",46273,94.50,True
1147,"t=22.25,h=36.40,p=1011.26",46276,92.50,True
1148,"t=22.25,h=36.40,p=1011.27",46274,262.10,True
1149,"t=22.25,h=36.40,p=1011.27",46289,200.10,True
1150,"t=22.24,h=36.40,p=1011.28",46281,339.30,True
1151,"t=22.24,h=36.40,p=1011.28",46291,105.60,True
1152,"t=22.23,h=36.38,p=1011.29",46277,149.40,True
1153,"t=22.23,h=36.38,p=1011.29",46286,149.30,True
1154,"t=22.25,h=36.38,p=1011.26",46282,97.30,True
1155,"t=22.25,h=36.38,p=1011.26",46271,95.00,True
1156,"t=22.25,h=36.38,p=1011.28",46287,263.30,True
1157,"t=22.25,h=36.38,p=1011.28",46287,211.80,True
1158,"t=22.25,h=36.38,p=1011.29",46280,352.10,True
1159,"t=22.25,h=36.38,p=1011.29",46288,144.90,True
1160,"t=22.25,h=36.38,p=1011.27",46278,95.30,True
1161,"t=22.25,h=36.38,p=1011.27",46282,260.00,True
1162,"t=22.25,h=36.38,p=1011.27",46287,211.10,True
1163,"t=22.25,h=36.38,p=1011.27",46291,326.80,True
1164,"t=22.25,h=36.40,p=1011.28",46287,402.60,True
1165,"t=22.25,h=36.40,p=1011.28",46278,340.60,True
1166,"t=22.25,h=36.40,p=1011.28",46290,268.30,True
1167,"t=22.25,h=36.37,p=1011.29",46283,142.50,True
1168,"t=22.25,h=36.37,p=1011.29",46287,115.20,True
1169,"t=22.24,h=36.36,p=1011.27",46278,330.40,True
1170,"t=22.24,h=36.36,p=1011.27",46285,352.20,True
1171,"t=22.25,h=36.40,p=1011.28",46283,141.90,True
1172,"t=22.25,h=36.40,p=1011.28",46282,94.60,True
1173,"t=22.25,h=36.37,p=1011.28",46279,96.10,True
1174,"t=22.25,h=36.37,p=1011.28",46278,150.60,True
1175,"t=22.26,h=36.40,p=1011.29",46285,95.50,True
1176,"t=22.26,h=36.40,p=1011.29",46277,324.50,True
1177,"t=22.25,h=36.37,p=1011.29",46287,94.60,True
1178,"t=22.25,h=36.37,p=1011.29",46274,140.20,True
1179,"t=22.25,h=36.38,p=1011.28",46291,113.20,True
1180,"t=22.25,h=36.38,p=1011.28",46286,368.40,True
1181,"t=22.24,h=36.37,p=1011.24",46292,97.10,True
1182,"t=22.24,h=36.37,p=1011.24",46280,302.70,True
1183,"t=22.25,h=36.36,p=1011.27",46286,95.40,True
1184,"t=22.25,h=36.36,p=1011.27",46276,341.60,True
1185,"t=22.24,h=36.37,p=1011.26",46280,96.90,True
1186,"t=22.24,h=36.37,p=1011.26",46273,94.50,True
1187,"t=22.24,h=36.36,p=1011.28",46278,337.40,True
1188,"t=22.24,h=36.36,p=1011.28",46288,95.10,True
1189,"t=22.24,h=36.36,p=1011.28",46283,146.10,True
1190,"t=22.24,h=36.36,p=1011.28",46285,110.40,True
1191,"t=22.24,h=36.37,p=1011.30",46276,271.80,True
1192,"t=22.24,h=36.37,p=1011.30",46282,290.00,True
1193,"t=22.25,h=36.35,p=1011.31",46288,96.60,True
1194,"t=22.25,h=36.35,p=1011.31",46283,94.20,True
1195,"t=22.25,h=36.38,p=1011.29",46280,94.90,True
1196,"t=22.25,h=36.38,p=1011.29",46283,327.20,True
1197,"t=22.25,h=36.37,p=1011.30",46295,148.80,True
1198,"t=22.25,h=36.37,p=1011.30",46288,91.70,True
1199,"t=22.25,h=36.36,p=1011.31",46284,94.10,True
1200,"t=22.25,h=36.36,p=1011.31",46302,136.60,True
1201,"t=22.26,h=36.37,p=1011.27",46283,95.10,True
1202,"t=22.26,h=36.37,p=1011.27",46277,353.10,True
1203,"t=22.25,h=36.37,p=1011.30",46297,281.20,True
1204,"t=22.25,h=36.37,p=1011.30",46294,257.10,True
1205,"t=22.25,h=36.37,p=1011.28",46294,145.50,True
1206,"t=22.25,h=36.37,p=1011.28",46289,137.00,True
1207,"t=22.25,h=36.37,p=1011.28",46291,96.50,True
1208,"t=22.25,h=36.37,p=1011.28",46279,137.50,True
1209,"t=22.26,h=36.37,p=1011.29",46288,843.60,True
1210,"t=22.26,h=36.37,p=1011.29",46285,96.50,True
1211,"t=22.25,h=36.37,p=1011.29",46273,94.00,True
1212,"t=22.25,h=36.37,p=1011.29",46276,196.00,True
1213,"t=22.25,h=36.37,p=1011.29",46281,95.60,True
1214,"t=22.25,h=36.37,p=1011.29",46274,93.00,True
1215,"t=22.25,h=36.37,p=1011.25",46273,349.80,True
1216,"t=22.25,h=36.37,p=1011.25",46283,153.60,True
1217,"t=22.25,h=36.37,p=1011.25",46275,353.20,True
1218,"t=22.25,h=36.36,p=1011.28",46284,176.60,True
1219,"t=22.25,h=36.36,p=1011.28",46279,260.10,True
1220,"t=22.25,h=36.35,p=1011.29",46283,108.60,True
1221,"t=22.25,h=36.35,p=1011.29",46274,353.30,True
1222,"t=22.24,h=36.36,p=1011.26",46289,263.90,True
1223,"t=22.24,h=36.36,p=1011.26",46276,164.60,True
1224,"t=22.24,h=36.37,p=1011.23",46291,94.80,True
1225,"t=22.24,h=36.37,p=1011.23",46279,236.50,True
1226,"t=22.24,h=36.37,p=1011.26",46286,96.70,True
1227,"t=22.24,h=36.37,p=1011.26",46273,95.20,True
1228,"t=22.24,h=36.37,p=1011.29",46293,142.50,True
1229,"t=22.24,h=36.37,p=1011.29",46287,108.00,True
1230,"t=22.24,h=36.37,p=1011.27",46275,417.20,True
1231,"t=22.24,h=36.37,p=1011.27",46282,293.40,True
1232,"t=22.25,h=36.38,p=1011.29",46280,264.20,True
1233,"t=22.25,h=36.38,p=1011.29",46288,96.00,True
1234,"t=22.26,h=36.38,p=1011.30",46276,171.50,True
1235,"t=22.26,h=36.38,p=1011.30",46290,96.40,True
1236,"t=22.26,h=36.33,p=1011.27",46281,145.70,True
1237,"t=22.26,h=36.33,p=1011.27",46291,94.90,True
1238,"t=22.26,h=36.36,p=1011.27",46275,268.30,True
1239,"t=22.26,h=36.36,p=1011.27",46285,211.80,True
1240,"t=22.25,h=36.35,p=1011.28",46285,142.80,True
1241,"t=22.25,h=36.35,p=1011.28",46296,94.70,True
1242,"t=22.26,h=36.34,p=1011.30",46274,94.90,True
1243,"t=22.26,h=36.34,p=1011.30",46278,153.00,True
1244,"t=22.25,h=36.36,p=1011.28",46285,116.90,True
1245,"t=22.25,h=36.36,p=1011.28",46282,357.40,True
1246,"t=22.26,h=36.36,p=1011.29",46282,97.80,True
1247,"t=22.26,h=36.36,p=1011.29",46284,267.40,True
1248,"t=22.25,h=36.37,p=1011.26",46281,96.70,True
1249,"t=22.25,h=36.37,p=1011.26",46274,143.80,True
1250,"t=22.25,h=36.34,p=1011.26",46284,97.20,True
1251,"t=22.25,h=36.34,p=1011.26",46278,340.60,True
1252,"t=22.26,h=36.36,p=1011.29",46281,98.90,True
1253,"t=22.26,h=36.36,p=1011.29",46275,330.60,True
1254,"t=22.25,h=36.35,p=1011.31",46288,148.70,True
1255,"t=22.25,h=36.35,p=1011.31",46306,329.70,True
1256,"t=22.24,h=36.35,p=1011.26",46289,334.50,True
1257,"t=22.24,h=36.35,p=1011.26",46289,291.60,True
1258,"t=22.25,h=36.35,p=1011.27",46283,170.30,True
1259,"t=22.25,h=36.35,p=1011.27",46288,97.80,True
1260,"t=22.25,h=36.35,p=1011.26",46278,262.90,True
1261,"t=22.25,h=36.35,p=1011.26",46286,135.40,True
1262,"t=22.24,h=36.35,p=1011.27",46287,139.10,True
1263,"t=22.24,h=36.35,p=1011.27",46291,97.50,True
1264,"t=22.25,h=36.35,p=1011.29",46273,329.50,True
1265,"t=22.25,h=36.35,p=1011.29",46285,95.50,True
1266,"t=22.25,h=36.35,p=1011.29",46274,345.40,True
1267,"t=22.25,h=36.35,p=1011.29",46286,148.20,True
1268,"t=22.25,h=36.35,p=1011.27",46288,96.00,True
1269,"t=22.25,h=36.35,p=1011.27",46281,94.00,True
1270,"t=22.25,h=36.35,p=1011.27",46276,94.30,True
1271,"t=22.26,h=36.36,p=1011.29",46277,247.40,True
1272,"t=22.26,h=36.36,p=1011.29",46282,97.40,True
1273,"t=22.26,h=36.34,p=1011.31",46281,285.40,True
1274,"t=22.26,h=36.34,p=1011.31",46283,269.80,True
1275,"t=22.26,h=36.35,p=1011.31",46311,265.90,True
1276,"t=22.26,h=36.35,p=1011.31",46289,93.40,True
1277,"t=22.26,h=36.35,p=1011.31",46279,244.80,True
1278,"t=22.26,h=36.35,p=1011.31",46288,225.80,True
1279,"t=22.26,h=36.34,p=1011.31",46276,338.00,True
1280,"t=22.26,h=36.34,p=1011.31",46285,311.70,True
1281,"t=22.26,h=36.35,p=1011.30",46271,243.30,True
1282,"t=22.26,h=36.35,p=1011.30",46284,217.10,True
1283,"t=22.25,h=36.35,p=1011.31",46279,148.00,True
1284,"t=22.25,h=36.35,p=1011.31",46307,96.00,True
1285,"t=22.26,h=36.37,p=1011.31",46277,96.20,True
1286,"t=22.26,h=36.37,p=1011.31",46275,335.00,True
1287,"t=22.26,h=36.34,p=1011.31",46282,190.30,True
1288,"t=22.26,h=36.34,p=1011.31",46274,357.00,True
1289,"t=22.26,h=36.34,p=1011.29",46282,97.10,True
1290,"t=22.26,h=36.34,p=1011.29",46275,151.10,True
1291,"t=22.26,h=36.34,p=1011.32",46284,381.50,True
1292,"t=22.26,h=36.34,p=1011.32",46287,95.90,True
1293,"t=22.26,h=36.33,p=1011.29",46274,96.20,True
1294,"t=22.26,h=36.33,p=1011.29",46285,146.00,True
1295,"t=22.25,h=36.34,p=1011.31",46283,95.20,True
1296,"t=22.25,h=36.34,p=1011.31",46278,118.30,True
1297,"t=22.24,h=36.35,p=1011.26",46282,96.30,True
1298,"t=22.24,h=36.35,p=1011.26",46282,279.00,True
1299,"t=22.24,h=36.34,p=1011.25",46284,215.90,True
1300,"t=22.24,h=36.34,p=1011.25",46278,124.10,True
1301,"t=22.25,h=36.34,p=1011.28",46276,242.60,True
1302,"t=22.25,h=36.34,p=1011.28",46285,213.90,True
1303,"t=22.24,h=36.31,p=1011.30",46301,358.50,True
1304,"t=22.24,h=36.31,p=1011.30",46282,197.40,True
1305,"t=22.25,h=36.34,p=1011.29",46283,393.60,True
1306,"t=22.25,h=36.34,p=1011.29",46287,109.40,True
1307,"t=22.25,h=36.34,p=1011.29",46284,144.90,True
1308,"t=22.25,h=36.34,p=1011.29",46287,97.80,True
1309,"t=22.26,h=36.34,p=1011.31",46278,339.10,True
1310,"t=22.26,h=36.34,p=1011.31",46282,215.00,True
1311,"t=22.26,h=36.33,p=1011.32",46279,168.10,True
1312,"t=22.26,h=36.33,p=1011.32",46280,97.10,True
1313,"t=22.25,h=36.34,p=1011.29",46279,96.70,True
1314,"t=22.25,h=36.34,p=1011.29",46278,156.60,True
1315,"t=22.26,h=36.33,p=1011.31",46286,333.10,True
1316,"t=22.26,h=36.33,p=1011.31",46285,233.00,True
1317,"t=22.25,h=36.34,p=1011.28",46275,94.50,True
1318,"t=22.25,h=36.34,p=1011.28",46277,383.40,True
1319,"t=22.26,h=36.34,p=1011.33",46282,95.90,True
1320,"t=22.26,h=36.34,p=1011.33",46274,325.30,True
1321,"t=22.26,h=36.33,p=1011.31",46287,218.20,True
1322,"t=22.26,h=36.33,p=1011.31",46280,356.20,True
1323,"t=22.26,h=36.33,p=1011.31",46286,297.20,True
1324,"t=22.26,h=36.33,p=1011.30",46282,353.50,True
1325,"t=22.26,h=36.33,p=1011.30",46283,260.30,True
1326,"t=22.26,h=36.32,p=1011.33",46274,97.00,True
1327,"t=22.26,h=36.32,p=1011.33",46270,343.40,True
1328,"t=22.26,h=36.33,p=1011.31",46290,98.60,True
1329,"t=22.26,h=36.33,p=1011.31",46278,357.80,True
1330,"t=22.26,h=36.32,p=1011.34",46285,295.00,True
1331,"t=22.26,h=36.32,p=1011.34",46290,408.20,True
1332,"t=22.26,h=36.32,p=1011.29",46287,103.10,True
1333,"t=22.26,h=36.32,p=1011.29",46281,355.60,True
1334,"t=22.26,h=36.33,p=1011.31",46285,98.60,True
1335,"t=22.26,h=36.33,p=1011.31",46276,377.00,True
1336,"t=22.24,h=36.33,p=1011.31",46287,294.90,True
1337,"t=22.24,h=36.33,p=1011.31",46279,167.70,True
1338,"t=22.24,h=36.33,p=1011.27",46287,97.50,True
1339,"t=22.24,h=36.33,p=1011.27",46278,96.00,True
1340,"t=22.24,h=36.31,p=1011.29",46302,268.80,True
1341,"t=22.24,h=36.31,p=1011.29",46289,212.40,True
1342,"t=22.24,h=36.31,p=1011.29",46277,284.50,True
1343,"t=22.24,h=36.31,p=1011.29",46290,337.70,True
1344,"t=22.25,h=36.30,p=1011.28",46280,97.70,True
1345,"t=22.25,h=36.30,p=1011.28",46271,94.70,True
1346,"t=22.26,h=36.32,p=1011.30",46275,258.90,True
1347,"t=22.26,h=36.32,p=1011.30",46284,96.40,True
1348,"t=22.26,h=36.33,p=1011.29",46275,327.40,True
1349,"t=22.26,h=36.33,p=1011.29",46285,294.30,True
1350,"t=22.25,h=36.32,p=1011.30",46281,353.70,True
1351,"t=22.25,h=36.32,p=1011.30",46287,95.60,True
1352,"t=22.26,h=36.33,p=1011.31",46280,325.50,True
1353,"t=22.26,h=36.33,p=1011.31",46285,97.60,True
1354,"t=22.25,h=36.33,p=1011.30",46272,94.40,True
1355,"t=22.25,h=36.33,p=1011.30",46274,257.50,True
1356,"t=22.26,h=36.34,p=1011.32",46288,140.10,True
1357,"t=22.26,h=36.34,p=1011.32",46283,95.50,True
1358,"t=22.26,h=36.33,p=1011.31",46280,113.30,True
1359,"t=22.26,h=36.33,p=1011.31",46279,318.40,True
1360,"t=22.26,h=36.33,p=1011.29",46289,243.30,True
1361,"t=22.26,h=36.33,p=1011.29",46284,239.00,True
1362,"t=22.26,h=36.33,p=1011.33",46278,212.90,True
1363,"t=22.26,h=36.33,p=1011.33",46281,183.80,True
1364,"t=22.26,h=36.33,p=1011.32",46285,132.90,True
1365,"t=22.26,h=36.33,p=1011.32",46272,265.10,True
1366,"t=22.26,h=36.33,p=1011.31",46290,156.90,True
1367,"t=22.26,h=36.33,p=1011.31",46287,99.30,True
1368,"t=22.26,h=36.33,p=1011.32",46284,271.60,True
1369,"t=22.26,h=36.33,p=1011.32",46282,145.00,True
1370,"t=22.26,h=36.33,p=1011.33",46293,145.50,True
1371,"t=22.26,h=36.33,p=1011.33",46290,118.20,True
1372,"t=22.26,h=36.33,p=1011.31",46278,358.60,True
1373,"t=22.26,h=36.33,p=1011.31",46292,359.90,True
1374,"t=22.26,h=36.33,p=1011.31",46287,164.30,True
1375,"t=22.24,h=36.33,p=1011.29",46275,94.70,True
1376,"t=22.24,h=36.33,p=1011.29",46274,162.60,True
1377,"t=22.25,h=36.35,p=1011.29",46284,96.00,True
1378,"t=22.25,h=36.35,p=1011.29",46273,143.90,True
1379,"t=22.25,h=36.33,p=1011.30",46281,94.60,True
1380,"t=22.25,h=36.33,p=1011.30",46273,144.30,True
1381,"t=22.24,h=36.35,p=1011.28",46285,97.40,True
1382,"t=22.24,h=36.35,p=1011.28",46277,93.80,True
1383,"t=22.25,h=36.33,p=1011.28",46275,315.90,True
1384,"t=22.25,h=36.33,p=1011.28",46286,96.40,True
1385,"t=22.25,h=36.34,p=1011.29",46279,151.40,True
1386,"t=22.25,h=36.34,p=1011.29",46289,96.50,True
1387,"t=22.26,h=36.33,p=1011.31",46279,370.00,True
1388,"t=22.26,h=36.33,p=1011.31",46292,134.30,True
1389,"t=22.26,h=36.34,p=1011.32",46286,373.40,True
1390,"t=22.26,h=36.34,p=1011.32",46288,295.90,True
1391,"t=22.26,h=36.30,p=1011.32",46274,310.90,True
1392,"t=22.26,h=36.30,p=1011.32",46286,95.30,True
1393,"t=22.26,h=36.34,p=1011.32",46279,382.90,True
1394,"t=22.26,h=36.34,p=1011.32",46289,283.60,True
1395,"t=22.26,h=36.35,p=1011.30",46274,356.80,True
1396,"t=22.26,h=36.35,p=1011.30",46279,96.60,True
1397,"t=22.26,h=36.35,p=1011.31",46276,94.20,True
1398,"t=22.26,h=36.35,p=1011.31",46278,349.90,True
1399,"t=22.26,h=36.33,p=1011.28",46286,261.60,True
1400,"t=22.26,h=36.33,p=1011.28",46283,164.50,True
1401,"t=22.26,h=36.30,p=1011.30",46286,97.60,True
1402,"t=22.26,h=36.30,p=1011.30",46272,355.70,True
1403,"t=22.26,h=36.33,p=1011.31",46290,213.00,True
1404,"t=22.26,h=36.33,p=1011.31",46279,125.10,True
1405,"t=22.26,h=36.34,p=1011.32",46288,345.10,True
1406,"t=22.26,h=36.34,p=1011.32",46286,253.00,True
1407,"t=22.26,h=36.33,p=1011.29",46286,97.00,True
1408,"t=22.26,h=36.33,p=1011.29",46278,363.70,True
1409,"t=22.26,h=36.34,p=1011.32",46283,96.70,True
1410,"t=22.26,h=36.34,p=1011.32",46280,94.40,True
1411,"t=22.25,h=36.34,p=1011.29",46279,143.10,True
1412,"t=22.25,h=36.34,p=1011.29",46292,96.60,True
1413,"t=22.24,h=36.34,p=1011.28",46280,136.80,True
1414,"t=22.24,h=36.34,p=1011.28",46293,95.60,True
1415,"t=22.25,h=36.34,p=1011.28",46278,324.60,True
1416,"t=22.25,h=36.34,p=1011.28",46289,252.00,True
1417,"t=22.23,h=36.34,p=1011.25",46276,181.00,True
1418,"t=22.23,h=36.34,p=1011.25",46288,96.90,True
1419,"t=22.25,h=36.34,p=1011.29",46277,347.00,True
1420,"t=22.25,h=36.34,p=1011.29",46287,270.70,True
1421,"t=22.25,h=36.34,p=1011.28",46277,354.30,True
1422,"t=22.25,h=36.34,p=1011.28",46284,117.10,True
1423,"t=22.26,h=36.35,p=1011.34",46271,349.90,True
1424,"t=22.26,h=36.35,p=1011.34",46281,122.60,True
1425,"t=22.26,h=36.35,p=1011.34",46276,94.10,True
1426,"t=22.26,h=36.35,p=1011.33",46277,230.10,True
1427,"t=22.26,h=36.35,p=1011.33",46288,118.90,True
1428,"t=22.26,h=36.35,p=1011.32",46285,344.30,True
1429,"t=22.26,h=36.35,p=1011.32",46286,394.20,True
1430,"t=22.26,h=36.35,p=1011.32",46283,94.30,True
1431,"t=22.26,h=36.35,p=1011.32",46278,93.70,True
1432,"t=22.25,h=36.37,p=1011.32",46282,176.20,True
1433,"t=22.25,h=36.37,p=1011.32",46285,95.00,True
1434,"t=22.26,h=36.34,p=1011.33",46277,352.40,True
1435,"t=22.26,h=36.34,p=1011.33",46283,143.10,True
1436,"t=22.26,h=36.30,p=1011.32",46286,94.90,True
1437,"t=22.26,h=36.30,p=1011.32",46289,93.00,True
1438,"t=22.26,h=36.36,p=1011.31",46280,93.70,True
1439,"t=22.26,h=36.36,p=1011.31",46287,142.10,True
1440,"t=22.26,h=36.36,p=1011.30",46289,95.50,True
1441,"t=22.26,h=36.36,p=1011.30",46284,94.00,True
1442,"t=22.23,h=36.37,p=1011.24",46280,95.10,True
1443,"t=22.23,h=36.37,p=1011.24",46277,244.50,True
1444,"t=22.26,h=36.37,p=1011.33",46288,212.50,True
1445,"t=22.26,h=36.37,p=1011.33",46277,349.70,True
1446,"t=22.26,h=36.36,p=1011.30",46289,151.30,True
1447,"t=22.26,h=36.36,p=1011.30",46279,158.50,True
1448,"t=22.26,h=36.36,p=1011.33",46283,94.60,True
1449,"t=22.26,h=36.36,p=1011.33",46271,144.30,True
1450,"t=22.25,h=36.37,p=1011.26",46286,248.80,True
1451,"t=22.25,h=36.37,p=1011.26",46281,96.50,True
1452,"t=22.25,h=36.38,p=1011.30",46281,95.10,True
1453,"t=22.25,h=36.38,p=1011.30",46273,94.50,True
1454,"t=22.25,h=36.38,p=1011.30",46273,275.40,True
1455,"t=22.25,h=36.38,p=1011.30",46285,213.00,True
1456,"t=22.24,h=36.37,p=1011.30",46274,144.70,True
1457,"t=22.24,h=36.37,p=1011.30",46285,96.20,True
1458,"t=22.25,h=36.38,p=1011.31",46283,162.00,True
1459,"t=22.25,h=36.38,p=1011.31",46294,94.10,True
1460,"t=22.25,h=36.38,p=1011.29",46293,366.30,True
1461,"t=22.25,h=36.38,p=1011.29",46294,105.50,True
1462,"t=22.26,h=36.40,p=1011.30",46276,254.20,True
1463,"t=22.26,h=36.40,p=1011.30",46283,95.80,True
1464,"t=22.26,h=36.40,p=1011.30",46274,327.70,True
1465,"t=22.26,h=36.40,p=1011.30",46282,290.40,True
1466,"t=22.26,h=36.39,p=1011.31",46282,292.70,True
1467,"t=22.26,h=36.39,p=1011.31",46278,151.30,True
1468,"t=22.26,h=36.39,p=1011.31",46285,96.40,True
1469,"t=22.26,h=36.39,p=1011.31",46275,383.10,True
1470,"t=22.26,h=36.39,p=1011.34",46282,96.50,True
1471,"t=22.26,h=36.39,p=1011.34",46274,348.70,True
1472,"t=22.26,h=36.40,p=1011.32",46290,259.90,True
1473,"t=22.26,h=36.40,p=1011.32",46284,154.20,True
1474,"t=22.26,h=36.40,p=1011.31",46286,95.70,True
1475,"t=22.26,h=36.40,p=1011.31",46276,252.80,True
1476,"t=22.26,h=36.40,p=1011.31",46284,215.90,True
1477,"t=22.26,h=36.41,p=1011.33",46278,153.40,True
1478,"t=22.26,h=36.41,p=1011.33",46289,94.20,True
1479,"t=22.26,h=36.40,p=1011.31",46272,96.10,True
1480,"t=22.26,h=36.40,p=1011.31",46297,311.90,True
1481,"t=22.26,h=36.40,p=1011.30",46284,112.80,True
1482,"t=22.26,h=36.40,p=1011.30",46279,348.50,True
1483,"t=22.26,h=36.41,p=1011.33",46287,96.00,True
1484,"t=22.26,h=36.41,p=1011.33",46281,144.60,True
1485,"t=22.26,h=36.38,p=1011.29",46290,96.40,True
1486,"t=22.26,h=36.38,p=1011.29",46279,289.90,True
1487,"t=22.26,h=36.41,p=1011.30",46291,96.00,True
1488,"t=22.26,h=36.41,p=1011.30",46280,261.90,True
1489,"t=22.25,h=36.42,p=1011.27",46280,187.90,True
1490,"t=22.25,h=36.42,p=1011.27",46275,144.40,True
1491,"t=22.24,h=36.40,p=1011.28",46286,95.10,True
1492,"t=22.24,h=36.40,p=1011.28",46281,213.50,True
1493,"t=22.24,h=36.41,p=1011.29",46283,94.40,True
1494,"t=22.24,h=36.41,p=1011.29",46276,93.20,True
1495,"t=22.24,h=36.40,p=1011.27",46274,361.80,True
1496,"t=22.24,h=36.40,p=1011.27",46282,97.20,True
1497,"t=22.25,h=36.38,p=1011.30",46276,241.30,True
1498,"t=22.25,h=36.38,p=1011.30",46284,354.10,True
1499,"t=22.25,h=36.41,p=1011.27",46282,96.70,True
1500,"t=22.25,h=36.41,p=1011.27",46275,264.20,True
1501,"t=22.26,h=36.40,p=1011.28",46285,399.00,True
1502,"t=22.26,h=36.40,p=1011.28",46295,311.50,True
1503,"t=22.26,h=36.40,p=1011.28",46286,300.90,True
1504,"t=22.26,h=36.40,p=1011.28",46296,149.30,True
1505,"t=22.26,h=36.38,p=1011.30",46290,234.20,True
1506,"t=22.26,h=36.38,p=1011.30",46284,109.60,True
1507,"t=22.26,h=36.38,p=1011.30",46278,199.10,True
1508,"t=22.26,h=36.38,p=1011.30",46285,95.40,True
1509,"t=22.26,h=36.39,p=1011.30",46279,96.80,True
1510,"t=22.26,h=36.39,p=1011.30",46280,324.40,True
1511,"t=22.25,h=36.40,p=1011.27",46291,97.00,True
1512,"t=22.25,h=36.40,p=1011.27",46274,352.30,True
1513,"t=22.25,h=36.40,p=1011.29",46293,95.70,True
1514,"t=22.25,h=36.40,p=1011.29",46276,93.70,True
1515,"t=22.25,h=36.40,p=1011.29",46284,93.00,True
1516,"t=22.25,h=36.40,p=1011.29",46280,142.70,True
1517,"t=22.25,h=36.40,p=1011.30",46282,96.00,True
1518,"t=22.25,h=36.40,p=1011.30",46275,302.80,True
1519,"t=22.25,h=36.40,p=1011.28",46284,95.80,True
1520,"t=22.25,h=36.40,p=1011.28",46278,326.40,True
1521,"t=22.25,h=36.41,p=1011.31",46284,294.40,True
1522,"t=22.25,h=36.41,p=1011.31",46274,259.10,True
1523,"t=22.25,h=36.40,p=1011.27",46284,609.60,True
1524,"t=22.25,h=36.40,p=1011.27",46289,138.20,True
1525,"t=22.26,h=36.41,p=1011.28",46282,96.10,True
1526,"t=22.26,h=36.41,p=1011.28",46279,93.00,True
1527,"t=22.26,h=36.41,p=1011.28",46273,93.00,True
1528,"t=22.26,h=36.41,p=1011.30",46282,94.50,True
1529,"t=22.26,h=36.41,p=1011.30",46280,120.70,True
1530,"t=22.26,h=36.40,p=1011.31",46288,96.50,True
1531,"t=22.26,h=36.40,p=1011.31",46276,269.60,True
1532,"t=22.25,h=36.40,p=1011.26",46286,94.90,True
1533,"t=22.25,h=36.40,p=1011.26",46275,143.50,True
1534,"t=22.24,h=36.40,p=1011.26",46292,96.30,True
1535,"t=22.24,h=36.40,p=1011.26",46280,194.50,True
1536,"t=22.25,h=36.40,p=1011.28",46284,96.50,True
1537,"t=22.25,h=36.40,p=1011.28",46275,94.50,True
1538,"t=22.25,h=36.41,p=1011.26",46274,144.30,True
1539,"t=22.25,h=36.41,p=1011.26",46285,96.40,True
1540,"t=22.26,h=36.38,p=1011.32",46277,347.10,True
1541,"t=22.26,h=36.38,p=1011.32",46290,252.80,True
1542,"t=22.26,h=36.40,p=1011.31",46292,353.80,True
1543,"t=22.26,h=36.40,p=1011.31",46282,258.40,True
1544,"t=22.25,h=36.41,p=1011.27",46274,258.30,True
1545,"t=22.25,h=36.41,p=1011.27",46281,111.30,True
1546,"t=22.26,h=36.41,p=1011.30",46280,350.80,True
1547,"t=22.26,h=36.41,p=1011.30",46290,259.10,True
1548,"t=22.26,h=36.38,p=1011.28",46270,97.00,True
1549,"t=22.26,h=36.38,p=1011.28",46286,265.10,True
1550,"t=22.26,h=36.38,p=1011.29",46290,216.00,True
1551,"t=22.26,h=36.38,p=1011.29",46280,146.50,True
1552,"t=22.26,h=36.40,p=1011.27",46291,96.30,True
1553,"t=22.26,h=36.40,p=1011.27",46275,144.90,True
1554,"t=22.26,h=36.37,p=1011.28",46288,329.70,True
1555,"t=22.26,h=36.37,p=1011.28",46282,295.60,True
1556,"t=22.26,h=36.38,p=1011.29",46279,223.20,True
1557,"t=22.26,h=36.38,p=1011.29",46282,144.50,True
1558,"t=22.26,h=36.40,p=1011.27",46287,95.80,True
1559,"t=22.26,h=36.40,p=1011.27",46278,279.20,True
1560,"t=22.26,h=36.37,p=1011.29",46287,219.40,True
1561,"t=22.26,h=36.37,p=1011.29",46276,352.50,True
1562,"t=22.25,h=36.38,p=1011.29",46288,270.10,True
1563,"t=22.25,h=36.38,p=1011.29",46289,214.00,True
1564,"t=22.25,h=36.40,p=1011.25",46289,209.50,True
1565,"t=22.25,h=36.40,p=1011.25",46275,95.80,True
1566,"t=22.26,h=36.40,p=1011.29",46276,325.40,True
1567,"t=22.26,h=36.40,p=1011.29",46286,130.90,True
1568,"t=22.25,h=36.40,p=1011.29",46286,294.80,True
1569,"t=22.25,h=36.40,p=1011.29",46294,352.70,True
1570,"t=22.25,h=36.40,p=1011.27",46285,117.90,True
1571,"t=22.25,h=36.40,p=1011.27",46283,95.40,True
1572,"t=22.26,h=36.38,p=1011.29",46281,331.30,True
1573,"t=22.26,h=36.38,p=1011.29",46288,343.10,True
1574,"t=22.25,h=36.40,p=1011.24",46288,145.50,True
1575,"t=22.25,h=36.40,p=1011.24",46283,139.10,True
1576,"t=22.26,h=36.38,p=1011.28",46281,97.80,True
1577,"t=22.26,h=36.38,p=1011.28",46268,95.90,True
1578,"t=22.26,h=36.38,p=1011.26",46281,94.40,True
1579,"t=22.26,h=36.38,p=1011.26",46273,186.30,True
1580,"t=22.26,h=36.38,p=1011.26",46282,96.60,True
1581,"t=22.26,h=36.37,p=1011.26",46279,349.50,True
1582,"t=22.26,h=36.37,p=1011.26",46284,96.90,True
1583,"t=22.26,h=36.36,p=1011.30",46280,345.40,True
1584,"t=22.26,h=36.36,p=1011.30",46284,95.20,True
1585,"t=22.26,h=36.39,p=1011.29",46280,350.30,True
1586,"t=22.26,h=36.39,p=1011.29",46293,94.30,True
1587,"t=22.26,h=36.37,p=1011.31",46280,357.20,True
1588,"t=22.26,h=36.37,p=1011.31",46288,97.50,True
1589,"t=22.26,h=36.36,p=1011.30",46278,94.00,True
1590,"t=22.26,h=36.36,p=1011.30",46277,265.30,True
1591,"t=22.26,h=36.37,p=1011.31",46287,264.40,True
1592,"t=22.26,h=36.37,p=1011.31",46285,357.00,True
1593,"t=22.26,h=36.37,p=1011.31",46283,294.30,True
1594,"t=22.26,h=36.37,p=1011.31",46283,165.20,True
1595,"t=22.26,h=36.38,p=1011.31",46287,115.80,True
1596,"t=22.26,h=36.38,p=1011.31",46280,353.50,True
1597,"t=22.26,h=36.40,p=1011.30",46290,315.50,True
1598,"t=22.26,h=36.40,p=1011.30",46275,150.20,True
1599,"t=22.25,h=36.37,p=1011.28",46293,141.00,True
1600,"t=22.25,h=36.37,p=1011.28",46288,144.90,True
1601,"t=22.26,h=36.37,p=1011.29",46283,352.50,True
1602,"t=22.26,h=36.37,p=1011.29",46290,100.50,True
1603,"t=22.26,h=36.36,p=1011.30",46305,347.30,True
1604,"t=22.26,h=36.36,p=1011.30",46296,231.00,True
1605,"t=22.26,h=36.37,p=1011.29",46285,162.00,True
1606,"t=22.26,h=36.37,p=1011.29",46287,362.70,True
1607,"t=22.26,h=36.36,p=1011.28",46284,97.10,True
1608,"t=22.26,h=36.36,p=1011.28",46275,93.90,True
1609,"t=22.26,h=36.36,p=1011.29",46277,95.90,True
1610,"t=22.26,h=36.36,p=1011.29",46274,165.70,True
1611,"t=22.25,h=36.40,p=1011.27",46283,96.90,True
1612,"t=22.25,h=36.40,p=1011.27",46276,93.90,True
1613,"t=22.26,h=36.38,p=1011.26",46272,94.40,True
1614,"t=22.26,h=36.38,p=1011.26",46272,93.80,True
1615,"t=22.26,h=36.37,p=1011.29",46281,95.30,True
1616,"t=22.26,h=36.37,p=1011.29",46287,147.10,True
1617,"t=22.26,h=36.37,p=1011.27",46288,117.00,True
1618,"t=22.26,h=36.37,p=1011.27",46279,94.10,True
1619,"t=22.26,h=36.38,p=1011.28",46272,297.00,True
1620,"t=22.26,h=36.38,p=1011.28",46279,97.40,True
1621,"t=22.26,h=36.37,p=1011.26",46274,97.10,True
1622,"t=22.26,h=36.37,p=1011.26",46275,347.70,True
1623,"t=22.25,h=36.38,p=1011.30",46285,271.20,True
1624,"t=22.25,h=36.38,p=1011.30",46284,213.10,True
1625,"t=22.26,h=36.38,p=1011.25",46271,134.00,True
1626,"t=22.26,h=36.38,p=1011.25",46279,229.60,True
1627,"t=22.26,h=36.37,p=1011.26",46289,97.60,True
1628,"t=22.26,h=36.37,p=1011.26",46276,351.20,True
1629,"t=22.26,h=36.37,p=1011.25",46286,182.50,True
1630,"t=22.26,h=36.37,p=1011.25",46273,94.60,True
1631,"t=22.26,h=36.37,p=1011.25",46279,383.00,True
1632,"t=22.26,h=36.39,p=1011.27",46285,294.50,True
1633,"t=22.26,h=36.39,p=1011.27",46290,262.50,True
1634,"t=22.26,h=36.37,p=1011.27",46282,98.30,True
1635,"t=22.26,h=36.37,p=1011.27",46277,94.00,True
1636,"t=22.26,h=36.37,p=1011.24",46276,93.70,True
1637,"t=22.26,h=36.37,p=1011.24",46281,325.50,True
1638,"t=22.26,h=36.36,p=1011.26",46281,325.30,True
1639,"t=22.26,h=36.36,p=1011.26",46282,321.10,True
1640,"t=22.25,h=36.38,p=1011.27",46286,233.30,True
1641,"t=22.25,h=36.38,p=1011.27",46279,259.30,True
1642,"t=22.26,h=36.37,p=1011.28",46297,97.60,True
1643,"t=22.26,h=36.37,p=1011.28",46276,358.80,True
1644,"t=22.25,h=36.36,p=1011.24",46286,150.20,True
1645,"t=22.25,h=36.36,p=1011.24",46281,95.60,True
1646,"t=22.24,h=36.36,p=1011.23",46287,95.30,True
1647,"t=22.24,h=36.36,p=1011.23",46279,94.60,True
1648,"t=22.24,h=36.37,p=1011.24",46283,144.00,True
1649,"t=22.24,h=36.37,p=1011.24",46290,106.20,True
1650,"t=22.25,h=36.40,p=1011.25",46281,312.10,True
1651,"t=22.25,h=36.40,p=1011.25",46286,94.20,True
1652,"t=22.26,h=36.37,p=1011.28",46283,96.30,True
1653,"t=22.26,h=36.37,p=1011.28",46271,95.50,True
1654,"t=22.26,h=36.38,p=1011.25",46305,354.80,True
1655,"t=22.26,h=36.38,p=1011.25",46281,100.10,True
1656,"t=22.26,h=36.37,p=1011.26",46283,96.50,True
1657,"t=22.26,h=36.37,p=1011.26",46278,94.70,True
1658,"t=22.26,h=36.37,p=1011.25",46274,95.10,True
1659,"t=22.26,h=36.37,p=1011.25",46280,351.80,True
1660,"t=22.26,h=36.35,p=1011.26",46282,348.00,True
1661,"t=22.26,h=36.35,p=1011.26",46283,325.60,True
1662,"t=22.26,h=36.37,p=1011.24",46283,344.70,True
1663,"t=22.26,h=36.37,p=1011.24",46288,282.60,True
1664,"t=22.26,h=36.39,p=1011.23",46272,142.30,True
1665,"t=22.26,h=36.39,p=1011.23",46286,96.60,True
1666,"t=22.26,h=36.37,p=1011.23",46275,93.90,True
1667,"t=22.26,h=36.37,p=1011.23",46284,271.50,True
1668,"t=22.26,h=36.37,p=1011.23",46287,95.60,True
1669,"t=22.26,h=36.37,p=1011.23",46285,322.70,True
1670,"t=22.26,h=36.36,p=1011.23",46284,226.50,True
1671,"t=22.26,h=36.36,p=1011.23",46279,144.20,True
1672,"t=22.26,h=36.37,p=1011.22",46284,96.90,True
1673,"t=22.26,h=36.37,p=1011.22",46277,94.00,True
1674,"t=22.26,h=36.36,p=1011.24",46278,346.50,True
1675,"t=22.26,h=36.36,p=1011.24",46285,331.90,True
1676,"t=22.25,h=36.36,p=1011.24",46280,286.80,True
1677,"t=22.25,h=36.36,p=1011.24",46274,287.00,True
1678,"t=22.26,h=36.36,p=1011.25",46276,259.10,True
1679,"t=22.26,h=36.36,p=1011.25",46283,136.60,True
1680,"t=22.25,h=36.37,p=1011.22",46291,292.40,True
1681,"t=22.25,h=36.37,p=1011.22",46281,216.90,True
1682,"t=22.25,h=36.37,p=1011.22",46290,270.40,True
1683,"t=22.26,h=36.37,p=1011.23",46286,213.40,True
1684,"t=22.26,h=36.37,p=1011.23",46279,118.00,True
1685,"t=22.25,h=36.36,p=1011.21",46283,97.10,True
1686,"t=22.25,h=36.36,p=1011.21",46276,96.40,True
1687,"t=22.25,h=36.37,p=1011.24",46274,144.50,True
1688,"t=22.25,h=36.37,p=1011.24",46287,368.40,True
1689,"t=22.26,h=36.36,p=1011.25",46285,103.00,True
1690,"t=22.26,h=36.36,p=1011.25",46276,95.00,True
1691,"t=22.25,h=36.36,p=1011.23",46279,350.10,True
1692,"t=22.25,h=36.36,p=1011.23",46285,96.30,True
1693,"t=22.26,h=36.36,p=1011.22",46280,120.10,True
1694,"t=22.26,h=36.36,p=1011.22",46281,96.10,True
1695,"t=22.26,h=36.36,p=1011.22",46278,135.90,True
1696,"t=22.26,h=36.36,p=1011.22",46283,287.50,True
1697,"t=22.26,h=36.37,p=1011.27",46282,215.70,True
1698,"t=22.26,h=36.37,p=1011.27",46272,209.60,True
1699,"t=22.26,h=36.37,p=1011.24",46282,345.60,True
1700,"t=22.26,h=36.37,p=1011.24",46283,152.50,True
1701,"t=22.26,h=36.38,p=1011.22",46286,95.50,True
1702,"t=22.26,h=36.38,p=1011.22",46271,93.10,True
1703,"t=22.26,h=36.35,p=1011.21",46271,94.90,True
1704,"t=22.26,h=36.35,p=1011.21",46279,264.60,True
1705,"t=22.26,h=36.36,p=1011.21",46287,165.00,True
1706,"t=22.26,h=36.36,p=1011.21",46279,263.70,True
1707,"t=22.26,h=36.37,p=1011.21",46281,215.80,True
1708,"t=22.26,h=36.37,p=1011.21",46310,153.20,True
1709,"t=22.26,h=36.35,p=1011.19",46285,341.20,True
1710,"t=22.26,h=36.35,p=1011.19",46291,144.90,True
1711,"t=22.26,h=36.36,p=1011.23",46272,95.60,True
1712,"t=22.26,h=36.36,p=1011.23",46277,144.40,True
1713,"t=22.26,h=36.35,p=1011.23",46284,95.60,True
1714,"t=22.26,h=36.35,p=1011.23",46283,137.30,True
1715,"t=22.26,h=36.35,p=1011.25",46283,329.90,True
1716,"t=22.26,h=36.35,p=1011.25",46284,213.00,True
1717,"t=22.24,h=36.36,p=1011.21",46279,145.40,True
1718,"t=22.24,h=36.36,p=1011.21",46287,95.50,True
1719,"t=22.24,h=36.36,p=1011.22",46274,203.10,True
1720,"t=22.24,h=36.36,p=1011.22",46284,144.70,True
1721,"t=22.25,h=36.36,p=1011.24",46288,244.50,True
1722,"t=22.25,h=36.36,p=1011.24",46283,336.20,True
1723,"t=22.26,h=36.36,p=1011.24",46288,300.80,True
1724,"t=22.26,h=36.36,p=1011.24",46271,267.70,True
1725,"t=22.26,h=36.36,p=1011.27",46277,265.50,True
1726,"t=22.26,h=36.36,p=1011.27",46283,327.40,True
1727,"t=22.25,h=36.36,p=1011.23",46281,132.30,True
1728,"t=22.25,h=36.36,p=1011.23",46272,93.60,True
1729,"t=22.26,h=36.36,p=1011.24",46275,388.00,True
1730,"t=22.26,h=36.36,p=1011.24",46281,97.70,True
1731,"t=22.26,h=36.36,p=1011.28",46280,96.90,True
1732,"t=22.26,h=36.36,p=1011.28",46278,271.80,True
1733,"t=22.26,h=36.36,p=1011.28",46284,217.50,True
1734,"t=22.26,h=36.35,p=1011.25",46281,328.50,True
1735,"t=22.26,h=36.35,p=1011.25",46283,289.20,True
1736,"t=22.26,h=36.35,p=1011.24",46307,258.90,True
1737,"t=22.26,h=36.35,p=1011.24",46284,217.20,True
1738,"t=22.26,h=36.36,p=1011.27",46281,257.70,True
1739,"t=22.26,h=36.36,p=1011.27",46282,212.90,True
1740,"t=22.26,h=36.36,p=1011.25",46276,224.80,True
1741,"t=22.26,h=36.36,p=1011.25",46285,136.50,True
1742,"t=22.26,h=36.35,p=1011.24",46284,137.80,True
1743,"t=22.26,h=36.35,p=1011.24",46286,169.00,True
1744,"t=22.26,h=36.35,p=1011.27",46284,113.80,True
1745,"t=22.26,h=36.35,p=1011.27",46280,371.10,True
1746,"t=22.26,h=36.36,p=1011.26",46282,96.10,True
1747,"t=22.26,h=36.36,p=1011.26",46277,265.90,True
1748,"t=22.26,h=36.35,p=1011.28",46283,349.30,True
1749,"t=22.26,h=36.35,p=1011.28",46284,292.40,True
1750,"t=22.26,h=36.35,p=1011.28",46272,133.10,True
1751,"t=22.26,h=36.35,p=1011.28",46279,353.80,True
1752,"t=22.26,h=36.35,p=1011.26",46282,95.40,True
1753,"t=22.26,h=36.35,p=1011.26",46278,373.30,True
1754,"t=22.26,h=36.35,p=1011.27",46284,162.40,True
1755,"t=22.26,h=36.35,p=1011.27",46277,240.90,True
1756,"t=22.26,h=36.36,p=1011.24",46282,355.30,True
1757,"t=22.26,h=36.36,p=1011.24",46284,96.60,True
1758,"t=22.24,h=36.35,p=1011.23",46282,97.40,True
1759,"t=22.24,h=36.35,p=1011.23",46271,94.90,True
1760,"t=22.25,h=36.36,p=1011.26",46280,247.30,True
1761,"t=22.25,h=36.36,p=1011.26",46284,215.10,True
1762,"t=22.26,h=36.36,p=1011.29",46273,136.80,True
1763,"t=22.26,h=36.36,p=1011.29",46280,97.40,True
1764,"t=22.25,h=36.37,p=1011.29",46297,319.10,True
1765,"t=22.25,h=36.37,p=1011.29",46283,350.30,True
1766,"t=22.27,h=36.35,p=1011.29",46294,140.40,True
1767,"t=22.27,h=36.35,p=1011.29",46285,96.10,True
1768,"t=22.26,h=36.36,p=1011.29",46279,382.30,True
1769,"t=22.26,h=36.36,p=1011.29",46281,98.30,True
1770,"t=22.26,h=36.37,p=1011.28",46274,272.40,True
1771,"t=22.26,h=36.37,p=1011.28",46286,216.70,True
1772,"t=22.26,h=36.36,p=1011.29",46273,130.50,True
1773,"t=22.26,h=36.36,p=1011.29",46274,351.20,True
1774,"t=22.26,h=36.36,p=1011.30",46286,143.70,True
1775,"t=22.26,h=36.36,p=1011.30",46290,94.90,True
1776,"t=22.26,h=36.37,p=1011.27",46275,335.60,True
1777,"t=22.26,h=36.37,p=1011.27",46285,94.90,True
1778,"t=22.25,h=36.37,p=1011.24",46271,96.10,True
1779,"t=22.25,h=36.37,p=1011.24",46278,316.90,True
1780,"t=22.25,h=36.37,p=1011.25",46281,95.80,True
1781,"t=22.25,h=36.37,p=1011.25",46279,148.40,True
1782,"t=22.26,h=36.37,p=1011.28",46282,116.60,True
1783,"t=22.26,h=36.37,p=1011.28",46279,145.00,True
1784,"t=22.26,h=36.37,p=1011.28",46283,97.30,True
1785,"t=22.26,h=36.40,p=1011.32",46285,351.30,True
1786,"t=22.26,h=36.40,p=1011.32",46285,102.10,True
1787,"t=22.26,h=36.35,p=1011.33",46279,96.10,True
1788,"t=22.26,h=36.35,p=1011.33",46275,166.20,True
1789,"t=22.26,h=36.37,p=1011.32",46282,329.20,True
1790,"t=22.26,h=36.37,p=1011.32",46279,291.40,True
1791,"t=22.27,h=36.36,p=1011.28",46272,304.60,True
1792,"t=22.27,h=36.36,p=1011.28",46274,382.20,True
1793,"t=22.26,h=36.36,p=1011.27",46282,95.40,True
1794,"t=22.26,h=36.36,p=1011.27",46274,151.30,True
1795,"t=22.25,h=36.36,p=1011.26",46287,160.00,True
1796,"t=22.25,h=36.36,p=1011.26",46290,95.90,True
1797,"t=22.25,h=36.37,p=1011.26",46270,95.40,True
1798,"t=22.25,h=36.37,p=1011.26",46274,93.50,True
1799,"t=22.26,h=36.36,p=1011.25",46273,150.60,True
1800,"t=22.26,h=36.36,p=1011.25",46289,94.80,True
1801,"t=22.23,h=36.36,p=1011.22",46275,238.90,True
1802,"t=22.23,h=36.36,p=1011.22",46287,214.50,True
1803,"t=22.25,h=36.35,p=1011.30",46271,218.70,True
1804,"t=22.25,h=36.35,p=1011.30",46279,210.30,True
1805,"t=22.25,h=36.36,p=1011.24",46273,239.20,True
1806,"t=22.25,h=36.36,p=1011.24",46289,210.00,True
1807,"t=22.26,h=36.37,p=1011.28",46277,355.50,True
1808,"t=22.26,h=36.37,p=1011.28",46287,325.90,True
1809,"t=22.26,h=36.39,p=1011.28",46277,328.20,True
1810,"t=22.26,h=36.39,p=1011.28",46287,291.90,True
1811,"t=22.26,h=36.37,p=1011.31",46280,333.70,True
1812,"t=22.26,h=36.37,p=1011.31",46283,145.50,True
1813,"t=22.26,h=36.37,p=1011.28",46272,355.40,True
1814,"t=22.26,h=36.37,p=1011.28",46283,294.90,True
1815,"t=22.26,h=36.36,p=1011.27",46272,256.00,True
1816,"t=22.26,h=36.36,p=1011.27",46272,279.70,True
1817,"t=22.26,h=36.37,p=1011.27",46285,378.00,True
1818,"t=22.26,h=36.37,p=1011.27",46293,290.40,True
1819,"t=22.26,h=36.37,p=1011.27",46290,334.20,True
1820,"t=22.26,h=36.37,p=1011.27",46285,330.70,True
1821,"t=22.26,h=36.37,p=1011.28",46287,153.40,True
1822,"t=22.26,h=36.37,p=1011.28",46286,350.50,True
1823,"t=22.26,h=36.39,p=1011.28",46283,290.40,True
1824,"t=22.26,h=36.39,p=1011.28",46275,147.40,True
1825,"t=22.26,h=36.37,p=1011.29",46285,353.00,True
1826,"t=22.26,h=36.37,p=1011.29",46302,348.70,True
1827,"t=22.26,h=36.39,p=1011.31",46284,293.20,True
1828,"t=22.26,h=36.39,p=1011.31",46278,97.80,True
1829,"t=22.26,h=36.37,p=1011.28",46275,329.60,True
1830,"t=22.26,h=36.37,p=1011.28",46289,154.50,True
1831,"t=22.25,h=36.38,p=1011.27",46279,329.80,True
1832,"t=22.25,h=36.38,p=1011.27",46293,280.80,True
1833,"t=22.26,h=36.39,p=1011.25",46276,148.90,True
1834,"t=22.26,h=36.39,p=1011.25",46284,96.50,True
1835,"t=22.26,h=36.39,p=1011.25",46275,353.40,True
1836,"t=22.23,h=36.37,p=1011.22",46286,328.60,True
1837,"t=22.23,h=36.37,p=1011.22",46284,305.10,True
1838,"t=22.25,h=36.37,p=1011.25",46281,213.30,True
1839,"t=22.25,h=36.37,p=1011.25",46278,326.90,True
1840,"t=22.26,h=36.37,p=1011.28",46281,294.90,True
1841,"t=22.26,h=36.37,p=1011.28",46279,374.30,True
1842,"t=22.25,h=36.37,p=1011.27",46286,379.10,True
1843,"t=22.25,h=36.37,p=1011.27",46299,98.30,True
1844,"t=22.25,h=36.38,p=1011.26",46289,356.60,True
1845,"t=22.25,h=36.38,p=1011.26",46283,247.10,True
1846,"t=22.26,h=36.36,p=1011.28",46284,361.30,True
1847,"t=22.26,h=36.36,p=1011.28",46290,96.40,True
1848,"t=22.26,h=36.37,p=1011.26",46276,291.60,True
1849,"t=22.26,h=36.37,p=1011.26",46288,96.50,True
1850,"t=22.26,h=36.39,p=1011.29",46280,146.20,True
1851,"t=22.26,h=36.39,p=1011.29",46291,347.90,True
1852,"t=22.26,h=36.39,p=1011.28",46284,295.10,True
1853,"t=22.26,h=36.39,p=1011.28",46272,113.90,True
1854,"t=22.26,h=36.39,p=1011.27",46271,358.40,True
1855,"t=22.26,h=36.39,p=1011.27",46280,213.90,True
1856,"t=22.26,h=36.39,p=1011.27",46270,212.00,True
1857,"t=22.26,h=36.39,p=1011.27",46288,267.80,True
1858,"t=22.26,h=36.39,p=1011.26",46286,327.00,True
1859,"t=22.26,h=36.39,p=1011.26",46292,259.70,True
1860,"t=22.26,h=36.39,p=1011.29",46290,95.90,True
1861,"t=22.26,h=36.39,p=1011.29",46281,360.60,True
1862,"t=22.25,h=36.40,p=1011.25",46287,95.00,True
1863,"t=22.25,h=36.40,p=1011.25",46280,151.80,True
1864,"t=22.25,h=36.40,p=1011.26",46273,93.50,True
1865,"t=22.25,h=36.40,p=1011.26",46274,344.50,True
1866,"t=22.27,h=36.38,p=1011.29",46306,331.50,True
1867,"t=22.27,h=36.38,p=1011.29",46307,391.80,True
1868,"t=22.26,h=36.39,p=1011.28",46286,245.60,True
1869,"t=22.26,h=36.39,p=1011.28",46281,329.20,True
1870,"t=22.26,h=36.39,p=1011.26",46287,96.70,True
1871,"t=22.26,h=36.39,p=1011.26",46277,93.70,True
1872,"t=22.25,h=36.38,p=1011.27",46280,141.30,True
1873,"t=22.25,h=36.38,p=1011.27",46289,210.80,True
1874,"t=22.25,h=36.38,p=1011.26",46277,326.00,True
1875,"t=22.25,h=36.38,p=1011.26",46284,96.50,True
1876,"t=22.25,h=36.38,p=1011.23",46290,355.60,True
1877,"t=22.25,h=36.38,p=1011.23",46283,293.40,True
1878,"t=22.25,h=36.37,p=1011.24",46290,343.40,True
1879,"t=22.25,h=36.37,p=1011.24",46281,95.60,True
1880,"t=22.25,h=36.38,p=1011.22",46287,156.20,True
1881,"t=22.25,h=36.38,p=1011.22",46284,114.00,True
1882,"t=22.26,h=36.37,p=1011.26",46281,144.40,True
1883,"t=22.26,h=36.37,p=1011.26",46289,356.50,True
1884,"t=22.26,h=36.37,p=1011.26",46285,231.30,True
1885,"t=22.26,h=36.37,p=1011.26",46286,250.20,True
1886,"t=22.26,h=36.37,p=1011.26",46288,216.10,True
1887,"t=22.26,h=36.37,p=1011.26",46285,299.20,True
1888,"t=22.26,h=36.37,p=1011.26",46286,96.60,True
1889,"t=22.26,h=36.37,p=1011.27",46282,268.00,True
1890,"t=22.26,h=36.37,p=1011.27",46289,211.70,True
1891,"t=22.26,h=36.36,p=1011.25",46276,353.40,True
1892,"t=22.26,h=36.36,p=1011.25",46311,202.30,True
1893,"t=22.26,h=36.36,p=1011.26",46291,95.80,True
1894,"t=22.26,h=36.36,p=1011.26",46274,93.20,True
1895,"t=22.26,h=36.37,p=1011.24",46282,142.60,True
1896,"t=22.26,h=36.37,p=1011.24",46290,347.70,True
1897,"t=22.26,h=36.39,p=1011.23",46283,97.10,True
1898,"t=22.26,h=36.39,p=1011.23",46290,94.40,True
1899,"t=22.27,h=36.38,p=1011.22",46296,94.70,True
1900,"t=22.27,h=36.38,p=1011.22",46342,331.80,True
1901,"t=22.26,h=36.36,p=1011.25",46291,292.80,True
1902,"t=22.26,h=36.36,p=1011.25",46277,143.50,True
1903,"t=22.26,h=36.39,p=1011.25",46287,97.30,True
1904,"t=22.26,h=36.39,p=1011.25",46278,145.90,True
1905,"t=22.26,h=36.39,p=1011.28",46285,175.30,True
1906,"t=22.26,h=36.39,p=1011.28",46286,95.70,True
1907,"t=22.26,h=36.39,p=1011.27",46272,95.30,True
1908,"t=22.26,h=36.39,p=1011.27",46278,161.40,True
1909,"t=22.26,h=36.37,p=1011.24",46285,277.50,True
1910,"t=22.26,h=36.37,p=1011.24",46297,347.40,True
1911,"t=22.25,h=36.35,p=1011.22",46294,276.50,True
1912,"t=22.25,h=36.35,p=1011.22",46289,291.10,True
1913,"t=22.26,h=36.36,p=1011.26",46283,346.60,True
1914,"t=22.26,h=36.36,p=1011.26",46288,139.90,True
1915,"t=22.26,h=36.37,p=1011.24",46275,347.40,True
1916,"t=22.26,h=36.37,p=1011.24",46292,128.00,True
1917,"t=22.25,h=36.37,p=1011.21",46283,384.60,True
1918,"t=22.25,h=36.37,p=1011.21",46292,153.60,True
1919,"t=22.25,h=36.37,p=1011.18",46280,292.90,True
1920,"t=22.25,h=36.37,p=1011.18",46287,135.10,True
1921,"t=22.25,h=36.40,p=1011.21",46296,278.10,True
1922,"t=22.25,h=36.40,p=1011.21",46287,144.60,True
1923,"t=22.26,h=36.37,p=1011.24",46290,94.20,True
1924,"t=22.26,h=36.37,p=1011.24",46274,92.60,True
1925,"t=22.26,h=36.38,p=1011.23",46278,178.60,True
1926,"t=22.26,h=36.38,p=1011.23",46294,95.80,True
1927,"t=22.26,h=36.39,p=1011.22",46279,96.30,True
1928,"t=22.26,h=36.39,p=1011.22",46274,94.10,True
1929,"t=22.26,h=36.39,p=1011.20",46283,94.70,True
1930,"t=22.26,h=36.39,p=1011.20",46278,351.60,True
1931,"t=22.27,h=36.39,p=1011.23",46297,170.50,True
1932,"t=22.27,h=36.39,p=1011.23",46274,306.70,True
1933,"t=22.26,h=36.39,p=1011.25",46285,330.30,True
1934,"t=22.26,h=36.39,p=1011.25",46287,96.20,True
1935,"t=22.26,h=36.39,p=1011.26",46278,96.30,True
1936,"t=22.26,h=36.39,p=1011.26",46286,157.60,True
1937,"t=22.26,h=36.39,p=1011.23",46284,96.60,True
1938,"t=22.26,h=36.39,p=1011.23",46281,142.30,True
1939,"t=22.26,h=36.39,p=1011.23",46285,96.40,True
1940,"t=22.26,h=36.36,p=1011.24",46283,146.50,True
1941,"t=22.26,h=36.36,p=1011.24",46285,290.70,True
1942,"t=22.26,h=36.37,p=1011.24",46285,208.20,True
1943,"t=22.26,h=36.37,p=1011.24",46276,180.60,True
1944,"t=22.26,h=36.36,p=1011.23",46277,95.10,True
1945,"t=22.26,h=36.36,p=1011.23",46277,122.30,True
1946,"t=22.26,h=36.37,p=1011.24",46286,377.20,True
1947,"t=22.26,h=36.37,p=1011.24",46291,93.90,True
1948,"t=22.26,h=36.38,p=1011.27",46276,96.60,True
1949,"t=22.26,h=36.38,p=1011.27",46282,145.80,True
1950,"t=22.26,h=36.37,p=1011.26",46286,97.90,True
1951,"t=22.26,h=36.37,p=1011.26",46284,294.40,True
1952,"t=22.25,h=36.37,p=1011.23",46287,144.60,True
1953,"t=22.25,h=36.37,p=1011.23",46292,92.50,True
1954,"t=22.25,h=36.38,p=1011.23",46271,96.90,True
1955,"t=22.25,h=36.38,p=1011.23",46280,98.60,True
1956,"t=22.26,h=36.37,p=1011.25",46277,318.20,True
1957,"t=22.26,h=36.37,p=1011.25",46292,96.80,True
1958,"t=22.26,h=36.36,p=1011.25",46278,331.50,True
1959,"t=22.26,h=36.36,p=1011.25",46289,208.90,True
1960,"t=22.25,h=36.35,p=1011.26",46307,330.30,True
1961,"t=22.25,h=36.35,p=1011.26",46289,144.90,True
1962,"t=22.27,h=36.36,p=1011.24",46308,155.90,True
1963,"t=22.27,h=36.36,p=1011.24",46288,147.30,True
1964,"t=22.26,h=36.37,p=1011.27",46286,96.10,True
1965,"t=22.26,h=36.37,p=1011.27",46273,93.10,True
1966,"t=22.26,h=36.37,p=1011.26",46285,383.30,True
1967,"t=22.26,h=36.37,p=1011.26",46286,296.60,True
1968,"t=22.26,h=36.37,p=1011.27",46278,95.30,True
1969,"t=22.26,h=36.37,p=1011.27",46276,144.80,True
1970,"t=22.26,h=36.36,p=1011.27",46286,95.60,True
1971,"t=22.26,h=36.36,p=1011.27",46275,348.50,True
1972,"t=22.26,h=36.37,p=1011.25",46287,360.60,True
1973,"t=22.26,h=36.37,p=1011.25",46284,96.70,True
1974,"t=22.26,h=36.36,p=1011.24",46275,96.60,True
1975,"t=22.26,h=36.36,p=1011.24",46276,271.40,True
1976,"t=22.26,h=36.36,p=1011.25",46287,145.00,True
1977,"t=22.26,h=36.36,p=1011.25",46288,94.70,True
1978,"t=22.26,h=36.36,p=1011.22",46276,96.30,True
1979,"t=22.26,h=36.36,p=1011.22",46278,354.60,True
1980,"t=22.27,h=36.36,p=1011.26",46284,354.00,True
1981,"t=22.27,h=36.36,p=1011.26",46289,145.20,True
1982,"t=22.26,h=36.36,p=1011.27",46284,351.20,True
1983,"t=22.26,h=36.36,p=1011.27",46286,289.90,True
1984,"t=22.26,h=36.36,p=1011.24",46274,296.10,True
1985,"t=22.26,h=36.36,p=1011.24",46274,100.50,True
1986,"t=22.26,h=36.37,p=1011.25",46277,270.40,True
1987,"t=22.26,h=36.37,p=1011.25",46285,214.30,True
1988,"t=22.25,h=36.37,p=1011.22",46313,335.90,True
1989,"t=22.25,h=36.37,p=1011.22",46282,298.50,True
1990,"t=22.25,h=36.37,p=1011.23",46298,346.10,True
1991,"t=22.25,h=36.38,p=1011.24",46281,383.90,True
1992,"t=22.25,h=36.38,p=1011.24",46282,292.60,True
1993,"t=22.25,h=36.36,p=1011.23",46275,134.70,True
1994,"t=22.25,h=36.36,p=1011.23",46284,336.30,True
1995,"t=22.26,h=36.37,p=1011.24",46284,235.90,True
1996,"t=22.26,h=36.37,p=1011.24",46279,346.30,True
1997,"t=22.25,h=36.37,p=1011.25",46284,144.00,True
1998,"t=22.25,h=36.37,p=1011.25",46278,95.10,True
1999,"t=22.25,h=36.36,p=1011.22",46281,141.00,True
2000,"t=22.25,h=36.36,p=1011.22",46290,225.20,True
2001,"t=22.26,h=36.35,p=1011.26",46275,142.60,True
2002,"t=22.26,h=36.35,p=1011.26",46283,95.30,True
2003,"t=22.26,h=36.37,p=1011.24",46281,377.70,True
2004,"t=22.26,h=36.37,p=1011.24",46285,223.30,True
2005,"t=22.26,h=36.36,p=1011.24",46277,97.20,True
2006,"t=22.26,h=36.36,p=1011.24",46275,96.10,True
2007,"t=22.26,h=36.37,p=1011.25",46275,344.40,True
2008,"t=22.26,h=36.37,p=1011.25",46285,247.10,True
2009,"t=22.26,h=36.37,p=1011.25",46285,143.30,True
2010,"t=22.26,h=36.37,p=1011.25",46283,96.00,True
2011,"t=22.26,h=36.36,p=1011.25",46278,93.60,True
2012,"t=22.26,h=36.36,p=1011.25",46277,92.50,True
2013,"t=22.26,h=36.37,p=1011.24",46281,91.90,True
2014,"t=22.26,h=36.37,p=1011.24",46278,303.00,True
2015,"t=22.26,h=36.36,p=1011.24",46291,217.60,True
2016,"t=22.26,h=36.36,p=1011.24",46326,388.00,True
2017,"t=22.26,h=36.39,p=1011.24",46287,157.90,True
2018,"t=22.26,h=36.39,p=1011.24",46281,355.80,True
2019,"t=22.26,h=36.36,p=1011.24",46304,217.40,True
2020,"t=22.26,h=36.36,p=1011.24",46283,95.80,True
2021,"t=22.26,h=36.36,p=1011.24",46272,94.30,True
2022,"t=22.26,h=36.36,p=1011.24",46275,93.90,True
2023,"t=22.26,h=36.36,p=1011.23",46278,295.10,True
2024,"t=22.26,h=36.36,p=1011.23",46286,139.40,True
2025,"t=22.26,h=36.36,p=1011.23",46286,97.00,True
2026,"t=22.26,h=36.36,p=1011.23",46281,95.20,True
2027,"t=22.25,h=36.36,p=1011.22",46283,235.80,True
2028,"t=22.25,h=36.36,p=1011.22",46301,322.50,True
2029,"t=22.23,h=36.36,p=1011.18",46287,303.30,True
2030,"t=22.23,h=36.36,p=1011.18",46282,251.00,True
2031,"t=22.27,h=36.36,p=1011.26",46277,382.80,True
2032,"t=22.27,h=36.36,p=1011.26",46287,200.50,True
2033,"t=22.25,h=36.37,p=1011.22",46279,266.00,True
2034,"t=22.25,h=36.37,p=1011.22",46291,186.10,True
2035,"t=22.26,h=36.37,p=1011.26",46280,355.10,True
2036,"t=22.26,h=36.37,p=1011.26",46290,99.80,True
2037,"t=22.25,h=36.37,p=1011.20",46273,95.80,True
2038,"t=22.25,h=36.37,p=1011.20",46281,145.70,True
2039,"t=22.27,h=36.36,p=1011.23",46289,97.60,True
2040,"t=22.27,h=36.36,p=1011.23",46293,94.30,True
2041,"t=22.27,h=36.36,p=1011.23",46280,93.90,True
2042,"t=22.27,h=36.38,p=1011.23",46308,145.70,True
2043,"t=22.27,h=36.38,p=1011.23",46305,116.40,True
2044,"t=22.27,h=36.35,p=1011.23",46297,237.70,True
2045,"t=22.27,h=36.35,p=1011.23",46289,291.70,True
2046,"t=22.26,h=36.34,p=1011.22",46289,142.70,True
2047,"t=22.26,h=36.34,p=1011.22",46288,94.10,True
2048,"t=22.27,h=36.35,p=1011.24",46282,143.80,True
2049,"t=22.27,h=36.35,p=1011.24",46284,95.60,True
2050,"t=22.26,h=36.36,p=1011.24",46277,353.70,True
2051,"t=22.26,h=36.36,p=1011.24",46283,164.90,True
2052,"t=22.26,h=36.36,p=1011.23",46278,96.10,True
2053,"t=22.26,h=36.36,p=1011.23",46280,145.70,True
2054,"t=22.26,h=36.36,p=1011.23",46290,97.60,True
2055,"t=22.26,h=36.36,p=1011.23",46278,258.50,True
2056,"t=22.26,h=36.39,p=1011.21",46293,161.50,True
2057,"t=22.26,h=36.39,p=1011.21",46281,352.00,True
2058,"t=22.26,h=36.36,p=1011.22",46289,141.80,True
2059,"t=22.26,h=36.36,p=1011.22",46284,353.00,True
2060,"t=22.26,h=36.36,p=1011.22",46290,155.50,True
2061,"t=22.26,h=36.36,p=1011.22",46283,98.60,True
2062,"t=22.27,h=36.38,p=1011.20",46291,96.50,True
2063,"t=22.27,h=36.38,p=1011.20",46298,354.10,True
2064,"t=22.26,h=36.40,p=1011.23",46291,98.50,True
2065,"t=22.26,h=36.40,p=1011.23",46285,314.20,True
2066,"t=22.25,h=36.37,p=1011.20",46283,95.70,True
2067,"t=22.25,h=36.37,p=1011.20",46286,94.90,True
2068,"t=22.25,h=36.36,p=1011.20",46282,439.60,True
2069,"t=22.25,h=36.36,p=1011.20",46292,96.50,True
2070,"t=22.25,h=36.36,p=1011.19",46278,309.10,True
2071,"t=22.25,h=36.36,p=1011.19",46288,94.60,True
2072,"t=22.26,h=36.37,p=1011.23",46282,198.90,True
2073,"t=22.26,h=36.37,p=1011.23",46293,96.80,True
2074,"t=22.26,h=36.39,p=1011.25",46278,96.30,True
2075,"t=22.26,h=36.39,p=1011.25",46279,139.90,True
2076,"t=22.26,h=36.39,p=1011.22",46285,163.50,True
2077,"t=22.26,h=36.39,p=1011.22",46278,212.60,True
2078,"t=22.27,h=36.38,p=1011.23",46294,214.10,True
2079,"t=22.27,h=36.38,p=1011.23",46304,345.00,True
2080,"t=22.27,h=36.38,p=1011.24",46302,383.10,True
2081,"t=22.27,h=36.38,p=1011.24",46307,176.40,True
2082,"t=22.27,h=36.36,p=1011.23",46280,154.70,True
2083,"t=22.27,h=36.36,p=1011.23",46290,96.80,True
2084,"t=22.27,h=36.36,p=1011.24",46285,96.10,True
2085,"t=22.27,h=36.36,p=1011.24",46282,348.20,True
2086,"t=22.26,h=36.36,p=1011.22",46288,307.70,True
2087,"t=22.26,h=36.36,p=1011.22",46281,290.90,True
2088,"t=22.27,h=36.36,p=1011.23",46283,312.60,True
2089,"t=22.27,h=36.36,p=1011.23",46284,354.00,True
2090,"t=22.26,h=36.37,p=1011.22",46289,95.20,True
2091,"t=22.26,h=36.37,p=1011.22",46283,366.80,True
2092,"t=22.26,h=36.37,p=1011.22",46288,96.60,True
2093,"t=22.24,h=36.35,p=1011.18",46280,93.80,True
2094,"t=22.24,h=36.35,p=1011.18",46285,228.90,True
2095,"t=22.26,h=36.36,p=1011.25",46287,94.40,True
2096,"t=22.26,h=36.36,p=1011.25",46292,159.60,True
2097,"t=22.27,h=36.35,p=1011.23",46283,95.50,True
2098,"t=22.27,h=36.35,p=1011.23",46278,352.80,True
2099,"t=22.26,h=36.37,p=1011.21",46286,291.50,True
2100,"t=22.26,h=36.37,p=1011.21",46278,223.30,True
2101,"t=22.26,h=36.36,p=1011.22",46286,96.80,True
2102,"t=22.26,h=36.36,p=1011.22",46278,142.70,True
2103,"t=22.25,h=36.35,p=1011.22",46296,96.50,True
2104,"t=22.25,h=36.35,p=1011.22",46287,269.20,True
2105,"t=22.25,h=36.35,p=1011.22",46299,398.80,True
2106,"t=22.25,h=36.35,p=1011.22",46295,351.10,True
2107,"t=22.25,h=36.34,p=1011.23",46284,295.70,True
2108,"t=22.25,h=36.34,p=1011.23",46273,95.50,True
2109,"t=22.26,h=36.36,p=1011.24",46302,348.60,True
2110,"t=22.26,h=36.36,p=1011.24",46283,362.40,True
2111,"t=22.25,h=36.33,p=1011.21",46276,166.60,True
2112,"t=22.25,h=36.33,p=1011.21",46285,95.10,True
2113,"t=22.26,h=36.35,p=1011.22",46277,96.10,True
2114,"t=22.26,h=36.35,p=1011.22",46277,93.00,True
2115,"t=22.27,h=36.35,p=1011.23",46277,325.70,True
2116,"t=22.27,h=36.35,p=1011.23",46288,173.70,True
2117,"t=22.26,h=36.36,p=1011.23",46279,95.10,True
2118,"t=22.26,h=36.36,p=1011.23",46277,178.10,True
2119,"t=22.27,h=36.35,p=1011.25",46289,144.50,True
2120,"t=22.27,h=36.35,p=1011.25",46287,114.90,True
2121,"t=22.27,h=36.34,p=1011.25",46280,351.20,True
2122,"t=22.27,h=36.34,p=1011.25",46297,97.50,True
2123,"t=22.26,h=36.37,p=1011.26",46276,102.30,True
2124,"t=22.26,h=36.37,p=1011.26",46282,240.70,True
2125,"t=22.27,h=36.36,p=1011.25",46287,353.70,True
2126,"t=22.27,h=36.36,p=1011.25",46284,342.40,True
2127,"t=22.26,h=36.36,p=1011.24",46287,298.30,True
2128,"t=22.26,h=36.36,p=1011.24",46277,144.00,True
2129,"t=22.27,h=36.36,p=1011.24",46292,110.60,True
2130,"t=22.27,h=36.36,p=1011.24",46281,145.70,True
2131,"t=22.27,h=36.36,p=1011.23",46295,387.60,True
2132,"t=22.27,h=36.36,p=1011.23",46288,292.90,True
2133,"t=22.26,h=36.36,p=1011.24",46286,138.90,True
2134,"t=22.26,h=36.36,p=1011.24",46282,96.90,True
2135,"t=22.27,h=36.36,p=1011.26",46274,93.50,True
2136,"t=22.27,h=36.36,p=1011.26",46283,92.40,True
2137,"t=22.27,h=36.36,p=1011.26",46288,350.50,True
2138,"t=22.27,h=36.36,p=1011.26",46289,138.50,True
2139,"t=22.26,h=36.36,p=1011.24",46281,97.30,True
2140,"t=22.26,h=36.36,p=1011.24",46279,95.20,True
2141,"t=22.27,h=36.36,p=1011.24",46280,353.70,True
2142,"t=22.27,h=36.36,p=1011.24",46294,138.90,True
2143,"t=22.25,h=36.35,p=1011.22",46291,95.80,True
2144,"t=22.25,h=36.35,p=1011.22",46288,94.70,True
2145,"t=22.25,h=36.35,p=1011.22",46289,232.80,True
2146,"t=22.27,h=36.36,p=1011.26",46290,141.80,True
2147,"t=22.27,h=36.36,p=1011.26",46284,347.80,True
2148,"t=22.26,h=36.35,p=1011.23",46287,295.00,True
2149,"t=22.26,h=36.35,p=1011.23",46286,95.20,True
2150,"t=22.27,h=36.36,p=1011.26",46274,351.00,True
2151,"t=22.27,h=36.36,p=1011.26",46284,217.60,True
2152,"t=22.26,h=36.37,p=1011.23",46291,294.40,True
2153,"t=22.26,h=36.37,p=1011.23",46291,95.90,True
2154,"t=22.27,h=36.35,p=1011.24",46274,95.70,True
2155,"t=22.27,h=36.35,p=1011.24",46280,92.70,True
2156,"t=22.26,h=36.36,p=1011.23",46278,354.40,True
2157,"t=22.26,h=36.36,p=1011.23",46290,113.90,True
2158,"t=22.26,h=36.35,p=1011.23",46281,266.70,True
2159,"t=22.26,h=36.35,p=1011.23",46294,143.30,True
2160,"t=22.26,h=36.34,p=1011.21",46290,349.90,True
2161,"t=22.26,h=36.34,p=1011.21",46293,157.50,True
2162,"t=22.26,h=36.34,p=1011.24",46290,137.50,True
2163,"t=22.26,h=36.34,p=1011.24",46290,95.90,True
2164,"t=22.26,h=36.37,p=1011.25",46288,94.70,True
2165,"t=22.26,h=36.37,p=1011.25",46310,261.90,True
2166,"t=22.27,h=36.35,p=1011.26",46289,96.90,True
2167,"t=22.27,h=36.35,p=1011.26",46278,269.40,True
2168,"t=22.26,h=36.36,p=1011.26",46287,283.00,True
2169,"t=22.26,h=36.36,p=1011.26",46281,214.20,True
2170,"t=22.26,h=36.36,p=1011.26",46273,235.20,True
2171,"t=22.26,h=36.36,p=1011.26",46275,144.70,True
2172,"t=22.27,h=36.36,p=1011.24",46287,111.70,True
2173,"t=22.27,h=36.36,p=1011.24",46281,192.10,True
2174,"t=22.26,h=36.35,p=1011.24",46285,97.10,True
2175,"t=22.26,h=36.35,p=1011.24",46277,353.50,True
2176,"t=22.26,h=36.36,p=1011.22",46283,97.00,True
2177,"t=22.26,h=36.36,p=1011.22",46276,95.20,True
2178,"t=22.26,h=36.35,p=1011.23",46279,141.30,True
2179,"t=22.26,h=36.35,p=1011.23",46291,193.20,True
2180,"t=22.24,h=36.36,p=1011.19",46287,254.90,True
2181,"t=22.24,h=36.36,p=1011.19",46292,209.80,True
2182,"t=22.26,h=36.35,p=1011.23",46279,95.50,True
2183,"t=22.26,h=36.35,p=1011.23",46281,92.80,True
2184,"t=22.25,h=36.35,p=1011.23",46277,357.30,True
2185,"t=22.25,h=36.35,p=1011.23",46289,133.80,True
2186,"t=22.25,h=36.35,p=1011.20",46273,188.70,True
2187,"t=22.25,h=36.35,p=1011.20",46283,95.20,True
2188,"t=22.25,h=36.34,p=1011.19",46273,346.60,True
2189,"t=22.25,h=36.34,p=1011.19",46287,339.70,True
2190,"t=22.25,h=36.34,p=1011.23",46280,97.40,True
2191,"t=22.25,h=36.34,p=1011.23",46277,95.80,True
2192,"t=22.26,h=36.34,p=1011.22",46280,93.80,True
2193,"t=22.26,h=36.34,p=1011.22",46309,234.80,True
2194,"t=22.26,h=36.35,p=1011.24",46290,96.20,True
2195,"t=22.26,h=36.35,p=1011.24",46281,354.50,True
2196,"t=22.26,h=36.35,p=1011.24",46293,294.10,True
2197,"t=22.26,h=36.34,p=1011.24",46283,161.40,True
2198,"t=22.26,h=36.34,p=1011.24",46296,97.10,True
2199,"t=22.26,h=36.35,p=1011.23",46279,147.90,True
2200,"t=22.26,h=36.35,p=1011.23",46291,95.30,True
2201,"t=22.26,h=36.37,p=1011.23",46283,141.30,True
2202,"t=22.26,h=36.37,p=1011.23",46288,95.20,True
2203,"t=22.26,h=36.35,p=1011.22",46280,144.80,True
2204,"t=22.26,h=36.35,p=1011.22",46287,95.20,True
2205,"t=22.27,h=36.36,p=1011.23",46281,95.60,True
2206,"t=22.27,h=36.36,p=1011.23",46279,172.20,True
2207,"t=22.26,h=36.34,p=1011.25",46284,94.50,True
2208,"t=22.26,h=36.34,p=1011.25",46275,338.40,True
2209,"t=22.26,h=36.34,p=1011.24",46324,326.60,True
2210,"t=22.26,h=36.34,p=1011.24",46291,173.20,True
2211,"t=22.26,h=36.34,p=1011.21",46284,93.20,True
2212,"t=22.26,h=36.34,p=1011.21",46282,283.20,True
2213,"t=22.26,h=36.33,p=1011.19",46284,218.20,True
2214,"t=22.26,h=36.33,p=1011.19",46273,227.60,True
2215,"t=22.25,h=36.34,p=1011.17",46277,97.20,True
2216,"t=22.25,h=36.34,p=1011.17",46276,145.10,True
2217,"t=22.26,h=36.33,p=1011.21",46291,95.90,True
2218,"t=22.26,h=36.33,p=1011.21",46279,246.10,True
2219,"t=22.24,h=36.34,p=1011.19",46289,215.80,True
2220,"t=22.24,h=36.34,p=1011.19",46283,131.20,True
2221,"t=22.25,h=36.34,p=1011.24",46290,143.20,True
2222,"t=22.25,h=36.34,p=1011.24",46288,94.20,True
2223,"t=22.24,h=36.35,p=1011.18",46285,329.60,True
2224,"t=22.24,h=36.35,p=1011.18",46289,222.30,True
2225,"t=22.25,h=36.36,p=1011.20",46289,95.50,True
2226,"t=22.25,h=36.36,p=1011.20",46284,93.80,True
2227,"t=22.26,h=36.34,p=1011.20",46280,312.00,True
2228,"t=22.26,h=36.34,p=1011.20",46292,94.20,True
2229,"t=22.26,h=36.30,p=1011.22",46280,382.80,True
2230,"t=22.26,h=36.30,p=1011.22",46291,133.50,True
2231,"t=22.26,h=36.33,p=1011.20",46280,327.30,True
2232,"t=22.26,h=36.33,p=1011.20",46287,294.80,True
2233,"t=22.26,h=36.33,p=1011.21",46283,136.50,True
2234,"t=22.26,h=36.33,p=1011.21",46291,95.50,True
2235,"t=22.26,h=36.33,p=1011.22",46288,95.90,True
2236,"t=22.26,h=36.33,p=1011.22",46278,339.10,True
2237,"t=22.26,h=36.33,p=1011.21",46293,168.80,True
2238,"t=22.26,h=36.33,p=1011.21",46285,96.60,True
2239,"t=22.27,h=36.34,p=1011.21",46283,96.40,True
2240,"t=22.27,h=36.34,p=1011.21",46282,177.00,True
2241,"t=22.26,h=36.34,p=1011.23",46285,97.50,True
2242,"t=22.26,h=36.34,p=1011.23",46274,138.80,True
2243,"t=22.26,h=36.34,p=1011.22",46290,92.80,True
2244,"t=22.26,h=36.34,p=1011.22",46285,277.40,True
2245,"t=22.26,h=36.34,p=1011.23",46282,398.30,True
2246,"t=22.26,h=36.34,p=1011.23",46280,96.70,True
2247,"t=22.27,h=36.33,p=1011.24",46285,203.90,True
2248,"t=22.27,h=36.33,p=1011.24",46292,96.50,True
2249,"t=22.27,h=36.33,p=1011.24",46276,108.80,True
2250,"t=22.26,h=36.34,p=1011.25",46271,94.00,True
2251,"t=22.26,h=36.34,p=1011.25",46272,138.40,True
2252,"t=22.26,h=36.32,p=1011.24",46288,97.30,True
2253,"t=22.26,h=36.32,p=1011.24",46274,351.50,True
2254,"t=22.26,h=36.35,p=1011.26",46290,157.40,True
2255,"t=22.26,h=36.35,p=1011.26",46281,96.20,True
2256,"t=22.26,h=36.34,p=1011.27",46284,96.00,True
2257,"t=22.26,h=36.34,p=1011.27",46285,145.90,True
2258,"t=22.27,h=36.35,p=1011.27",46288,144.20,True
2259,"t=22.27,h=36.35,p=1011.27",46283,344.50,True
2260,"t=22.26,h=36.34,p=1011.22",46293,181.00,True
2261,"t=22.26,h=36.34,p=1011.22",46285,95.00,True
2262,"t=22.27,h=36.35,p=1011.23",46274,143.30,True
2263,"t=22.27,h=36.35,p=1011.23",46282,95.10,True
2264,"t=22.27,h=36.36,p=1011.22",46277,354.70,True
2265,"t=22.27,h=36.36,p=1011.22",46287,155.50,True
2266,"t=22.26,h=36.34,p=1011.23",46280,99.90,True
2267,"t=22.26,h=36.34,p=1011.23",46277,95.10,True
2268,"t=22.26,h=36.36,p=1011.23",46276,140.10,True
2269,"t=22.26,h=36.36,p=1011.23",46289,97.00,True
2270,"t=22.27,h=36.36,p=1011.23",46279,247.70,True
2271,"t=22.27,h=36.36,p=1011.23",46292,96.30,True
2272,"t=22.26,h=36.35,p=1011.25",46278,355.20,True
2273,"t=22.26,h=36.35,p=1011.25",46289,95.60,True
2274,"t=22.26,h=36.36,p=1011.23",46279,269.50,True
2275,"t=22.26,h=36.36,p=1011.23",46290,386.10,True
2276,"t=22.26,h=36.35,p=1011.24",46281,96.30,True
2277,"t=22.26,h=36.35,p=1011.24",46277,166.60,True
2278,"t=22.26,h=36.35,p=1011.23",46286,330.60,True
2279,"t=22.26,h=36.35,p=1011.23",46285,295.50,True
2280,"t=22.26,h=36.36,p=1011.23",46288,218.00,True
2281,"t=22.26,h=36.36,p=1011.23",46276,98.10,True
2282,"t=22.26,h=36.36,p=1011.24",46281,397.10,True
2283,"t=22.26,h=36.36,p=1011.24",46282,184.40,True
2284,"t=22.25,h=36.36,p=1011.21",46287,95.90,True
2285,"t=22.25,h=36.36,p=1011.21",46276,352.20,True
2286,"t=22.26,h=36.36,p=1011.26",46288,144.00,True
2287,"t=22.26,h=36.36,p=1011.26",46281,348.40,True
2288,"t=22.27,h=36.36,p=1011.24",46288,267.30,True
2289,"t=22.27,h=36.36,p=1011.24",46283,214.50,True
2290,"t=22.27,h=36.36,p=1011.23",46291,213.20,True
2291,"t=22.27,h=36.36,p=1011.23",46283,155.90,True
2292,"t=22.26,h=36.36,p=1011.20",46280,96.00,True
2293,"t=22.26,h=36.36,p=1011.20",46284,92.50,True
2294,"t=22.26,h=36.36,p=1011.24",46276,330.30,True
2295,"t=22.26,h=36.36,p=1011.24",46284,222.70,True
2296,"t=22.25,h=36.36,p=1011.22",46282,355.80,True
2297,"t=22.25,h=36.36,p=1011.22",46294,242.90,True
2298,"t=22.25,h=36.36,p=1011.20",46283,94.80,True
2299,"t=22.25,h=36.36,p=1011.20",46280,93.30,True
2300,"t=22.25,h=36.36,p=1011.20",46282,361.20,True
2301,"t=22.26,h=36.34,p=1011.23",46284,98.10,True
2302,"t=22.26,h=36.34,p=1011.23",46274,95.00,True
2303,"t=22.25,h=36.34,p=1011.22",46283,144.70,True
2304,"t=22.25,h=36.34,p=1011.22",46286,94.70,True
2305,"t=22.25,h=36.34,p=1011.22",46287,97.00,True
2306,"t=22.25,h=36.34,p=1011.22",46280,364.20,True
2307,"t=22.26,h=36.36,p=1011.24",46294,337.10,True
2308,"t=22.26,h=36.36,p=1011.24",46283,292.70,True
2309,"t=22.26,h=36.37,p=1011.23",46282,290.40,True
2310,"t=22.26,h=36.37,p=1011.23",46276,282.90,True
2311,"t=22.26,h=36.35,p=1011.24",46288,325.90,True
2312,"t=22.26,h=36.35,p=1011.24",46284,359.90,True
2313,"t=22.27,h=36.33,p=1011.24",46284,138.70,True
2314,"t=22.27,h=36.33,p=1011.24",46287,355.10,True
2315,"t=22.26,h=36.35,p=1011.22",46286,262.30,True
2316,"t=22.26,h=36.35,p=1011.22",46292,269.10,True
2317,"t=22.26,h=36.34,p=1011.21",46287,208.60,True
2318,"t=22.26,h=36.34,p=1011.21",46293,144.50,True
2319,"t=22.26,h=36.35,p=1011.24",46273,95.60,True
2320,"t=22.26,h=36.35,p=1011.24",46287,266.80,True
2321,"t=22.26,h=36.35,p=1011.23",46285,96.10,True
2322,"t=22.26,h=36.35,p=1011.23",46283,93.60,True
2323,"t=22.26,h=36.34,p=1011.23",46271,95.80,True
2324,"t=22.26,h=36.34,p=1011.23",46275,354.20,True
2325,"t=22.27,h=36.35,p=1011.23",46283,203.10,True
2326,"t=22.27,h=36.35,p=1011.23",46278,186.00,True
2327,"t=22.26,h=36.35,p=1011.25",46285,96.40,True
2328,"t=22.26,h=36.35,p=1011.25",46282,329.90,True
2329,"t=22.26,h=36.34,p=1011.22",46288,266.80,True
2330,"t=22.26,h=36.34,p=1011.22",46285,93.20,True
2331,"t=22.26,h=36.34,p=1011.22",46279,139.60,True
2332,"t=22.26,h=36.34,p=1011.22",46294,112.10,True
2333,"t=22.25,h=36.34,p=1011.22",46278,354.80,True
2334,"t=22.25,h=36.34,p=1011.22",46292,294.00,True
2335,"t=22.25,h=36.34,p=1011.24",46284,94.90,True
2336,"t=22.25,h=36.34,p=1011.24",46276,93.40,True
2337,"t=22.26,h=36.34,p=1011.23",46274,146.00,True
2338,"t=22.26,h=36.34,p=1011.23",46280,97.10,True
2339,"t=22.25,h=36.34,p=1011.20",46307,143.10,True
2340,"t=22.25,h=36.34,p=1011.20",46282,97.30,True
2341,"t=22.25,h=36.34,p=1011.22",46285,356.00,True
2342,"t=22.25,h=36.34,p=1011.22",46285,119.50,True
2343,"t=22.25,h=36.34,p=1011.22",46284,291.00,True
2344,"t=22.25,h=36.34,p=1011.22",46285,95.90,True
2345,"t=22.26,h=36.34,p=1011.26",46290,315.60,True
2346,"t=22.26,h=36.34,p=1011.26",46286,328.10,True
2347,"t=22.25,h=36.33,p=1011.20",46292,322.40,True
2348,"t=22.25,h=36.33,p=1011.20",46294,274.80,True
2349,"t=22.26,h=36.33,p=1011.25",46283,215.40,True
2350,"t=22.26,h=36.33,p=1011.25",46281,147.10,True
2351,"t=22.26,h=36.33,p=1011.25",46287,265.30,True
2352,"t=22.26,h=36.34,p=1011.26",46280,95.30,True
2353,"t=22.26,h=36.34,p=1011.26",46273,95.00,True
2354,"t=22.26,h=36.35,p=1011.27",46291,332.80,True
2355,"t=22.26,h=36.35,p=1011.27",46289,418.60,True
2356,"t=22.26,h=36.34,p=1011.26",46283,327.10,True
2357,"t=22.26,h=36.34,p=1011.26",46282,290.80,True
2358,"t=22.26,h=36.33,p=1011.27",46289,327.80,True
2359,"t=22.26,h=36.33,p=1011.27",46289,292.40,True
2360,"t=22.26,h=36.32,p=1011.26",46280,249.90,True
2361,"t=22.26,h=36.32,p=1011.26",46291,147.10,True
2362,"t=22.26,h=36.33,p=1011.25",46290,289.00,True
2363,"t=22.26,h=36.33,p=1011.25",46306,123.90,True
2364,"t=22.23,h=36.34,p=1011.21",46288,95.80,True
2365,"t=22.23,h=36.34,p=1011.21",46278,120.50,True
2366,"t=22.26,h=36.34,p=1011.26",46288,97.10,True
2367,"t=22.26,h=36.34,p=1011.26",46275,349.90,True
2368,"t=22.25,h=36.33,p=1011.25",46290,389.40,True
2369,"t=22.25,h=36.33,p=1011.25",46283,95.50,True
2370,"t=22.26,h=36.34,p=1011.26",46278,95.20,True
2371,"t=22.26,h=36.34,p=1011.26",46276,325.90,True
2372,"t=22.26,h=36.33,p=1011.25",46287,212.60,True
2373,"t=22.26,h=36.33,p=1011.25",46279,94.00,True
2374,"t=22.26,h=36.34,p=1011.23",46273,355.70,True
2375,"t=22.26,h=36.34,p=1011.23",46282,355.50,True
2376,"t=22.25,h=36.34,p=1011.23",46278,96.80,True
2377,"t=22.25,h=36.34,p=1011.23",46272,94.20,True
2378,"t=22.26,h=36.34,p=1011.25",46272,135.90,True
2379,"t=22.26,h=36.34,p=1011.25",46281,93.80,True
2380,"t=22.25,h=36.34,p=1011.24",46278,143.40,True
2381,"t=22.25,h=36.34,p=1011.24",46287,94.40,True
2382,"t=22.25,h=36.33,p=1011.25",46278,94.20,True
2383,"t=22.25,h=36.33,p=1011.25",46283,265.70,True
2384,"t=22.26,h=36.35,p=1011.27",46288,205.50,True
2385,"t=22.26,h=36.35,p=1011.27",46276,94.60,True
2386,"t=22.26,h=36.34,p=1011.26",46276,94.90,True
2387,"t=22.26,h=36.34,p=1011.26",46286,148.00,True
2388,"t=22.26,h=36.35,p=1011.26",46283,95.60,True
2389,"t=22.26,h=36.35,p=1011.26",46274,93.30,True
2390,"t=22.26,h=36.35,p=1011.24",46274,94.80,True
2391,"t=22.26,h=36.35,p=1011.24",46279,150.60,True
2392,"t=22.26,h=36.36,p=1011.25",46282,95.10,True
2393,"t=22.26,h=36.36,p=1011.25",46301,237.50,True
2394,"t=22.25,h=36.36,p=1011.24",46284,349.90,True
2395,"t=22.25,h=36.36,p=1011.24",46302,169.40,True
2396,"t=22.26,h=36.36,p=1011.28",46274,95.30,True
2397,"t=22.26,h=36.36,p=1011.28",46280,354.90,True
2398,"t=22.26,h=36.36,p=1011.24",46283,97.30,True
2399,"t=22.26,h=36.36,p=1011.24",46281,150.30,True
2400,"t=22.26,h=36.36,p=1011.25",46304,95.60,True
2401,"t=22.26,h=36.36,p=1011.25",46281,94.10,True
2402,"t=22.26,h=36.36,p=1011.25",46275,144.50,True
2403,"t=22.26,h=36.36,p=1011.24",46289,110.40,True
2404,"t=22.26,h=36.36,p=1011.24",46275,385.00,True
2405,"t=22.25,h=36.34,p=1011.21",46292,298.60,True
2406,"t=22.25,h=36.34,p=1011.21",46282,292.80,True
2407,"t=22.26,h=36.36,p=1011.25",46279,136.00,True
2408,"t=22.26,h=36.36,p=1011.25",46284,95.00,True
2409,"t=22.26,h=36.37,p=1011.25",46272,95.40,True
2410,"t=22.26,h=36.37,p=1011.25",46275,143.50,True
2411,"t=22.25,h=36.36,p=1011.24",46284,221.50,True
2412,"t=22.25,h=36.36,p=1011.24",46282,93.70,True
2413,"t=22.25,h=36.35,p=1011.22",46282,95.00,True
2414,"t=22.25,h=36.35,p=1011.22",46288,137.20,True
2415,"t=22.27,h=36.36,p=1011.25",46283,95.80,True
2416,"t=22.27,h=36.36,p=1011.25",46275,95.20,True
2417,"t=22.25,h=36.35,p=1011.21",46274,348.40,True
2418,"t=22.25,h=36.35,p=1011.21",46284,277.00,True
2419,"t=22.25,h=36.34,p=1011.23",46281,135.00,True
2420,"t=22.25,h=36.34,p=1011.23",46286,96.40,True
2421,"t=22.27,h=36.35,p=1011.25",46311,353.20,True
2422,"t=22.27,h=36.35,p=1011.25",46288,96.50,True
2423,"t=22.27,h=36.36,p=1011.24",46279,144.40,True
2424,"t=22.27,h=36.36,p=1011.24",46287,144.10,True
2425,"t=22.26,h=36.36,p=1011.22",46282,96.80,True
2426,"t=22.26,h=36.36,p=1011.22",46273,94.50,True
2427,"t=22.25,h=36.34,p=1011.22",46280,145.60,True
2428,"t=22.25,h=36.34,p=1011.22",46285,96.90,True
2429,"t=22.26,h=36.36,p=1011.27",46275,351.70,True
2430,"t=22.26,h=36.36,p=1011.27",46284,382.60,True
2431,"t=22.26,h=36.34,p=1011.25",46284,292.20,True
2432,"t=22.26,h=36.34,p=1011.25",46283,163.20,True
2433,"t=22.26,h=36.36,p=1011.26",46286,95.50,True
2434,"t=22.26,h=36.36,p=1011.26",46274,332.90,True
2435,"t=22.26,h=36.35,p=1011.25",46288,238.30,True
2436,"t=22.26,h=36.35,p=1011.25",46282,139.50,True
2437,"t=22.26,h=36.35,p=1011.25",46289,229.30,True
2438,"t=22.26,h=36.35,p=1011.25",46285,352.50,True
2439,"t=22.26,h=36.35,p=1011.26",46282,146.90,True
2440,"t=22.26,h=36.35,p=1011.26",46275,348.60,True
2441,"t=22.26,h=36.35,p=1011.24",46283,96.40,True
2442,"t=22.26,h=36.35,p=1011.24",46276,293.70,True
2443,"t=22.26,h=36.35,p=1011.24",46283,172.00,True
2444,"t=22.26,h=36.35,p=1011.24",46280,94.00,True
2445,"t=22.26,h=36.35,p=1011.27",46277,269.70,True
2446,"t=22.26,h=36.35,p=1011.27",46292,261.20,True
2447,"t=22.26,h=36.35,p=1011.23",46284,97.90,True
2448,"t=22.26,h=36.35,p=1011.23",46279,92.90,True
2449,"t=22.26,h=36.35,p=1011.24",46294,238.40,True
2450,"t=22.26,h=36.35,p=1011.24",46288,95.80,True
2451,"t=22.24,h=36.35,p=1011.23",46274,357.00,True
2452,"t=22.24,h=36.35,p=1011.23",46287,126.10,True
2453,"t=22.24,h=36.35,p=1011.23",46280,105.10,True
2454,"t=22.25,h=36.35,p=1011.24",46279,95.20,True
2455,"t=22.25,h=36.35,p=1011.24",46282,247.40,True
2456,"t=22.26,h=36.34,p=1011.23",46282,217.90,True
2457,"t=22.26,h=36.34,p=1011.23",46276,210.70,True
2458,"t=22.25,h=36.34,p=1011.21",46296,344.70,True
2459,"t=22.25,h=36.34,p=1011.21",46290,354.80,True
2460,"t=22.26,h=36.34,p=1011.23",46280,199.20,True
2461,"t=22.26,h=36.34,p=1011.23",46272,95.30,True
2462,"t=22.26,h=36.35,p=1011.25",46279,138.60,True
2463,"t=22.26,h=36.35,p=1011.25",46284,95.70,True
2464,"t=22.26,h=36.34,p=1011.26",46282,121.40,True
2465,"t=22.26,h=36.34,p=1011.26",46285,95.70,True
2466,"t=22.26,h=36.35,p=1011.23",46284,109.10,True
2467,"t=22.26,h=36.35,p=1011.23",46276,92.30,True
2468,"t=22.26,h=36.35,p=1011.24",46283,144.30,True
2469,"t=22.26,h=36.35,p=1011.24",46288,96.90,True
2470,"t=22.26,h=36.34,p=1011.25",46279,93.60,True
2471,"t=22.26,h=36.34,p=1011.25",46273,343.30,True
2472,"t=22.26,h=36.34,p=1011.26",46284,146.80,True
2473,"t=22.26,h=36.34,p=1011.26",46276,268.40,True
2474,"t=22.26,h=36.35,p=1011.26",46282,140.20,True
2475,"t=22.26,h=36.35,p=1011.26",46280,249.60,True
2476,"t=22.26,h=36.34,p=1011.25",46280,210.90,True
2477,"t=22.26,h=36.34,p=1011.25",46282,142.50,True
2478,"t=22.26,h=36.34,p=1011.23",46283,96.60,True
2479,"t=22.26,h=36.34,p=1011.23",46280,95.60,True
2480,"t=22.25,h=36.34,p=1011.24",46276,93.20,True
2481,"t=22.25,h=36.34,p=1011.24",46285,268.20,True
2482,"t=22.26,h=36.35,p=1011.23",46287,211.90,True
2483,"t=22.26,h=36.35,p=1011.23",46285,278.00,True
2484,"t=22.25,h=36.34,p=1011.25",46290,240.90,True
2485,"t=22.25,h=36.34,p=1011.25",46281,224.00,True
2486,"t=22.25,h=36.35,p=1011.26",46286,213.90,True
2487,"t=22.25,h=36.35,p=1011.26",46277,97.50,True
2488,"t=22.26,h=36.35,p=1011.27",46278,312.80,True
2489,"t=22.26,h=36.35,p=1011.27",46287,244.00,True
2490,"t=22.25,h=36.35,p=1011.26",46286,175.30,True
2491,"t=22.25,h=36.35,p=1011.26",46278,94.60,True
2492,"t=22.26,h=36.35,p=1011.26",46273,143.90,True
2493,"t=22.26,h=36.35,p=1011.26",46283,347.40,True
2494,"t=22.25,h=36.35,p=1011.26",46290,292.70,True
2495,"t=22.25,h=36.35,p=1011.26",46276,95.20,True
2496,"t=22.26,h=36.35,p=1011.28",46282,95.50,True
2497,"t=22.26,h=36.35,p=1011.28",46276,282.50,True
2498,"t=22.26,h=36.35,p=1011.26",46286,242.80,True
2499,"t=22.26,h=36.35,p=1011.26",46279,230.30,True
2500,"t=22.26,h=36.35,p=1011.28",46281,228.70,True
2501,"t=22.26,h=36.35,p=1011.28",46278,335.30,True
2502,"t=22.26,h=36.35,p=1011.25",46288,225.30,True
2503,"t=22.26,h=36.35,p=1011.25",46278,352.20,True
2504,"t=22.26,h=36.35,p=1011.25",46291,308.80,True
2505,"t=22.27,h=36.38,p=1011.27",46309,311.90,True
2506,"t=22.27,h=36.38,p=1011.27",46301,213.50,True
2507,"t=22.26,h=36.37,p=1011.24",46279,280.60,True
2508,"t=22.26,h=36.37,p=1011.24",46285,93.70,True
2509,"t=22.26,h=36.35,p=1011.24",46278,354.00,True
2510,"t=22.26,h=36.35,p=1011.24",46285,96.80,True
2511,"t=22.26,h=36.35,p=1011.25",46285,94.70,True
2512,"t=22.26,h=36.35,p=1011.25",46277,284.70,True
2513,"t=22.26,h=36.35,p=1011.23",46293,214.10,True
2514,"t=22.26,h=36.35,p=1011.23",46279,219.30,True
2515,"t=22.26,h=36.35,p=1011.25",46294,95.80,True
2516,"t=22.26,h=36.35,p=1011.25",46275,345.20,True
2517,"t=22.27,h=36.38,p=1011.26",46299,94.80,True
2518,"t=22.27,h=36.38,p=1011.26",46292,93.80,True
2519,"t=22.26,h=36.34,p=1011.24",46282,95.20,True
2520,"t=22.26,h=36.34,p=1011.24",46285,347.80,True
2521,"t=22.26,h=36.36,p=1011.28",46287,169.50,True
2522,"t=22.26,h=36.36,p=1011.28",46293,362.20,True
2523,"t=22.25,h=36.36,p=1011.23",46304,255.20,True
2524,"t=22.25,h=36.36,p=1011.23",46283,258.20,True
2525,"t=22.26,h=36.35,p=1011.24",46290,118.60,True
2526,"t=22.26,h=36.35,p=1011.24",46288,397.00,True
2527,"t=22.24,h=36.35,p=1011.22",46292,219.20,True
2528,"t=22.24,h=36.35,p=1011.22",46291,96.70,True
2529,"t=22.26,h=36.33,p=1011.26",46284,349.20,True
2530,"t=22.26,h=36.33,p=1011.26",46297,303.70,True
2531,"t=22.25,h=36.36,p=1011.20",46292,246.10,True
2532,"t=22.25,h=36.36,p=1011.20",46291,212.80,True
2533,"t=22.26,h=36.36,p=1011.25",46280,258.30,True
2534,"t=22.26,h=36.36,p=1011.25",46285,268.00,True
2535,"t=22.25,h=36.34,p=1011.23",46288,215.40,True
2536,"t=22.25,h=36.34,p=1011.23",46273,211.40,True
2537,"t=22.26,h=36.35,p=1011.27",46288,352.50,True
2538,"t=22.26,h=36.35,p=1011.27",46290,352.70,True
2539,"t=22.26,h=36.34,p=1011.26",46288,95.30,True
2540,"t=22.26,h=36.34,p=1011.26",46275,93.60,True
2541,"t=22.26,h=36.34,p=1011.23",46280,94.70,True
2542,"t=22.26,h=36.34,p=1011.23",46275,145.90,True
2543,"t=22.26,h=36.34,p=1011.25",46290,353.50,True
2544,"t=22.26,h=36.34,p=1011.25",46284,351.50,True
2545,"t=22.26,h=36.34,p=1011.25",46281,211.80,True
2546,"t=22.26,h=36.34,p=1011.25",46277,341.90,True
2547,"t=22.26,h=36.34,p=1011.26",46284,270.80,True
2548,"t=22.26,h=36.34,p=1011.26",46279,349.00,True
2549,"t=22.26,h=36.34,p=1011.26",46285,312.10,True
2550,"t=22.26,h=36.34,p=1011.26",46278,309.10,True
2551,"t=22.27,h=36.34,p=1011.28",46287,95.70,True
2552,"t=22.27,h=36.34,p=1011.28",46284,350.90,True
2553,"t=22.26,h=36.34,p=1011.25",46280,95.20,True
2554,"t=22.26,h=36.34,p=1011.25",46279,93.30,True
2555,"t=22.26,h=36.34,p=1011.25",46289,387.90,True
2556,"t=22.26,h=36.34,p=1011.27",46298,104.40,True
2557,"t=22.26,h=36.34,p=1011.27",46284,309.00,True
2558,"t=22.27,h=36.32,p=1011.26",46287,292.50,True
2559,"t=22.27,h=36.32,p=1011.26",46277,275.30,True
2560,"t=22.26,h=36.34,p=1011.26",46285,95.00,True
2561,"t=22.26,h=36.34,p=1011.26",46276,226.90,True
2562,"t=22.26,h=36.33,p=1011.25",46288,97.10,True
2563,"t=22.26,h=36.33,p=1011.25",46278,270.00,True
2564,"t=22.26,h=36.34,p=1011.25",46283,223.10,True
2565,"t=22.26,h=36.34,p=1011.25",46282,95.30,True
2566,"t=22.24,h=36.31,p=1011.23",46279,94.30,True
2567,"t=22.24,h=36.31,p=1011.23",46280,355.50,True
2568,"t=22.27,h=36.34,p=1011.25",46285,297.30,True
2569,"t=22.27,h=36.34,p=1011.25",46272,289.60,True
2570,"t=22.25,h=36.33,p=1011.22",46290,372.10,True
2571,"t=22.25,h=36.33,p=1011.22",46289,250.10,True
2572,"t=22.25,h=36.33,p=1011.25",46280,148.90,True
2573,"t=22.25,h=36.33,p=1011.25",46290,94.70,True
2574,"t=22.27,h=36.35,p=1011.25",46280,94.60,True
2575,"t=22.27,h=36.35,p=1011.25",46282,93.30,True
2576,"t=22.27,h=36.33,p=1011.23",46279,135.90,True
2577,"t=22.27,h=36.33,p=1011.23",46292,94.00,True
2578,"t=22.27,h=36.34,p=1011.25",46276,353.90,True
2579,"t=22.27,h=36.34,p=1011.25",46286,147.50,True
2580,"t=22.27,h=36.32,p=1011.27",46279,142.80,True
2581,"t=22.27,h=36.32,p=1011.27",46287,115.70,True
2582,"t=22.27,h=36.33,p=1011.27",46286,356.70,True
2583,"t=22.27,h=36.33,p=1011.27",46293,96.90,True
2584,"t=22.26,h=36.33,p=1011.26",46293,95.20,True
2585,"t=22.26,h=36.33,p=1011.26",46284,330.40,True
2586,"t=22.27,h=36.33,p=1011.26",46288,298.10,True
2587,"t=22.27,h=36.33,p=1011.26",46281,357.90,True
2588,"t=22.26,h=36.33,p=1011.26",46292,95.00,True
2589,"t=22.26,h=36.33,p=1011.26",46288,180.70,True
2590,"t=22.27,h=36.33,p=1011.24",46291,95.90,True
2591,"t=22.27,h=36.33,p=1011.24",46284,123.70,True
2592,"t=22.27,h=36.33,p=1011.26",46293,96.30,True
2593,"t=22.27,h=36.33,p=1011.26",46280,307.50,True
2594,"t=22.27,h=36.33,p=1011.23",46289,95.10,True
2595,"t=22.27,h=36.33,p=1011.23",46282,142.10,True
2596,"t=22.27,h=36.33,p=1011.22",46292,97.10,True
2597,"t=22.27,h=36.33,p=1011.22",46279,94.30,True
2598,"t=22.26,h=36.33,p=1011.22",46310,338.40,True
2599,"t=22.26,h=36.33,p=1011.22",46294,286.20,True
2600,"t=22.25,h=36.33,p=1011.23",46289,357.00,True
2601,"t=22.25,h=36.33,p=1011.23",46292,227.00,True
2602,"t=22.24,h=36.33,p=1011.18",46276,229.00,True
2603,"t=22.24,h=36.33,p=1011.18",46289,94.10,True
2604,"t=22.25,h=36.33,p=1011.20",46282,367.90,True
2605,"t=22.25,h=36.33,p=1011.20",46291,98.70,True
2606,"t=22.25,h=36.33,p=1011.20",46280,268.50,True
2607,"t=22.25,h=36.34,p=1011.21",46295,219.90,True
2608,"t=22.25,h=36.34,p=1011.21",46284,356.70,True
2609,"t=22.26,h=36.30,p=1011.24",46293,95.80,True
2610,"t=22.26,h=36.30,p=1011.24",46281,95.00,True
2611,"t=22.26,h=36.34,p=1011.22",46283,349.70,True
2612,"t=22.26,h=36.34,p=1011.22",46290,182.50,True
2613,"t=22.26,h=36.32,p=1011.23",46273,343.70,True
2614,"t=22.26,h=36.32,p=1011.23",46281,288.70,True
2615,"t=22.26,h=36.35,p=1011.25",46279,118.50,True
2616,"t=22.26,h=36.35,p=1011.25",46290,95.20,True
2617,"t=22.26,h=36.33,p=1011.23",46279,353.70,True
2618,"t=22.26,h=36.33,p=1011.23",46291,289.70,True
2619,"t=22.26,h=36.34,p=1011.22",46282,150.90,True
2620,"t=22.26,h=36.34,p=1011.22",46293,94.30,True
2621,"t=22.26,h=36.33,p=1011.21",46280,380.70,True
2622,"t=22.26,h=36.33,p=1011.21",46292,96.30,True
2623,"t=22.27,h=36.34,p=1011.23",46286,352.10,True
2624,"t=22.27,h=36.34,p=1011.23",46292,291.50,True
2625,"t=22.26,h=36.33,p=1011.22",46280,137.60,True
2626,"t=22.26,h=36.33,p=1011.22",46281,91.20,True
2627,"t=22.27,h=36.34,p=1011.24",46280,93.30,True
2628,"t=22.27,h=36.34,p=1011.24",46282,144.20,True
2629,"t=22.26,h=36.32,p=1011.25",46290,96.50,True
2630,"t=22.26,h=36.32,p=1011.25",46281,389.20,True
2631,"t=22.27,h=36.33,p=1011.22",46287,221.50,True
2632,"t=22.27,h=36.33,p=1011.22",46282,372.80,True
2633,"t=22.26,h=36.33,p=1011.22",46291,289.40,True
2634,"t=22.26,h=36.33,p=1011.22",46282,333.50,True
2635,"t=22.27,h=36.35,p=1011.26",46290,212.30,True
2636,"t=22.27,h=36.35,p=1011.26",46279,97.50,True
2637,"t=22.26,h=36.34,p=1011.22",46286,146.80,True
2638,"t=22.26,h=36.34,p=1011.22",46294,348.30,True
2639,"t=22.25,h=36.35,p=1011.22",46303,96.80,True
2640,"t=22.25,h=36.35,p=1011.22",46287,94.50,True
2641,"t=22.25,h=36.37,p=1011.22",46279,144.40,True
2642,"t=22.25,h=36.37,p=1011.22",46289,97.20,True
2643,"t=22.25,h=36.40,p=1011.22",46286,238.00,True
2644,"t=22.25,h=36.40,p=1011.22",46294,141.70,True
2645,"t=22.26,h=36.41,p=1011.22",46284,95.60,True
2646,"t=22.26,h=36.41,p=1011.22",46275,92.90,True
2647,"t=22.27,h=36.43,p=1011.24",46278,247.10,True
2648,"t=22.27,h=36.43,p=1011.24",46286,158.20,True
2649,"t=22.25,h=36.46,p=1011.24",46289,95.30,True
2650,"t=22.25,h=36.46,p=1011.24",46277,94.10,True
2651,"t=22.27,h=36.48,p=1011.25",46275,356.30,True
2652,"t=22.27,h=36.48,p=1011.25",46279,161.90,True
2653,"t=22.27,h=36.50,p=1011.21",46294,95.40,True
2654,"t=22.27,h=36.50,p=1011.21",46305,336.30,True
2655,"t=22.27,h=36.51,p=1011.25",46290,213.10,True
2656,"t=22.27,h=36.51,p=1011.25",46284,145.30,True
2657,"t=22.27,h=36.51,p=1011.25",46291,109.40,True
2658,"t=22.26,h=36.54,p=1011.24",46278,263.10,True
2659,"t=22.26,h=36.54,p=1011.24",46287,231.70,True
2660,"t=22.27,h=36.54,p=1011.25",46287,157.60,True
2661,"t=22.27,h=36.54,p=1011.25",46299,95.90,True
2662,"t=22.26,h=36.56,p=1011.22",46276,164.20,True
2663,"t=22.26,h=36.56,p=1011.22",46288,96.00,True
2664,"t=22.27,h=36.54,p=1011.25",46288,145.20,True
2665,"t=22.27,h=36.54,p=1011.25",46296,96.00,True
2666,"t=22.27,h=36.56,p=1011.27",46285,383.00,True
2667,"t=22.27,h=36.56,p=1011.27",46295,98.20,True
2668,"t=22.27,h=36.57,p=1011.26",46274,94.60,True
2669,"t=22.27,h=36.57,p=1011.26",46274,326.10,True
2670,"t=22.27,h=36.58,p=1011.26",46283,292.70,True
2671,"t=22.27,h=36.58,p=1011.26",46278,343.10,True
2672,"t=22.27,h=36.60,p=1011.23",46283,95.70,True
2673,"t=22.27,h=36.60,p=1011.23",46277,150.50,True
2674,"t=22.27,h=36.61,p=1011.26",46290,96.50,True
2675,"t=22.27,h=36.61,p=1011.26",46281,343.10,True
2676,"t=22.26,h=36.63,p=1011.22",46293,299.00,True
2677,"t=22.26,h=36.63,p=1011.22",46280,175.50,True
2678,"t=22.25,h=36.63,p=1011.26",46291,145.30,True
2679,"t=22.25,h=36.63,p=1011.26",46287,95.90,True
2680,"t=22.25,h=36.64,p=1011.22",46281,383.20,True
2681,"t=22.25,h=36.64,p=1011.22",46287,98.60,True
2682,"t=22.27,h=36.68,p=1011.22",46283,94.60,True
2683,"t=22.27,h=36.68,p=1011.22",46280,95.20,True
2684,"t=22.27,h=36.67,p=1011.26",46294,145.70,True
2685,"t=22.27,h=36.67,p=1011.26",46285,98.50,True
2686,"t=22.26,h=36.65,p=1011.25",46276,139.10,True
2687,"t=22.26,h=36.65,p=1011.25",46283,96.40,True
2688,"t=22.25,h=36.69,p=1011.22",46285,259.30,True
2689,"t=22.25,h=36.69,p=1011.22",46287,200.80,True
2690,"t=22.27,h=36.67,p=1011.24",46277,94.50,True
2691,"t=22.27,h=36.67,p=1011.24",46280,93.90,True
2692,"t=22.26,h=36.65,p=1011.24",46279,248.50,True
2693,"t=22.26,h=36.65,p=1011.24",46290,97.90,True
2694,"t=22.27,h=36.64,p=1011.25",46287,123.30,True
2695,"t=22.27,h=36.64,p=1011.25",46290,95.20,True
2696,"t=22.27,h=36.64,p=1011.24",46276,95.70,True
2697,"t=22.27,h=36.64,p=1011.24",46282,146.00,True
2698,"t=22.26,h=36.63,p=1011.21",46290,98.00,True
2699,"t=22.26,h=36.63,p=1011.21",46290,94.30,True
2700,"t=22.26,h=36.62,p=1011.22",46284,215.10,True
2701,"t=22.26,h=36.62,p=1011.22",46298,97.40,True
2702,"t=22.20,h=36.61,p=1011.15",46294,244.10,True
2703,"t=22.20,h=36.61,p=1011.15",46298,216.20,True
2704,"t=22.26,h=36.62,p=1011.23",46288,309.90,True
2705,"t=22.26,h=36.62,p=1011.23",46297,96.90,True
2706,"t=22.25,h=36.59,p=1011.20",46276,95.70,True
2707,"t=22.25,h=36.59,p=1011.20",46279,92.60,True
2708,"t=22.25,h=36.59,p=1011.20",46274,108.40,True
2709,"t=22.26,h=36.59,p=1011.25",46313,353.90,True
2710,"t=22.26,h=36.59,p=1011.25",46292,116.80,True
2711,"t=22.26,h=36.59,p=1011.24",46279,95.40,True
2712,"t=22.26,h=36.59,p=1011.24",46285,164.80,True
2713,"t=22.26,h=36.57,p=1011.27",46287,96.70,True
2714,"t=22.26,h=36.57,p=1011.27",46321,354.90,True
2715,"t=22.25,h=36.57,p=1011.25",46286,257.90,True
2716,"t=22.25,h=36.57,p=1011.25",46302,395.50,True
2717,"t=22.25,h=36.57,p=1011.24",46289,250.20,True
2718,"t=22.25,h=36.57,p=1011.24",46287,94.60,True
2719,"t=22.25,h=36.56,p=1011.25",46279,343.50,True
2720,"t=22.25,h=36.56,p=1011.25",46289,287.50,True
2721,"t=22.25,h=36.57,p=1011.23",46272,116.90,True
2722,"t=22.25,h=36.57,p=1011.23",46281,95.20,True
2723,"t=22.25,h=36.55,p=1011.21",46285,326.60,True
2724,"t=22.25,h=36.55,p=1011.21",46295,116.40,True
2725,"t=22.25,h=36.54,p=1011.23",46279,95.70,True
2726,"t=22.25,h=36.54,p=1011.23",46283,136.60,True
2727,"t=22.27,h=36.55,p=1011.24",46287,378.80,True
2728,"t=22.27,h=36.55,p=1011.24",46286,286.80,True
2729,"t=22.26,h=36.55,p=1011.24",46283,96.40,True
2730,"t=22.26,h=36.55,p=1011.24",46282,96.00,True
2731,"t=22.26,h=36.53,p=1011.23",46274,393.10,True
2732,"t=22.26,h=36.53,p=1011.23",46283,361.50,True
2733,"t=22.26,h=36.53,p=1011.23",46282,124.10,True
2734,"t=22.26,h=36.53,p=1011.23",46271,96.30,True
2735,"t=22.26,h=36.54,p=1011.23",46274,355.00,True
2736,"t=22.26,h=36.54,p=1011.23",46281,123.00,True
2737,"t=22.27,h=36.55,p=1011.27",46275,93.20,True
2738,"t=22.27,h=36.55,p=1011.27",46275,92.90,True
2739,"t=22.26,h=36.53,p=1011.24",46272,95.20,True
2740,"t=22.26,h=36.53,p=1011.24",46278,360.30,True
2741,"t=22.26,h=36.51,p=1011.25",46295,294.50,True
2742,"t=22.26,h=36.51,p=1011.25",46293,160.50,True
2743,"t=22.26,h=36.50,p=1011.25",46281,102.90,True
2744,"t=22.26,h=36.50,p=1011.25",46278,340.10,True
2745,"t=22.26,h=36.50,p=1011.24",46289,96.50,True
2746,"t=22.26,h=36.50,p=1011.24",46278,134.00,True
2747,"t=22.27,h=36.50,p=1011.27",46284,96.00,True
2748,"t=22.27,h=36.50,p=1011.27",46277,112.70,True
2749,"t=22.26,h=36.49,p=1011.25",46288,352.40,True
2750,"t=22.26,h=36.49,p=1011.25",46291,146.20,True
2751,"t=22.26,h=36.49,p=1011.24",46287,96.80,True
2752,"t=22.26,h=36.49,p=1011.24",46272,96.20,True
2753,"t=22.26,h=36.49,p=1011.23",46290,266.20,True
2754,"t=22.26,h=36.49,p=1011.23",46292,214.90,True
2755,"t=22.25,h=36.48,p=1011.23",46278,150.40,True
2756,"t=22.25,h=36.48,p=1011.23",46285,382.90,True
2757,"t=22.25,h=36.49,p=1011.20",46288,145.00,True
2758,"t=22.25,h=36.49,p=1011.20",46279,95.70,True
2759,"t=22.25,h=36.49,p=1011.20",46271,109.00,True
2760,"t=22.27,h=36.48,p=1011.27",46275,96.60,True
2761,"t=22.27,h=36.48,p=1011.27",46280,367.20,True
2762,"t=22.25,h=36.46,p=1011.22",46289,114.30,True
2763,"t=22.25,h=36.46,p=1011.22",46281,354.40,True
2764,"t=22.26,h=36.49,p=1011.26",46283,295.50,True
2765,"t=22.26,h=36.49,p=1011.26",46274,181.20,True
2766,"t=22.25,h=36.49,p=1011.24",46280,344.60,True
2767,"t=22.25,h=36.49,p=1011.24",46286,96.20,True
2768,"t=22.26,h=36.48,p=1011.27",46283,341.70,True
2769,"t=22.26,h=36.48,p=1011.27",46286,94.20,True
2770,"t=22.27,h=36.47,p=1011.28",46283,95.30,True
2771,"t=22.27,h=36.47,p=1011.28",46274,94.20,True
2772,"t=22.26,h=36.48,p=1011.26",46282,213.70,True
2773,"t=22.26,h=36.48,p=1011.26",46285,97.40,True
2774,"t=22.26,h=36.49,p=1011.27",46274,94.80,True
2775,"t=22.26,h=36.49,p=1011.27",46272,92.80,True
2776,"t=22.26,h=36.49,p=1011.28",46277,385.60,True
2777,"t=22.26,h=36.49,p=1011.28",46285,98.30,True
2778,"t=22.26,h=36.49,p=1011.30",46288,94.00,True
2779,"t=22.26,h=36.49,p=1011.30",46279,92.90,True
2780,"t=22.26,h=36.47,p=1011.27",46274,95.50,True
2781,"t=22.26,h=36.47,p=1011.27",46275,154.70,True
2782,"t=22.26,h=36.48,p=1011.25",46284,96.70,True
2783,"t=22.26,h=36.48,p=1011.25",46271,94.90,True
2784,"t=22.26,h=36.47,p=1011.29",46282,96.00,True
2785,"t=22.26,h=36.47,p=1011.29",46286,356.70,True
2786,"t=22.26,h=36.46,p=1011.26",46287,143.10,True
2787,"t=22.26,h=36.46,p=1011.26",46286,329.10,True
2788,"t=22.26,h=36.47,p=1011.28",46292,365.40,True
2789,"t=22.26,h=36.47,p=1011.28",46287,377.60,True
2790,"t=22.26,h=36.48,p=1011.25",46286,251.60,True
2791,"t=22.26,h=36.48,p=1011.25",46275,181.60,True
2792,"t=22.24,h=36.45,p=1011.24",46285,132.00,True
2793,"t=22.24,h=36.45,p=1011.24",46280,243.30,True
2794,"t=22.25,h=36.46,p=1011.24",46291,226.30,True
2795,"t=22.25,h=36.46,p=1011.24",46288,95.30,True
2796,"t=22.26,h=36.46,p=1011.25",46275,325.40,True
2797,"t=22.26,h=36.46,p=1011.25",46281,101.60,True
2798,"t=22.25,h=36.46,p=1011.23",46277,341.90,True
2799,"t=22.25,h=36.46,p=1011.23",46287,284.40,True
2800,"t=22.24,h=36.45,p=1011.20",46276,144.40,True
2801,"t=22.24,h=36.45,p=1011.20",46284,96.40,True
2802,"t=22.25,h=36.47,p=1011.23",46278,132.00,True
2803,"t=22.25,h=36.47,p=1011.23",46289,94.10,True
2804,"t=22.26,h=36.49,p=1011.23",46283,154.50,True
2805,"t=22.26,h=36.49,p=1011.23",46294,96.50,True
2806,"t=22.26,h=36.51,p=1011.26",46279,93.90,True
2807,"t=22.26,h=36.51,p=1011.26",46285,142.20,True
2808,"t=22.26,h=36.55,p=1011.27",46286,95.50,True
2809,"t=22.26,h=36.55,p=1011.27",46292,270.30,True
2810,"t=22.26,h=36.55,p=1011.27",46290,330.40,True
2811,"t=22.26,h=36.56,p=1011.26",46300,291.20,True
2812,"t=22.26,h=36.56,p=1011.26",46291,214.40,True
2813,"t=22.26,h=36.61,p=1011.26",46276,211.40,True
2814,"t=22.26,h=36.61,p=1011.26",46274,135.70,True
2815,"t=22.27,h=36.63,p=1011.27",46278,346.40,True
2816,"t=22.27,h=36.63,p=1011.27",46283,94.10,True
2817,"t=22.26,h=36.66,p=1011.25",46286,95.60,True
2818,"t=22.26,h=36.66,p=1011.25",46293,150.90,True
2819,"t=22.26,h=36.68,p=1011.24",46291,351.50,True
2820,"t=22.26,h=36.68,p=1011.24",46290,111.00,True
2821,"t=22.26,h=36.71,p=1011.27",46279,94.90,True
2822,"t=22.26,h=36.71,p=1011.27",46281,349.60,True
2823,"t=22.26,h=36.72,p=1011.28",46290,294.90,True
2824,"t=22.26,h=36.72,p=1011.28",46285,346.60,True
2825,"t=22.26,h=36.75,p=1011.26",46295,296.40,True
2826,"t=22.26,h=36.75,p=1011.26",46287,365.60,True
2827,"t=22.27,h=36.75,p=1011.28",46287,156.00,True
2828,"t=22.27,h=36.75,p=1011.28",46280,348.20,True
2829,"t=22.25,h=36.78,p=1011.24",46285,95.90,True
2830,"t=22.25,h=36.78,p=1011.24",46280,94.40,True
2831,"t=22.27,h=36.76,p=1011.26",46275,96.00,True
2832,"t=22.27,h=36.76,p=1011.26",46278,93.20,True
2833,"t=22.27,h=36.79,p=1011.26",46276,324.00,True
2834,"t=22.27,h=36.79,p=1011.26",46284,288.90,True
2835,"t=22.26,h=36.78,p=1011.25",46289,264.10,True
2836,"t=22.26,h=36.78,p=1011.25",46298,184.20,True
2837,"t=22.25,h=36.80,p=1011.22",46283,351.00,True
2838,"t=22.25,h=36.80,p=1011.22",46291,291.60,True
2839,"t=22.26,h=36.79,p=1011.21",46280,94.20,True
2840,"t=22.26,h=36.79,p=1011.21",46277,94.40,True
2841,"t=22.26,h=36.82,p=1011.27",46290,285.80,True
2842,"t=22.26,h=36.82,p=1011.27",46290,95.20,True
2843,"t=22.26,h=36.82,p=1011.25",46288,351.30,True
2844,"t=22.26,h=36.82,p=1011.25",46316,239.40,True
2845,"t=22.26,h=36.82,p=1011.27",46292,139.40,True
2846,"t=22.26,h=36.82,p=1011.27",46293,334.20,True
2847,"t=22.26,h=36.83,p=1011.25",46286,290.90,True
2848,"t=22.26,h=36.83,p=1011.25",46279,284.90,True
2849,"t=22.27,h=36.83,p=1011.23",46272,285.80,True
2850,"t=22.27,h=36.83,p=1011.23",46277,291.60,True
2851,"t=22.27,h=36.84,p=1011.24",46285,209.20,True
2852,"t=22.27,h=36.84,p=1011.24",46280,140.30,True
2853,"t=22.27,h=36.84,p=1011.25",46292,95.10,True
2854,"t=22.27,h=36.84,p=1011.25",46287,324.40,True
2855,"t=22.27,h=36.84,p=1011.25",46290,95.30,True
2856,"t=22.27,h=36.84,p=1011.25",46292,196.00,True
2857,"t=22.27,h=36.84,p=1011.25",46290,95.40,True
2858,"t=22.27,h=36.84,p=1011.25",46289,93.30,True
2859,"t=22.27,h=36.85,p=1011.25",46277,262.20,True
2860,"t=22.27,h=36.85,p=1011.25",46285,217.30,True
2861,"t=22.27,h=36.85,p=1011.21",46275,95.60,True
2862,"t=22.24,h=36.86,p=1011.21",46279,96.20,True
2863,"t=22.24,h=36.86,p=1011.21",46274,169.70,True
2864,"t=22.27,h=36.86,p=1011.29",46291,330.10,True
2865,"t=22.27,h=36.86,p=1011.29",46287,355.10,True
2866,"t=22.27,h=36.85,p=1011.28",46292,140.30,True
2867,"t=22.27,h=36.85,p=1011.28",46285,357.80,True
2868,"t=22.27,h=36.87,p=1011.25",46281,96.00,True
2869,"t=22.27,h=36.87,p=1011.25",46279,355.80,True
2870,"t=22.26,h=36.86,p=1011.23",46290,309.40,True
2871,"t=22.26,h=36.86,p=1011.23",46291,94.30,True
2872,"t=22.25,h=36.84,p=1011.23",46281,94.60,True
2873,"t=22.25,h=36.84,p=1011.23",46285,92.60,True
2874,"t=22.27,h=36.86,p=1011.23",46291,144.20,True
2875,"t=22.27,h=36.86,p=1011.23",46279,345.10,True
2876,"t=22.25,h=36.86,p=1011.24",46288,268.60,True
2877,"t=22.25,h=36.86,p=1011.24",46288,214.90,True
2878,"t=22.27,h=36.84,p=1011.25",46285,240.30,True
2879,"t=22.27,h=36.84,p=1011.25",46291,328.60,True
2880,"t=22.26,h=36.87,p=1011.21",46300,283.50,True
2881,"t=22.26,h=36.87,p=1011.21",46289,118.20,True
2882,"t=22.27,h=36.85,p=1011.26",46288,95.10,True
2883,"t=22.27,h=36.85,p=1011.26",46279,319.10,True
2884,"t=22.27,h=36.83,p=1011.24",46289,268.10,True
2885,"t=22.27,h=36.83,p=1011.24",46293,120.60,True
2886,"t=22.27,h=36.85,p=1011.25",46285,96.10,True
2887,"t=22.27,h=36.85,p=1011.25",46280,144.70,True
2888,"t=22.26,h=36.84,p=1011.27",46294,353.40,True
2889,"t=22.26,h=36.84,p=1011.27",46288,94.70,True
2890,"t=22.27,h=36.84,p=1011.29",46276,334.00,True
2891,"t=22.27,h=36.84,p=1011.29",46287,228.60,True
2892,"t=22.26,h=36.83,p=1011.26",46284,324.00,True
2893,"t=22.26,h=36.83,p=1011.26",46288,335.60,True
2894,"t=22.27,h=36.83,p=1011.26",46289,268.10,True
2895,"t=22.27,h=36.83,p=1011.26",46286,351.70,True
2896,"t=22.27,h=36.83,p=1011.30",46286,244.70,True
2897,"t=22.27,h=36.83,p=1011.30",46293,157.60,True
2898,"t=22.27,h=36.82,p=1011.26",46286,93.50,True
2899,"t=22.27,h=36.82,p=1011.26",46285,234.60,True
2900,"t=22.27,h=36.82,p=1011.27",46285,239.30,True
2901,"t=22.27,h=36.82,p=1011.27",46284,210.80,True
2902,"t=22.26,h=36.80,p=1011.27",46305,355.90,True
2903,"t=22.26,h=36.80,p=1011.27",46285,226.30,True
2904,"t=22.26,h=36.79,p=1011.27",46285,96.20,True
2905,"t=22.26,h=36.79,p=1011.27",46276,109.20,True
2906,"t=22.25,h=36.79,p=1011.27",46276,268.30,True
2907,"t=22.25,h=36.79,p=1011.27",46285,216.00,True
2908,"t=22.25,h=36.78,p=1011.22",46279,328.20,True
2909,"t=22.25,h=36.78,p=1011.22",46283,96.00,True
2910,"t=22.25,h=36.78,p=1011.24",46274,94.90,True
2911,"t=22.25,h=36.78,p=1011.24",46273,93.40,True
2912,"t=22.27,h=36.77,p=1011.26",46273,268.50,True
2913,"t=22.27,h=36.77,p=1011.26",46281,214.60,True
2914,"t=22.27,h=36.77,p=1011.26",46275,161.00,True
2915,"t=22.25,h=36.76,p=1011.24",46287,98.20,True
2916,"t=22.25,h=36.76,p=1011.24",46278,356.20,True
2917,"t=22.26,h=36.76,p=1011.25",46287,174.80,True
2918,"t=22.26,h=36.76,p=1011.25",46309,336.00,True
2919,"t=22.25,h=36.76,p=1011.24",46286,258.00,True
2920,"t=22.25,h=36.76,p=1011.24",46280,95.10,True
2921,"t=22.27,h=36.75,p=1011.25",46305,341.50,True
2922,"t=22.27,h=36.75,p=1011.25",46286,95.90,True
2923,"t=22.26,h=36.75,p=1011.25",46278,136.90,True
2924,"t=22.26,h=36.75,p=1011.25",46287,96.40,True
2925,"t=22.26,h=36.75,p=1011.26",46287,148.10,True
2926,"t=22.26,h=36.75,p=1011.26",46293,104.60,True
2927,"t=22.26,h=36.76,p=1011.27",46286,266.20,True
2928,"t=22.26,h=36.76,p=1011.27",46291,96.70,True
2929,"t=22.26,h=36.71,p=1011.26",46293,146.80,True
2930,"t=22.26,h=36.71,p=1011.26",46294,95.90,True
2931,"t=22.26,h=36.72,p=1011.25",46292,345.80,True
2932,"t=22.26,h=36.72,p=1011.25",46283,145.80,True
2933,"t=22.26,h=36.72,p=1011.26",46277,96.60,True
2934,"t=22.26,h=36.72,p=1011.26",46281,335.40,True
2935,"t=22.26,h=36.72,p=1011.25",46284,336.70,True
2936,"t=22.26,h=36.72,p=1011.25",46275,334.80,True
2937,"t=22.26,h=36.72,p=1011.27",46282,294.10,True
2938,"t=22.26,h=36.72,p=1011.27",46281,119.60,True
2939,"t=22.27,h=36.71,p=1011.27",46284,126.00,True
2940,"t=22.27,h=36.71,p=1011.27",46287,95.40,True
2941,"t=22.26,h=36.70,p=1011.29",46267,98.50,True
2942,"t=22.26,h=36.70,p=1011.29",46276,93.60,True
2943,"t=22.27,h=36.70,p=1011.29",46279,143.90,True
2944,"t=22.27,h=36.70,p=1011.29",46297,96.50,True
2945,"t=22.26,h=36.71,p=1011.26",46284,95.70,True
2946,"t=22.26,h=36.71,p=1011.26",46285,95.10,True
2947,"t=22.26,h=36.70,p=1011.28",46280,329.60,True
2948,"t=22.26,h=36.70,p=1011.28",46294,295.10,True
2949,"t=22.25,h=36.70,p=1011.23",46282,139.60,True
2950,"t=22.25,h=36.70,p=1011.23",46295,97.10,True
2951,"t=22.25,h=36.70,p=1011.24",46273,372.90,True
2952,"t=22.25,h=36.70,p=1011.24",46288,269.40,True
2953,"t=22.26,h=36.70,p=1011.25",46293,105.40,True
2954,"t=22.26,h=36.70,p=1011.25",46278,151.90,True
2955,"t=22.27,h=36.71,p=1011.29",46289,96.70,True
2956,"t=22.27,h=36.71,p=1011.29",46272,96.70,True
2957,"t=22.26,h=36.71,p=1011.26",46287,146.70,True
2958,"t=22.26,h=36.71,p=1011.26",46295,170.10,True
2959,"t=22.27,h=36.70,p=1011.26",46291,94.80,True
2960,"t=22.27,h=36.70,p=1011.26",46279,348.60,True
2961,"t=22.27,h=36.70,p=1011.26",46294,288.90,True
2962,"t=22.27,h=36.70,p=1011.26",46282,150.50,True
2963,"t=22.27,h=36.71,p=1011.31",46286,156.70,True
2964,"t=22.27,h=36.71,p=1011.31",46282,95.70,True
2965,"t=22.27,h=36.71,p=1011.31",46274,93.70,True
2966,"t=22.27,h=36.70,p=1011.28",46283,388.00,True
2967,"t=22.27,h=36.70,p=1011.28",46292,96.70,True
2968,"t=22.27,h=36.69,p=1011.29",46296,97.30,True
2969,"t=22.27,h=36.69,p=1011.29",46283,93.20,True
2970,"t=22.27,h=36.69,p=1011.28",46279,348.60,True
2971,"t=22.27,h=36.69,p=1011.28",46288,354.50,True
2972,"t=22.27,h=36.69,p=1011.27",46287,146.00,True
2973,"t=22.27,h=36.69,p=1011.27",46285,272.40,True
2974,"t=22.27,h=36.70,p=1011.26",46288,229.10,True
2975,"t=22.27,h=36.70,p=1011.26",46301,254.50,True
2976,"t=22.27,h=36.67,p=1011.30",46283,96.70,True
2977,"t=22.27,h=36.67,p=1011.30",46278,352.80,True
2978,"t=22.27,h=36.69,p=1011.26",46288,293.40,True
2979,"t=22.27,h=36.69,p=1011.26",46278,152.70,True
2980,"t=22.27,h=36.69,p=1011.26",46284,115.20,True
2981,"t=22.27,h=36.69,p=1011.26",46284,251.40,True
2982,"t=22.27,h=36.67,p=1011.29",46292,96.80,True
2983,"t=22.27,h=36.67,p=1011.29",46290,176.40,True
2984,"t=22.27,h=36.67,p=1011.26",46285,99.40,True
2985,"t=22.27,h=36.67,p=1011.26",46283,356.30,True
2986,"t=22.26,h=36.65,p=1011.23",46283,96.80,True
2987,"t=22.26,h=36.65,p=1011.23",46275,95.80,True
2988,"t=22.25,h=36.66,p=1011.24",46276,120.50,True
2989,"t=22.25,h=36.66,p=1011.24",46286,359.50,True
2990,"t=22.26,h=36.63,p=1011.22",46290,159.90,True
2991,"t=22.26,h=36.63,p=1011.22",46286,274.40,True
2992,"t=22.27,h=36.65,p=1011.26",46293,294.80,True
2993,"t=22.27,h=36.65,p=1011.26",46287,208.20,True
2994,"t=22.27,h=36.65,p=1011.28",46278,327.90,True
2995,"t=22.27,h=36.65,p=1011.28",46283,291.00,True
2996,"t=22.26,h=36.64,p=1011.22",46285,359.00,True
2997,"t=22.26,h=36.64,p=1011.22",46287,97.00,True
2998,"t=22.27,h=36.63,p=1011.24",46274,146.10,True
2999,"t=22.27,h=36.63,p=1011.24",46281,95.60,True
