Entry,Message,SignTime_uS,VerifyTime_uS,Valid
0,"t=21.77,h=36.06,p=1011.36",46292,469.90,True
1,"t=21.77,h=36.06,p=1011.36",46290,300.00,True
2,"t=21.77,h=36.06,p=1011.39",46271,266.60,True
3,"t=21.77,h=36.06,p=1011.39",46273,358.20,True
4,"t=21.77,h=36.07,p=1011.35",46290,367.10,True
5,"t=21.77,h=36.07,p=1011.35",46286,287.40,True
6,"t=21.77,h=36.07,p=1011.34",46281,250.80,True
7,"t=21.77,h=36.07,p=1011.34",46285,269.80,True
8,"t=21.74,h=36.05,p=1011.29",46279,333.00,True
9,"t=21.74,h=36.05,p=1011.29",46279,350.10,True
10,"t=21.77,h=36.07,p=1011.33",46290,138.80,True
11,"t=21.77,h=36.07,p=1011.33",46285,214.60,True
12,"t=21.77,h=36.07,p=1011.34",46280,212.80,True
13,"t=21.77,h=36.07,p=1011.34",46275,210.90,True
14,"t=21.77,h=36.07,p=1011.35",46278,342.10,True
15,"t=21.77,h=36.07,p=1011.35",46314,261.30,True
16,"t=21.77,h=36.07,p=1011.33",46284,215.10,True
17,"t=21.77,h=36.07,p=1011.33",46275,212.90,True
18,"t=21.77,h=36.07,p=1011.33",46276,350.80,True
19,"t=21.77,h=36.07,p=1011.32",46286,293.80,True
20,"t=21.77,h=36.07,p=1011.32",46277,321.70,True
21,"t=21.77,h=36.06,p=1011.34",46289,95.00,True
22,"t=21.77,h=36.06,p=1011.34",46285,344.40,True
23,"t=21.77,h=36.06,p=1011.33",46291,190.30,True
24,"t=21.77,h=36.06,p=1011.33",46281,143.80,True
25,"t=21.78,h=36.06,p=1011.32",46293,328.70,True
26,"t=21.78,h=36.06,p=1011.32",46285,296.30,True
27,"t=21.77,h=36.04,p=1011.34",46279,271.70,True
28,"t=21.77,h=36.04,p=1011.34",46285,115.10,True
29,"t=21.77,h=36.04,p=1011.32",46278,310.70,True
30,"t=21.77,h=36.04,p=1011.32",46285,155.20,True
31,"t=21.77,h=36.02,p=1011.32",46289,95.50,True
32,"t=21.77,h=36.02,p=1011.32",46279,141.20,True
33,"t=21.77,h=36.04,p=1011.32",46279,358.20,True
34,"t=21.77,h=36.04,p=1011.32",46285,367.90,True
35,"t=21.77,h=36.07,p=1011.31",46290,200.20,True
36,"t=21.77,h=36.07,p=1011.31",46284,96.40,True
37,"t=21.77,h=36.04,p=1011.31",46276,93.00,True
38,"t=21.77,h=36.04,p=1011.31",46274,267.70,True
39,"t=21.77,h=36.03,p=1011.32",46293,212.10,True
40,"t=21.77,h=36.03,p=1011.32",46314,152.40,True
41,"t=21.77,h=36.02,p=1011.32",46299,118.60,True
42,"t=21.77,h=36.02,p=1011.32",46285,301.10,True
43,"t=21.77,h=36.03,p=1011.33",46285,354.50,True
44,"t=21.77,h=36.03,p=1011.33",46283,224.90,True
45,"t=21.77,h=36.06,p=1011.33",46293,352.50,True
46,"t=21.77,h=36.06,p=1011.33",46290,345.70,True
47,"t=21.76,h=36.03,p=1011.31",46290,298.80,True
48,"t=21.76,h=36.03,p=1011.31",46280,302.80,True
49,"t=21.75,h=36.04,p=1011.27",46286,366.20,True
50,"t=21.75,h=36.04,p=1011.27",46288,142.10,True
51,"t=21.77,h=36.04,p=1011.30",46290,120.50,True
52,"t=21.77,h=36.04,p=1011.30",46294,309.50,True
53,"t=21.77,h=36.04,p=1011.29",46289,274.90,True
54,"t=21.77,h=36.04,p=1011.29",46290,102.70,True
55,"t=21.77,h=36.04,p=1011.30",46277,95.60,True
56,"t=21.77,h=36.04,p=1011.30",46280,94.30,True
57,"t=21.77,h=36.04,p=1011.29",46281,279.30,True
58,"t=21.77,h=36.04,p=1011.29",46291,216.70,True
59,"t=21.77,h=36.06,p=1011.28",46284,329.60,True
60,"t=21.77,h=36.06,p=1011.28",46294,264.90,True
61,"t=21.77,h=36.06,p=1011.30",46286,123.30,True
62,"t=21.77,h=36.06,p=1011.30",46284,94.60,True
63,"t=21.77,h=36.06,p=1011.29",46273,94.50,True
64,"t=21.77,h=36.06,p=1011.29",46270,93.90,True
65,"t=21.77,h=36.06,p=1011.29",46274,352.20,True
66,"t=21.77,h=36.06,p=1011.29",46288,102.20,True
67,"t=21.77,h=36.06,p=1011.27",46277,359.50,True
68,"t=21.77,h=36.06,p=1011.27",46290,202.30,True
69,"t=21.77,h=36.06,p=1011.26",46281,325.90,True
70,"t=21.77,h=36.06,p=1011.26",46293,142.00,True
71,"t=21.77,h=36.06,p=1011.25",46288,95.10,True
72,"t=21.77,h=36.06,p=1011.25",46282,326.40,True
73,"t=21.77,h=36.06,p=1011.25",46289,260.40,True
74,"t=21.77,h=36.06,p=1011.29",46279,332.10,True
75,"t=21.77,h=36.06,p=1011.29",46277,212.90,True
76,"t=21.77,h=36.09,p=1011.27",46304,344.90,True
77,"t=21.77,h=36.09,p=1011.27",46287,279.00,True
78,"t=21.78,h=36.07,p=1011.31",46296,357.20,True
79,"t=21.78,h=36.07,p=1011.31",46293,215.30,True
80,"t=21.77,h=36.07,p=1011.30",46288,208.30,True
81,"t=21.77,h=36.07,p=1011.30",46297,319.90,True
82,"t=21.77,h=36.07,p=1011.29",46294,353.20,True
83,"t=21.77,h=36.07,p=1011.29",46287,266.90,True
84,"t=21.75,h=36.08,p=1011.26",46285,214.30,True
85,"t=21.75,h=36.08,p=1011.26",46279,145.10,True
86,"t=21.77,h=36.06,p=1011.28",46282,95.30,True
87,"t=21.77,h=36.06,p=1011.28",46288,369.30,True
88,"t=21.77,h=36.08,p=1011.30",46290,138.00,True
89,"t=21.77,h=36.08,p=1011.30",46290,264.00,True
90,"t=21.73,h=36.05,p=1011.21",46282,218.90,True
91,"t=21.73,h=36.05,p=1011.21",46307,211.80,True
92,"t=21.75,h=36.07,p=1011.27",46279,355.70,True
93,"t=21.75,h=36.07,p=1011.27",46293,315.00,True
94,"t=21.77,h=36.07,p=1011.25",46283,196.00,True
95,"t=21.77,h=36.07,p=1011.25",46285,94.50,True
96,"t=21.78,h=36.07,p=1011.28",46275,95.40,True
97,"t=21.78,h=36.07,p=1011.28",46278,94.90,True
98,"t=21.78,h=36.06,p=1011.31",46275,95.50,True
99,"t=21.78,h=36.06,p=1011.31",46281,132.10,True
100,"t=21.77,h=36.07,p=1011.30",46287,341.30,True
101,"t=21.77,h=36.07,p=1011.30",46299,332.00,True
102,"t=21.78,h=36.04,p=1011.31",46281,120.10,True
103,"t=21.78,h=36.04,p=1011.31",46283,94.90,True
104,"t=21.78,h=36.04,p=1011.33",46281,310.10,True
105,"t=21.78,h=36.04,p=1011.33",46290,225.20,True
106,"t=21.78,h=36.06,p=1011.29",46280,210.60,True
107,"t=21.78,h=36.06,p=1011.29",46277,228.30,True
108,"t=21.77,h=36.03,p=1011.29",46288,95.90,True
109,"t=21.77,h=36.03,p=1011.29",46275,327.20,True
110,"t=21.77,h=36.04,p=1011.30",46292,294.60,True
111,"t=21.77,h=36.04,p=1011.30",46278,245.90,True
112,"t=21.78,h=36.04,p=1011.35",46295,214.50,True
113,"t=21.78,h=36.04,p=1011.35",46281,122.20,True
114,"t=21.77,h=36.04,p=1011.31",46287,120.10,True
115,"t=21.77,h=36.04,p=1011.31",46281,357.10,True
116,"t=21.78,h=36.03,p=1011.32",46288,126.50,True
117,"t=21.78,h=36.03,p=1011.32",46279,347.10,True
118,"t=21.78,h=36.03,p=1011.32",46286,94.70,True
119,"t=21.78,h=36.03,p=1011.32",46279,335.80,True
120,"t=21.77,h=36.04,p=1011.32",46286,170.90,True
121,"t=21.77,h=36.04,p=1011.32",46279,334.10,True
122,"t=21.78,h=36.04,p=1011.32",46281,221.40,True
123,"t=21.78,h=36.04,p=1011.32",46274,211.90,True
124,"t=21.78,h=36.04,p=1011.32",46308,343.50,True
125,"t=21.77,h=36.03,p=1011.31",46295,293.90,True
126,"t=21.77,h=36.03,p=1011.31",46278,191.30,True
127,"t=21.76,h=36.04,p=1011.30",46292,114.50,True
128,"t=21.76,h=36.04,p=1011.30",46281,381.40,True
129,"t=21.78,h=36.07,p=1011.32",46287,105.00,True
130,"t=21.78,h=36.07,p=1011.32",46284,342.50,True
131,"t=21.78,h=36.06,p=1011.33",46283,292.10,True
132,"t=21.78,h=36.06,p=1011.33",46275,158.30,True
133,"t=21.77,h=36.06,p=1011.33",46290,240.90,True
134,"t=21.77,h=36.06,p=1011.33",46291,211.70,True
135,"t=21.77,h=36.08,p=1011.34",46278,217.40,True
136,"t=21.77,h=36.08,p=1011.34",46279,341.40,True
137,"t=21.77,h=36.09,p=1011.33",46288,228.90,True
138,"t=21.77,h=36.09,p=1011.33",46286,206.60,True
139,"t=21.78,h=36.08,p=1011.34",46276,417.10,True
140,"t=21.78,h=36.08,p=1011.34",46292,207.60,True
141,"t=21.78,h=36.10,p=1011.36",46277,143.70,True
142,"t=21.78,h=36.10,p=1011.36",46288,161.20,True
143,"t=21.78,h=36.09,p=1011.34",46291,295.60,True
144,"t=21.78,h=36.09,p=1011.34",46291,96.40,True
145,"t=21.78,h=36.09,p=1011.34",46284,243.00,True
146,"t=21.78,h=36.09,p=1011.34",46293,216.00,True
147,"t=21.78,h=36.10,p=1011.37",46287,351.40,True
148,"t=21.78,h=36.10,p=1011.37",46295,290.60,True
149,"t=21.78,h=36.11,p=1011.34",46278,313.00,True
150,"t=21.78,h=36.11,p=1011.34",46288,345.70,True
151,"t=21.78,h=36.07,p=1011.31",46295,111.80,True
152,"t=21.78,h=36.07,p=1011.31",46284,145.70,True
153,"t=21.78,h=36.09,p=1011.31",46292,96.50,True
154,"t=21.78,h=36.09,p=1011.31",46284,345.40,True
155,"t=21.78,h=36.09,p=1011.32",46286,97.80,True
156,"t=21.78,h=36.09,p=1011.32",46283,352.20,True
157,"t=21.78,h=36.07,p=1011.34",46303,208.70,True
158,"t=21.78,h=36.07,p=1011.34",46295,272.00,True
159,"t=21.78,h=36.10,p=1011.33",46289,176.40,True
160,"t=21.78,h=36.10,p=1011.33",46285,285.40,True
161,"t=21.78,h=36.10,p=1011.33",46288,214.70,True
162,"t=21.78,h=36.10,p=1011.33",46286,327.30,True
163,"t=21.77,h=36.09,p=1011.32",46284,199.70,True
164,"t=21.77,h=36.09,p=1011.32",46283,354.10,True
165,"t=21.77,h=36.10,p=1011.31",46285,95.60,True
166,"t=21.77,h=36.10,p=1011.31",46297,307.40,True
167,"t=21.77,h=36.09,p=1011.34",46291,143.50,True
168,"t=21.77,h=36.09,p=1011.34",46281,146.50,True
169,"t=21.76,h=36.10,p=1011.32",46287,96.90,True
170,"t=21.76,h=36.10,p=1011.32",46277,94.30,True
171,"t=21.78,h=36.09,p=1011.37",46281,143.40,True
172,"t=21.78,h=36.09,p=1011.37",46286,354.60,True
173,"t=21.78,h=36.10,p=1011.38",46282,96.80,True
174,"t=21.78,h=36.10,p=1011.38",46271,327.50,True
175,"t=21.78,h=36.09,p=1011.36",46291,277.70,True
176,"t=21.78,h=36.09,p=1011.36",46288,217.00,True
177,"t=21.78,h=36.10,p=1011.36",46280,327.30,True
178,"t=21.78,h=36.10,p=1011.36",46290,352.30,True
179,"t=21.78,h=36.10,p=1011.36",46284,290.70,True
180,"t=21.77,h=36.09,p=1011.35",46291,243.60,True
181,"t=21.77,h=36.09,p=1011.35",46286,353.20,True
182,"t=21.77,h=36.08,p=1011.37",46293,344.30,True
183,"t=21.77,h=36.08,p=1011.37",46291,94.70,True
184,"t=21.78,h=36.10,p=1011.39",46276,268.50,True
185,"t=21.78,h=36.10,p=1011.39",46287,335.60,True
186,"t=21.78,h=36.11,p=1011.38",46284,211.80,True
187,"t=21.78,h=36.11,p=1011.38",46282,206.20,True
188,"t=21.78,h=36.09,p=1011.37",46279,339.80,True
189,"t=21.78,h=36.09,p=1011.37",46288,200.30,True
190,"t=21.78,h=36.09,p=1011.37",46285,358.40,True
191,"t=21.78,h=36.09,p=1011.37",46286,274.60,True
192,"t=21.78,h=36.10,p=1011.37",46287,326.50,True
193,"t=21.78,h=36.10,p=1011.37",46299,351.00,True
194,"t=21.78,h=36.09,p=1011.35",46291,349.60,True
195,"t=21.78,h=36.09,p=1011.35",46287,144.00,True
196,"t=21.78,h=36.10,p=1011.41",46290,95.90,True
197,"t=21.78,h=36.10,p=1011.41",46282,329.70,True
198,"t=21.78,h=36.09,p=1011.38",46289,184.20,True
199,"t=21.78,h=36.09,p=1011.38",46289,361.10,True
200,"t=21.77,h=36.09,p=1011.40",46282,273.80,True
201,"t=21.77,h=36.09,p=1011.40",46288,140.00,True
202,"t=21.77,h=36.11,p=1011.40",46288,96.80,True
203,"t=21.77,h=36.11,p=1011.40",46307,362.50,True
204,"t=21.78,h=36.08,p=1011.40",46319,356.20,True
205,"t=21.78,h=36.08,p=1011.40",46300,359.30,True
206,"t=21.77,h=36.09,p=1011.39",46298,356.10,True
207,"t=21.77,h=36.09,p=1011.39",46286,294.40,True
208,"t=21.78,h=36.10,p=1011.40",46292,96.80,True
209,"t=21.78,h=36.10,p=1011.40",46274,93.10,True
210,"t=21.78,h=36.07,p=1011.38",46284,370.00,True
211,"t=21.78,h=36.07,p=1011.38",46286,310.30,True
212,"t=21.78,h=36.07,p=1011.40",46280,212.90,True
213,"t=21.78,h=36.07,p=1011.40",46268,210.40,True
214,"t=21.78,h=36.07,p=1011.40",46278,362.50,True
215,"t=21.78,h=36.07,p=1011.40",46280,215.00,True
216,"t=21.78,h=36.07,p=1011.38",46284,321.00,True
217,"t=21.78,h=36.07,p=1011.38",46284,97.10,True
218,"t=21.78,h=36.07,p=1011.36",46290,269.80,True
219,"t=21.78,h=36.07,p=1011.36",46284,265.90,True
220,"t=21.78,h=36.07,p=1011.37",46283,220.40,True
221,"t=21.78,h=36.07,p=1011.37",46273,185.20,True
222,"t=21.78,h=36.08,p=1011.39",46275,92.20,True
223,"t=21.78,h=36.08,p=1011.39",46279,347.20,True
224,"t=21.78,h=36.07,p=1011.36",46287,337.50,True
225,"t=21.78,h=36.07,p=1011.36",46280,96.20,True
226,"t=21.78,h=36.07,p=1011.37",46273,96.20,True
227,"t=21.78,h=36.07,p=1011.37",46274,357.20,True
228,"t=21.78,h=36.07,p=1011.41",46289,94.70,True
229,"t=21.78,h=36.07,p=1011.41",46283,350.30,True
230,"t=21.78,h=36.07,p=1011.39",46279,305.70,True
231,"t=21.78,h=36.07,p=1011.39",46285,357.70,True
232,"t=21.78,h=36.07,p=1011.39",46278,278.90,True
233,"t=21.78,h=36.07,p=1011.38",46302,356.70,True
234,"t=21.78,h=36.07,p=1011.38",46286,98.20,True
235,"t=21.78,h=36.08,p=1011.37",46279,94.10,True
236,"t=21.78,h=36.08,p=1011.37",46289,509.50,True
237,"t=21.78,h=36.06,p=1011.38",46282,97.90,True
238,"t=21.78,h=36.06,p=1011.38",46270,293.70,True
239,"t=21.76,h=36.06,p=1011.37",46284,160.50,True
240,"t=21.76,h=36.06,p=1011.37",46286,118.10,True
241,"t=21.78,h=36.03,p=1011.41",46275,96.30,True
242,"t=21.78,h=36.03,p=1011.41",46282,347.90,True
243,"t=21.78,h=36.04,p=1011.39",46283,96.40,True
244,"t=21.78,h=36.04,p=1011.39",46280,142.40,True
245,"t=21.78,h=36.06,p=1011.38",46283,346.10,True
246,"t=21.78,h=36.06,p=1011.38",46279,281.50,True
247,"t=21.78,h=36.04,p=1011.39",46272,95.90,True
248,"t=21.78,h=36.04,p=1011.39",46280,260.80,True
249,"t=21.78,h=36.04,p=1011.40",46280,212.20,True
250,"t=21.78,h=36.04,p=1011.40",46280,208.30,True
251,"t=21.77,h=36.03,p=1011.38",46272,341.60,True
252,"t=21.77,h=36.03,p=1011.38",46282,95.70,True
253,"t=21.78,h=36.04,p=1011.40",46274,153.40,True
254,"t=21.78,h=36.04,p=1011.40",46282,116.60,True
255,"t=21.78,h=36.04,p=1011.40",46276,325.30,True
256,"t=21.78,h=36.04,p=1011.40",46284,211.30,True
257,"t=21.78,h=36.04,p=1011.41",46279,323.10,True
258,"t=21.78,h=36.04,p=1011.41",46292,301.90,True
259,"t=21.78,h=36.04,p=1011.45",46280,262.70,True
260,"t=21.78,h=36.04,p=1011.45",46284,215.00,True
261,"t=21.78,h=36.01,p=1011.42",46285,343.50,True
262,"t=21.78,h=36.01,p=1011.42",46287,218.60,True
263,"t=21.78,h=36.01,p=1011.37",46283,214.50,True
264,"t=21.78,h=36.01,p=1011.37",46306,328.60,True
265,"t=21.78,h=36.06,p=1011.42",46297,352.50,True
266,"t=21.78,h=36.06,p=1011.42",46286,144.20,True
267,"t=21.78,h=36.01,p=1011.40",46272,95.50,True
268,"t=21.78,h=36.01,p=1011.40",46275,156.60,True
269,"t=21.78,h=36.01,p=1011.40",46282,94.70,True
270,"t=21.78,h=36.01,p=1011.40",46276,347.80,True
271,"t=21.78,h=36.01,p=1011.43",46289,271.70,True
272,"t=21.78,h=36.01,p=1011.43",46288,218.70,True
273,"t=21.78,h=36.01,p=1011.39",46276,227.20,True
274,"t=21.78,h=36.01,p=1011.39",46289,95.90,True
275,"t=21.78,h=36.01,p=1011.39",46276,404.20,True
276,"t=21.78,h=36.01,p=1011.39",46290,195.30,True
277,"t=21.78,h=36.00,p=1011.37",46279,96.30,True
278,"t=21.78,h=36.00,p=1011.37",46283,93.40,True
279,"t=21.78,h=36.00,p=1011.41",46283,144.40,True
280,"t=21.78,h=36.00,p=1011.41",46293,196.40,True
281,"t=21.78,h=36.00,p=1011.38",46284,215.20,True
282,"t=21.78,h=36.00,p=1011.38",46282,214.10,True
283,"t=21.78,h=35.99,p=1011.40",46280,119.70,True
284,"t=21.79,h=35.99,p=1011.40",46286,96.70,True
285,"t=21.79,h=35.99,p=1011.40",46288,329.70,True
286,"t=21.78,h=35.98,p=1011.38",46289,131.10,True
287,"t=21.78,h=35.98,p=1011.38",46278,348.00,True
288,"t=21.78,h=35.98,p=1011.39",46286,98.70,True
289,"t=21.78,h=35.98,p=1011.39",46278,95.00,True
290,"t=21.78,h=35.99,p=1011.40",46295,143.70,True
291,"t=21.78,h=35.99,p=1011.40",46285,95.90,True
292,"t=21.78,h=35.99,p=1011.38",46299,342.90,True
293,"t=21.78,h=35.99,p=1011.38",46287,291.40,True
294,"t=21.78,h=35.99,p=1011.40",46278,325.10,True
295,"t=21.78,h=35.99,p=1011.40",46290,96.40,True
296,"t=21.78,h=35.98,p=1011.42",46297,341.30,True
297,"t=21.78,h=35.98,p=1011.42",46285,195.30,True
298,"t=21.78,h=35.94,p=1011.43",46285,353.70,True
299,"t=21.78,h=35.94,p=1011.43",46295,126.30,True
300,"t=21.78,h=35.96,p=1011.39",46284,97.90,True
301,"t=21.78,h=35.96,p=1011.39",46273,349.10,True
302,"t=21.78,h=35.96,p=1011.39",46288,324.80,True
303,"t=21.78,h=35.96,p=1011.39",46280,244.30,True
304,"t=21.78,h=35.95,p=1011.39",46292,282.30,True
305,"t=21.78,h=35.95,p=1011.39",46286,168.50,True
306,"t=21.78,h=35.94,p=1011.39",46299,118.20,True
307,"t=21.78,h=35.94,p=1011.39",46294,349.60,True
308,"t=21.78,h=35.94,p=1011.41",46297,97.50,True
309,"t=21.78,h=35.94,p=1011.41",46293,171.10,True
310,"t=21.78,h=35.94,p=1011.41",46297,96.60,True
311,"t=21.78,h=35.94,p=1011.41",46296,193.40,True
312,"t=21.78,h=35.94,p=1011.42",46280,96.70,True
313,"t=21.78,h=35.94,p=1011.42",46278,329.40,True
314,"t=21.77,h=35.95,p=1011.37",46288,149.00,True
315,"t=21.77,h=35.95,p=1011.37",46289,347.70,True
316,"t=21.78,h=35.96,p=1011.39",46287,213.70,True
317,"t=21.78,h=35.96,p=1011.39",46274,315.20,True
318,"t=21.78,h=35.93,p=1011.40",46296,351.00,True
319,"t=21.78,h=35.93,p=1011.40",46289,354.80,True
320,"t=21.78,h=35.94,p=1011.37",46288,360.30,True
321,"t=21.78,h=35.94,p=1011.37",46285,242.80,True
322,"t=21.78,h=35.94,p=1011.39",46290,354.60,True
323,"t=21.78,h=35.94,p=1011.39",46299,241.60,True
324,"t=21.78,h=35.94,p=1011.40",46282,212.90,True
325,"t=21.78,h=35.94,p=1011.40",46280,213.60,True
326,"t=21.78,h=35.93,p=1011.38",46273,297.20,True
327,"t=21.78,h=35.93,p=1011.38",46287,292.00,True
328,"t=21.78,h=35.93,p=1011.40",46290,348.20,True
329,"t=21.78,h=35.93,p=1011.40",46294,220.70,True
330,"t=21.79,h=35.93,p=1011.39",46271,343.50,True
331,"t=21.79,h=35.93,p=1011.39",46279,344.30,True
332,"t=21.79,h=35.93,p=1011.40",46319,143.20,True
333,"t=21.79,h=35.93,p=1011.40",46294,96.00,True
334,"t=21.78,h=35.93,p=1011.41",46280,95.70,True
335,"t=21.78,h=35.93,p=1011.41",46284,328.20,True
336,"t=21.78,h=35.92,p=1011.43",46292,245.80,True
337,"t=21.78,h=35.92,p=1011.43",46286,348.90,True
338,"t=21.78,h=35.93,p=1011.44",46286,386.70,True
339,"t=21.78,h=35.93,p=1011.44",46283,130.80,True
340,"t=21.78,h=35.93,p=1011.44",46275,94.70,True
341,"t=21.78,h=35.92,p=1011.40",46276,359.10,True
342,"t=21.78,h=35.92,p=1011.40",46281,193.40,True
343,"t=21.79,h=35.91,p=1011.42",46284,351.90,True
344,"t=21.79,h=35.91,p=1011.42",46289,229.30,True
345,"t=21.78,h=35.89,p=1011.38",46279,144.50,True
346,"t=21.78,h=35.89,p=1011.38",46285,94.60,True
347,"t=21.78,h=35.94,p=1011.39",46299,281.10,True
348,"t=21.78,h=35.94,p=1011.39",46303,332.40,True
349,"t=21.78,h=35.92,p=1011.41",46283,95.80,True
350,"t=21.78,h=35.92,p=1011.41",46282,94.40,True
351,"t=21.79,h=35.91,p=1011.42",46279,95.50,True
352,"t=21.79,h=35.91,p=1011.42",46282,351.20,True
353,"t=21.78,h=35.91,p=1011.42",46291,240.90,True
354,"t=21.78,h=35.91,p=1011.42",46293,215.70,True
355,"t=21.78,h=35.88,p=1011.45",46274,216.00,True
356,"t=21.78,h=35.88,p=1011.45",46280,192.40,True
357,"t=21.78,h=35.89,p=1011.42",46285,98.60,True
358,"t=21.78,h=35.89,p=1011.42",46280,140.80,True
359,"t=21.78,h=35.91,p=1011.42",46290,96.70,True
360,"t=21.78,h=35.91,p=1011.42",46288,143.80,True
361,"t=21.77,h=35.89,p=1011.40",46287,363.70,True
362,"t=21.77,h=35.89,p=1011.40",46281,213.40,True
363,"t=21.78,h=35.91,p=1011.42",46281,350.50,True
364,"t=21.78,h=35.91,p=1011.42",46292,266.70,True
365,"t=21.78,h=35.89,p=1011.38",46287,213.70,True
366,"t=21.78,h=35.89,p=1011.38",46277,206.70,True
367,"t=21.78,h=35.89,p=1011.41",46282,189.40,True
368,"t=21.78,h=35.89,p=1011.41",46285,97.10,True
369,"t=21.78,h=35.88,p=1011.40",46288,351.00,True
370,"t=21.78,h=35.88,p=1011.40",46290,227.00,True
371,"t=21.78,h=35.89,p=1011.41",46291,98.00,True
372,"t=21.78,h=35.89,p=1011.41",46276,94.60,True
373,"t=21.78,h=35.88,p=1011.41",46279,339.20,True
374,"t=21.78,h=35.88,p=1011.41",46280,224.00,True
375,"t=21.78,h=35.89,p=1011.38",46281,143.20,True
376,"t=21.78,h=35.89,p=1011.38",46305,95.40,True
377,"t=21.78,h=35.88,p=1011.40",46281,207.80,True
378,"t=21.78,h=35.88,p=1011.40",46296,95.70,True
379,"t=21.78,h=35.88,p=1011.42",46270,95.00,True
380,"t=21.78,h=35.88,p=1011.42",46277,325.50,True
381,"t=21.78,h=35.88,p=1011.41",46282,326.80,True
382,"t=21.78,h=35.88,p=1011.41",46280,122.90,True
383,"t=21.78,h=35.88,p=1011.40",46279,95.30,True
384,"t=21.78,h=35.88,p=1011.40",46287,94.20,True
385,"t=21.79,h=35.87,p=1011.41",46276,145.80,True
386,"t=21.79,h=35.87,p=1011.41",46285,96.40,True
387,"t=21.78,h=35.88,p=1011.43",46285,168.80,True
388,"t=21.78,h=35.88,p=1011.43",46287,358.90,True
389,"t=21.76,h=35.88,p=1011.37",46283,394.00,True
390,"t=21.76,h=35.88,p=1011.37",46282,299.50,True
391,"t=21.79,h=35.88,p=1011.40",46299,245.50,True
392,"t=21.79,h=35.88,p=1011.40",46283,212.60,True
393,"t=21.79,h=35.88,p=1011.40",46275,351.70,True
394,"t=21.78,h=35.89,p=1011.40",46283,162.20,True
395,"t=21.78,h=35.89,p=1011.40",46275,356.00,True
396,"t=21.78,h=35.88,p=1011.40",46289,94.90,True
397,"t=21.78,h=35.88,p=1011.40",46282,346.50,True
398,"t=21.78,h=35.87,p=1011.40",46284,271.50,True
399,"t=21.78,h=35.87,p=1011.40",46280,215.70,True
400,"t=21.79,h=35.85,p=1011.40",46280,217.30,True
401,"t=21.79,h=35.85,p=1011.40",46280,348.50,True
402,"t=21.79,h=35.88,p=1011.41",46291,293.40,True
403,"t=21.79,h=35.88,p=1011.41",46277,146.20,True
404,"t=21.79,h=35.88,p=1011.42",46287,95.20,True
405,"t=21.79,h=35.88,p=1011.42",46273,92.70,True
406,"t=21.79,h=35.87,p=1011.39",46289,147.30,True
407,"t=21.79,h=35.87,p=1011.39",46290,95.90,True
408,"t=21.79,h=35.87,p=1011.40",46286,328.30,True
409,"t=21.79,h=35.87,p=1011.40",46283,213.90,True
410,"t=21.79,h=35.88,p=1011.39",46283,144.90,True
411,"t=21.79,h=35.88,p=1011.39",46286,99.00,True
412,"t=21.79,h=35.86,p=1011.39",46287,267.80,True
413,"t=21.79,h=35.86,p=1011.39",46294,342.80,True
414,"t=21.79,h=35.86,p=1011.41",46277,216.60,True
415,"t=21.79,h=35.86,p=1011.41",46269,210.50,True
416,"t=21.79,h=35.88,p=1011.39",46278,268.30,True
417,"t=21.79,h=35.88,p=1011.39",46286,316.70,True
418,"t=21.79,h=35.87,p=1011.38",46280,96.80,True
419,"t=21.79,h=35.87,p=1011.38",46271,93.20,True
420,"t=21.79,h=35.88,p=1011.38",46276,96.40,True
421,"t=21.79,h=35.88,p=1011.38",46281,355.60,True
422,"t=21.79,h=35.88,p=1011.36",46279,190.20,True
423,"t=21.79,h=35.88,p=1011.36",46271,409.80,True
424,"t=21.78,h=35.88,p=1011.36",46284,214.90,True
425,"t=21.78,h=35.88,p=1011.36",46279,348.00,True
426,"t=21.79,h=35.90,p=1011.38",46296,102.90,True
427,"t=21.79,h=35.90,p=1011.38",46295,345.30,True
428,"t=21.77,h=35.89,p=1011.33",46285,328.00,True
429,"t=21.77,h=35.89,p=1011.33",46291,366.50,True
430,"t=21.79,h=35.88,p=1011.35",46275,97.30,True
431,"t=21.79,h=35.88,p=1011.35",46280,93.60,True
432,"t=21.79,h=35.89,p=1011.36",46287,292.90,True
433,"t=21.79,h=35.89,p=1011.36",46297,277.70,True
434,"t=21.78,h=35.89,p=1011.36",46285,352.60,True
435,"t=21.78,h=35.89,p=1011.36",46285,248.60,True
436,"t=21.79,h=35.90,p=1011.38",46304,355.10,True
437,"t=21.79,h=35.90,p=1011.38",46297,93.90,True
438,"t=21.79,h=35.91,p=1011.36",46279,94.50,True
439,"t=21.79,h=35.91,p=1011.36",46273,92.90,True
440,"t=21.79,h=35.90,p=1011.36",46285,92.80,True
441,"t=21.79,h=35.90,p=1011.36",46286,245.20,True
442,"t=21.79,h=35.91,p=1011.37",46293,353.10,True
443,"t=21.79,h=35.91,p=1011.37",46286,347.70,True
444,"t=21.79,h=35.91,p=1011.37",46289,349.50,True
445,"t=21.78,h=35.92,p=1011.33",46282,116.10,True
446,"t=21.78,h=35.92,p=1011.33",46273,93.80,True
447,"t=21.79,h=35.91,p=1011.36",46274,130.90,True
448,"t=21.79,h=35.91,p=1011.36",46283,94.50,True
449,"t=21.79,h=35.93,p=1011.39",46273,242.60,True
450,"t=21.79,h=35.93,p=1011.39",46279,385.00,True
451,"t=21.79,h=35.92,p=1011.38",46289,147.80,True
452,"t=21.79,h=35.92,p=1011.38",46279,95.30,True
453,"t=21.79,h=35.92,p=1011.37",46276,96.80,True
454,"t=21.79,h=35.92,p=1011.37",46287,280.60,True
455,"t=21.79,h=35.91,p=1011.34",46284,327.30,True
456,"t=21.79,h=35.91,p=1011.34",46279,351.30,True
457,"t=21.79,h=35.91,p=1011.35",46291,348.50,True
458,"t=21.79,h=35.91,p=1011.35",46283,142.90,True
459,"t=21.78,h=35.93,p=1011.34",46284,328.10,True
460,"t=21.78,h=35.93,p=1011.34",46287,349.30,True
461,"t=21.79,h=35.93,p=1011.34",46278,184.40,True
462,"t=21.79,h=35.93,p=1011.34",46285,300.80,True
463,"t=21.76,h=35.96,p=1011.28",46284,216.00,True
464,"t=21.76,h=35.96,p=1011.28",46277,134.90,True
465,"t=21.76,h=35.95,p=1011.28",46275,97.10,True
466,"t=21.76,h=35.95,p=1011.28",46278,328.50,True
467,"t=21.79,h=35.96,p=1011.33",46286,352.10,True
468,"t=21.79,h=35.96,p=1011.33",46293,346.60,True
469,"t=21.79,h=35.95,p=1011.35",46285,110.70,True
470,"t=21.79,h=35.95,p=1011.35",46297,190.30,True
471,"t=21.75,h=35.97,p=1011.28",46298,190.20,True
472,"t=21.75,h=35.97,p=1011.28",46290,234.70,True
473,"t=21.78,h=35.95,p=1011.30",46286,213.70,True
474,"t=21.78,h=35.95,p=1011.30",46288,208.50,True
475,"t=21.79,h=35.94,p=1011.35",46271,361.20,True
476,"t=21.79,h=35.94,p=1011.35",46278,94.00,True
477,"t=21.79,h=35.96,p=1011.34",46291,382.70,True
478,"t=21.79,h=35.96,p=1011.34",46294,341.00,True
479,"t=21.79,h=35.99,p=1011.37",46298,224.80,True
480,"t=21.79,h=35.99,p=1011.37",46288,206.80,True
481,"t=21.79,h=35.98,p=1011.35",46288,280.60,True
482,"t=21.79,h=35.98,p=1011.35",46289,316.00,True
483,"t=21.79,h=35.98,p=1011.35",46289,343.30,True
484,"t=21.79,h=35.98,p=1011.35",46291,260.90,True
485,"t=21.79,h=35.98,p=1011.33",46285,214.50,True
486,"t=21.79,h=35.98,p=1011.33",46277,350.60,True
487,"t=21.79,h=35.98,p=1011.34",46288,294.70,True
488,"t=21.79,h=35.98,p=1011.34",46306,119.70,True
489,"t=21.79,h=35.96,p=1011.35",46283,94.00,True
490,"t=21.79,h=35.96,p=1011.35",46278,137.00,True
491,"t=21.79,h=35.96,p=1011.33",46287,312.00,True
492,"t=21.79,h=35.96,p=1011.33",46284,349.50,True
493,"t=21.79,h=35.95,p=1011.33",46288,95.80,True
494,"t=21.79,h=35.95,p=1011.33",46281,262.90,True
495,"t=21.79,h=35.95,p=1011.30",46293,98.50,True
496,"t=21.79,h=35.95,p=1011.30",46283,224.20,True
497,"t=21.79,h=35.95,p=1011.32",46292,347.60,True
498,"t=21.78,h=35.94,p=1011.29",46282,276.40,True
499,"t=21.78,h=35.94,p=1011.29",46284,207.10,True
500,"t=21.79,h=35.95,p=1011.31",46282,130.00,True
501,"t=21.79,h=35.95,p=1011.31",46285,302.90,True
502,"t=21.77,h=35.96,p=1011.29",46291,97.10,True
503,"t=21.77,h=35.96,p=1011.29",46281,355.50,True
504,"t=21.79,h=35.95,p=1011.34",46289,102.90,True
505,"t=21.79,h=35.95,p=1011.34",46277,144.80,True
506,"t=21.80,h=35.94,p=1011.33",46290,268.00,True
507,"t=21.80,h=35.94,p=1011.33",46284,217.30,True
508,"t=21.79,h=35.93,p=1011.33",46275,160.10,True
509,"t=21.79,h=35.93,p=1011.33",46278,375.50,True
510,"t=21.79,h=35.93,p=1011.32",46284,199.20,True
511,"t=21.79,h=35.93,p=1011.32",46276,290.00,True
512,"t=21.78,h=35.93,p=1011.31",46293,219.00,True
513,"t=21.78,h=35.93,p=1011.31",46284,294.40,True
514,"t=21.79,h=35.93,p=1011.30",46290,285.10,True
515,"t=21.79,h=35.93,p=1011.30",46297,216.40,True
516,"t=21.79,h=35.92,p=1011.29",46274,213.40,True
517,"t=21.79,h=35.92,p=1011.29",46276,94.50,True
518,"t=21.79,h=35.93,p=1011.28",46286,357.60,True
519,"t=21.79,h=35.93,p=1011.28",46297,187.80,True
520,"t=21.79,h=35.94,p=1011.27",46278,358.50,True
521,"t=21.79,h=35.94,p=1011.27",46291,350.60,True
522,"t=21.79,h=35.92,p=1011.30",46287,350.70,True
523,"t=21.79,h=35.92,p=1011.30",46294,260.00,True
524,"t=21.79,h=35.94,p=1011.32",46286,269.00,True
525,"t=21.79,h=35.94,p=1011.32",46287,330.60,True
526,"t=21.79,h=35.95,p=1011.32",46302,99.20,True
527,"t=21.79,h=35.95,p=1011.32",46282,312.20,True
528,"t=21.79,h=35.93,p=1011.32",46288,166.30,True
529,"t=21.79,h=35.93,p=1011.32",46288,97.00,True
530,"t=21.79,h=35.91,p=1011.33",46275,97.40,True
531,"t=21.79,h=35.91,p=1011.33",46280,329.60,True
532,"t=21.79,h=35.93,p=1011.35",46293,137.90,True
533,"t=21.79,h=35.93,p=1011.35",46291,95.80,True
534,"t=21.79,h=35.93,p=1011.36",46283,94.40,True
535,"t=21.79,h=35.93,p=1011.36",46290,183.20,True
536,"t=21.79,h=35.93,p=1011.32",46292,346.90,True
537,"t=21.79,h=35.93,p=1011.32",46285,200.20,True
538,"t=21.79,h=35.93,p=1011.32",46277,95.40,True
539,"t=21.79,h=35.93,p=1011.32",46278,380.10,True
540,"t=21.79,h=35.94,p=1011.31",46283,152.40,True
541,"t=21.79,h=35.94,p=1011.31",46277,156.20,True
542,"t=21.79,h=35.94,p=1011.29",46285,96.10,True
543,"t=21.79,h=35.94,p=1011.29",46276,283.60,True
544,"t=21.79,h=35.94,p=1011.32",46290,220.60,True
545,"t=21.79,h=35.94,p=1011.32",46283,270.00,True
546,"t=21.75,h=35.94,p=1011.22",46286,216.10,True
547,"t=21.75,h=35.94,p=1011.22",46281,227.00,True
548,"t=21.79,h=35.94,p=1011.32",46306,246.30,True
549,"t=21.79,h=35.94,p=1011.32",46286,333.80,True
550,"t=21.79,h=35.95,p=1011.32",46284,282.00,True
551,"t=21.79,h=35.95,p=1011.32",46275,211.00,True
552,"t=21.79,h=35.95,p=1011.32",46282,320.10,True
553,"t=21.79,h=35.95,p=1011.34",46286,215.60,True
554,"t=21.79,h=35.95,p=1011.34",46277,140.40,True
555,"t=21.79,h=35.98,p=1011.34",46285,95.70,True
556,"t=21.79,h=35.98,p=1011.34",46278,351.70,True
557,"t=21.79,h=35.99,p=1011.35",46293,353.60,True
558,"t=21.79,h=35.99,p=1011.35",46287,248.90,True
559,"t=21.79,h=35.96,p=1011.34",46286,95.70,True
560,"t=21.79,h=35.96,p=1011.34",46289,93.80,True
561,"t=21.79,h=35.99,p=1011.33",46285,147.70,True
562,"t=21.79,h=35.99,p=1011.33",46297,344.80,True
563,"t=21.79,h=35.96,p=1011.33",46283,295.30,True
564,"t=21.79,h=35.96,p=1011.33",46280,237.00,True
565,"t=21.79,h=35.96,p=1011.32",46280,357.00,True
566,"t=21.79,h=35.96,p=1011.32",46290,94.30,True
567,"t=21.79,h=35.98,p=1011.35",46287,349.00,True
568,"t=21.79,h=35.98,p=1011.35",46295,192.30,True
569,"t=21.79,h=36.00,p=1011.34",46279,97.20,True
570,"t=21.79,h=36.00,p=1011.34",46275,94.50,True
571,"t=21.79,h=35.99,p=1011.34",46272,259.70,True
572,"t=21.79,h=35.99,p=1011.34",46310,216.30,True
573,"t=21.79,h=35.99,p=1011.33",46284,113.60,True
574,"t=21.79,h=35.99,p=1011.33",46290,143.80,True
575,"t=21.79,h=35.99,p=1011.34",46283,196.90,True
576,"t=21.79,h=35.99,p=1011.34",46285,96.70,True
577,"t=21.75,h=36.01,p=1011.28",46271,94.40,True
578,"t=21.75,h=36.01,p=1011.28",46280,353.10,True
579,"t=21.79,h=36.01,p=1011.32",46284,257.20,True
580,"t=21.79,h=36.01,p=1011.32",46285,218.80,True
581,"t=21.79,h=36.01,p=1011.36",46281,187.00,True
582,"t=21.79,h=36.01,p=1011.36",46287,350.90,True
583,"t=21.79,h=36.00,p=1011.36",46282,181.00,True
584,"t=21.79,h=36.00,p=1011.36",46283,96.10,True
585,"t=21.79,h=36.01,p=1011.32",46274,96.30,True
586,"t=21.79,h=36.01,p=1011.32",46277,94.70,True
587,"t=21.79,h=36.01,p=1011.31",46272,205.50,True
588,"t=21.79,h=36.01,p=1011.31",46287,385.00,True
589,"t=21.79,h=36.01,p=1011.35",46290,286.90,True
590,"t=21.79,h=36.01,p=1011.35",46282,93.20,True
591,"t=21.79,h=36.01,p=1011.34",46275,354.90,True
592,"t=21.79,h=36.01,p=1011.34",46290,242.60,True
593,"t=21.79,h=36.01,p=1011.33",46283,341.90,True
594,"t=21.79,h=36.01,p=1011.33",46284,96.40,True
595,"t=21.79,h=36.01,p=1011.33",46276,196.00,True
596,"t=21.79,h=36.01,p=1011.33",46285,355.50,True
597,"t=21.78,h=36.02,p=1011.31",46290,255.30,True
598,"t=21.78,h=36.02,p=1011.31",46286,209.50,True
599,"t=21.79,h=36.02,p=1011.37",46283,167.70,True
600,"t=21.79,h=36.02,p=1011.37",46316,388.60,True
601,"t=21.79,h=36.02,p=1011.34",46278,126.00,True
602,"t=21.79,h=36.02,p=1011.34",46277,95.40,True
603,"t=21.79,h=36.02,p=1011.34",46271,94.90,True
604,"t=21.79,h=36.03,p=1011.37",46287,348.80,True
605,"t=21.79,h=36.03,p=1011.37",46287,279.80,True
606,"t=21.79,h=36.05,p=1011.34",46285,211.80,True
607,"t=21.79,h=36.05,p=1011.34",46277,209.80,True
608,"t=21.79,h=36.03,p=1011.35",46276,363.80,True
609,"t=21.79,h=36.03,p=1011.35",46284,300.40,True
610,"t=21.79,h=36.03,p=1011.38",46279,327.90,True
611,"t=21.79,h=36.03,p=1011.38",46287,293.70,True
612,"t=21.79,h=36.05,p=1011.39",46276,132.90,True
613,"t=21.79,h=36.05,p=1011.39",46285,199.60,True
614,"t=21.79,h=36.05,p=1011.37",46282,210.80,True
615,"t=21.79,h=36.05,p=1011.37",46289,312.30,True
616,"t=21.77,h=36.06,p=1011.32",46278,275.00,True
617,"t=21.77,h=36.06,p=1011.32",46284,352.80,True
618,"t=21.78,h=36.07,p=1011.31",46289,240.10,True
619,"t=21.78,h=36.07,p=1011.31",46285,183.60,True
620,"t=21.78,h=36.07,p=1011.33",46282,96.20,True
621,"t=21.78,h=36.07,p=1011.33",46274,355.40,True
622,"t=21.79,h=36.06,p=1011.36",46285,347.40,True
623,"t=21.79,h=36.06,p=1011.36",46282,292.90,True
624,"t=21.76,h=36.09,p=1011.30",46281,154.60,True
625,"t=21.76,h=36.09,p=1011.30",46278,327.30,True
626,"t=21.79,h=36.07,p=1011.36",46289,160.30,True
627,"t=21.79,h=36.07,p=1011.36",46275,357.90,True
628,"t=21.79,h=36.07,p=1011.37",46304,97.10,True
629,"t=21.79,h=36.07,p=1011.37",46273,95.70,True
630,"t=21.79,h=36.06,p=1011.35",46276,260.00,True
631,"t=21.79,h=36.06,p=1011.35",46289,351.90,True
632,"t=21.79,h=36.06,p=1011.33",46289,159.50,True
633,"t=21.79,h=36.06,p=1011.33",46284,95.50,True
634,"t=21.79,h=36.08,p=1011.36",46282,318.20,True
635,"t=21.79,h=36.08,p=1011.36",46293,285.20,True
636,"t=21.79,h=36.07,p=1011.35",46280,207.50,True
637,"t=21.79,h=36.07,p=1011.35",46286,334.30,True
638,"t=21.79,h=36.07,p=1011.35",46289,97.50,True
639,"t=21.79,h=36.07,p=1011.35",46282,94.70,True
640,"t=21.80,h=36.08,p=1011.38",46276,93.40,True
641,"t=21.80,h=36.08,p=1011.38",46283,160.10,True
642,"t=21.79,h=36.08,p=1011.34",46284,182.30,True
643,"t=21.79,h=36.08,p=1011.34",46283,351.50,True
644,"t=21.79,h=36.08,p=1011.36",46289,381.00,True
645,"t=21.79,h=36.08,p=1011.36",46285,287.30,True
646,"t=21.79,h=36.08,p=1011.37",46275,145.20,True
647,"t=21.79,h=36.08,p=1011.37",46278,196.10,True
648,"t=21.80,h=36.09,p=1011.35",46285,328.50,True
649,"t=21.80,h=36.09,p=1011.35",46289,352.00,True
650,"t=21.79,h=36.09,p=1011.33",46291,95.40,True
651,"t=21.79,h=36.09,p=1011.33",46284,351.90,True
652,"t=21.80,h=36.09,p=1011.36",46285,387.00,True
653,"t=21.80,h=36.09,p=1011.36",46290,137.70,True
654,"t=21.80,h=36.09,p=1011.35",46275,96.50,True
655,"t=21.80,h=36.09,p=1011.35",46280,356.10,True
656,"t=21.80,h=36.09,p=1011.35",46288,177.40,True
657,"t=21.80,h=36.09,p=1011.36",46304,225.70,True
658,"t=21.80,h=36.09,p=1011.36",46284,96.10,True
659,"t=21.80,h=36.12,p=1011.33",46277,95.10,True
660,"t=21.80,h=36.12,p=1011.33",46285,142.50,True
661,"t=21.79,h=36.09,p=1011.34",46282,97.40,True
662,"t=21.79,h=36.09,p=1011.34",46275,249.70,True
663,"t=21.79,h=36.10,p=1011.35",46286,97.40,True
664,"t=21.79,h=36.10,p=1011.35",46279,208.30,True
665,"t=21.79,h=36.12,p=1011.35",46282,110.50,True
666,"t=21.79,h=36.12,p=1011.35",46275,371.70,True
667,"t=21.79,h=36.09,p=1011.32",46288,104.40,True
668,"t=21.79,h=36.09,p=1011.32",46277,303.20,True
669,"t=21.79,h=36.10,p=1011.33",46297,97.10,True
670,"t=21.79,h=36.10,p=1011.33",46281,95.60,True
671,"t=21.79,h=36.09,p=1011.32",46289,318.40,True
672,"t=21.79,h=36.09,p=1011.32",46287,362.00,True
673,"t=21.79,h=36.08,p=1011.32",46311,97.00,True
674,"t=21.79,h=36.08,p=1011.32",46278,94.00,True
675,"t=21.79,h=36.09,p=1011.31",46292,349.00,True
676,"t=21.79,h=36.09,p=1011.31",46290,267.60,True
677,"t=21.79,h=36.09,p=1011.32",46283,97.60,True
678,"t=21.79,h=36.09,p=1011.32",46275,136.60,True
679,"t=21.79,h=36.09,p=1011.30",46283,95.90,True
680,"t=21.79,h=36.09,p=1011.30",46267,113.00,True
681,"t=21.79,h=36.10,p=1011.32",46274,149.50,True
682,"t=21.79,h=36.10,p=1011.32",46288,330.50,True
683,"t=21.80,h=36.13,p=1011.33",46289,328.40,True
684,"t=21.80,h=36.13,p=1011.33",46294,312.30,True
685,"t=21.80,h=36.08,p=1011.33",46285,240.70,True
686,"t=21.80,h=36.08,p=1011.33",46288,263.30,True
687,"t=21.77,h=36.10,p=1011.27",46290,334.70,True
688,"t=21.77,h=36.10,p=1011.27",46288,350.50,True
689,"t=21.80,h=36.10,p=1011.34",46287,97.50,True
690,"t=21.80,h=36.10,p=1011.34",46274,95.40,True
691,"t=21.80,h=36.12,p=1011.30",46283,96.10,True
692,"t=21.80,h=36.12,p=1011.30",46284,334.60,True
693,"t=21.79,h=36.12,p=1011.33",46290,298.50,True
694,"t=21.79,h=36.12,p=1011.33",46277,212.70,True
695,"t=21.76,h=36.12,p=1011.26",46281,314.80,True
696,"t=21.76,h=36.12,p=1011.26",46289,216.30,True
697,"t=21.80,h=36.12,p=1011.32",46275,353.10,True
698,"t=21.80,h=36.12,p=1011.32",46288,219.20,True
699,"t=21.79,h=36.12,p=1011.28",46280,352.80,True
700,"t=21.79,h=36.12,p=1011.28",46293,392.00,True
701,"t=21.79,h=36.12,p=1011.30",46325,303.50,True
702,"t=21.79,h=36.12,p=1011.30",46288,96.00,True
703,"t=21.80,h=36.12,p=1011.34",46276,286.20,True
704,"t=21.80,h=36.12,p=1011.34",46286,115.80,True
705,"t=21.80,h=36.12,p=1011.29",46283,229.70,True
706,"t=21.80,h=36.12,p=1011.29",46276,292.10,True
707,"t=21.80,h=36.12,p=1011.33",46279,133.60,True
708,"t=21.80,h=36.12,p=1011.33",46304,94.70,True
709,"t=21.80,h=36.12,p=1011.33",46281,344.80,True
710,"t=21.80,h=36.09,p=1011.33",46287,240.30,True
711,"t=21.80,h=36.09,p=1011.33",46283,352.90,True
712,"t=21.80,h=36.10,p=1011.32",46279,96.50,True
713,"t=21.80,h=36.10,p=1011.32",46278,377.00,True
714,"t=21.80,h=36.13,p=1011.35",46282,295.70,True
715,"t=21.80,h=36.13,p=1011.35",46276,179.60,True
716,"t=21.80,h=36.12,p=1011.31",46278,303.80,True
717,"t=21.80,h=36.12,p=1011.31",46290,223.50,True
718,"t=21.80,h=36.09,p=1011.32",46276,357.80,True
719,"t=21.80,h=36.09,p=1011.32",46290,263.40,True
720,"t=21.80,h=36.10,p=1011.33",46282,356.20,True
721,"t=21.80,h=36.10,p=1011.33",46286,351.00,True
722,"t=21.80,h=36.10,p=1011.33",46283,275.70,True
723,"t=21.80,h=36.10,p=1011.33",46276,336.10,True
724,"t=21.80,h=36.13,p=1011.32",46281,332.50,True
725,"t=21.80,h=36.13,p=1011.32",46293,352.00,True
726,"t=21.80,h=36.10,p=1011.35",46289,95.40,True
727,"t=21.80,h=36.10,p=1011.35",46303,310.50,True
728,"t=21.80,h=36.07,p=1011.30",46288,295.40,True
729,"t=21.80,h=36.07,p=1011.30",46277,338.10,True
730,"t=21.80,h=36.10,p=1011.32",46285,218.60,True
731,"t=21.80,h=36.10,p=1011.32",46273,174.70,True
732,"t=21.80,h=36.10,p=1011.33",46293,325.20,True
733,"t=21.80,h=36.10,p=1011.33",46284,219.50,True
734,"t=21.80,h=36.12,p=1011.35",46283,211.90,True
735,"t=21.80,h=36.12,p=1011.35",46280,349.20,True
736,"t=21.80,h=36.10,p=1011.35",46289,163.50,True
737,"t=21.80,h=36.10,p=1011.35",46303,340.10,True
738,"t=21.78,h=36.10,p=1011.30",46282,239.20,True
739,"t=21.78,h=36.10,p=1011.30",46289,385.60,True
740,"t=21.80,h=36.13,p=1011.34",46282,97.70,True
741,"t=21.80,h=36.13,p=1011.34",46280,112.50,True
742,"t=21.80,h=36.09,p=1011.34",46287,334.60,True
743,"t=21.80,h=36.09,p=1011.34",46301,200.70,True
744,"t=21.80,h=36.09,p=1011.36",46279,97.30,True
745,"t=21.80,h=36.09,p=1011.36",46273,95.00,True
746,"t=21.80,h=36.09,p=1011.36",46275,242.90,True
747,"t=21.80,h=36.09,p=1011.36",46285,242.80,True
748,"t=21.80,h=36.08,p=1011.37",46291,219.60,True
749,"t=21.80,h=36.08,p=1011.37",46283,214.50,True
750,"t=21.80,h=36.09,p=1011.35",46277,354.20,True
751,"t=21.80,h=36.09,p=1011.35",46287,394.40,True
752,"t=21.80,h=36.08,p=1011.37",46303,216.40,True
753,"t=21.80,h=36.08,p=1011.37",46282,94.80,True
754,"t=21.80,h=36.08,p=1011.35",46276,95.40,True
755,"t=21.80,h=36.08,p=1011.35",46299,265.70,True
756,"t=21.80,h=36.08,p=1011.35",46290,96.90,True
757,"t=21.80,h=36.08,p=1011.35",46276,354.60,True
758,"t=21.80,h=36.08,p=1011.34",46289,176.60,True
759,"t=21.80,h=36.08,p=1011.34",46284,96.30,True
760,"t=21.80,h=36.07,p=1011.37",46274,95.60,True
761,"t=21.80,h=36.07,p=1011.37",46277,282.60,True
762,"t=21.80,h=36.07,p=1011.37",46285,113.00,True
763,"t=21.79,h=36.05,p=1011.33",46281,385.50,True
764,"t=21.79,h=36.05,p=1011.33",46282,96.10,True
765,"t=21.80,h=36.08,p=1011.35",46278,95.00,True
766,"t=21.80,h=36.08,p=1011.35",46284,351.10,True
767,"t=21.80,h=36.07,p=1011.35",46291,137.10,True
768,"t=21.80,h=36.07,p=1011.35",46286,95.90,True
769,"t=21.78,h=36.06,p=1011.30",46278,108.70,True
770,"t=21.78,h=36.06,p=1011.30",46281,206.40,True
771,"t=21.80,h=36.05,p=1011.36",46292,326.80,True
772,"t=21.80,h=36.05,p=1011.36",46288,100.30,True
773,"t=21.79,h=36.07,p=1011.32",46276,95.70,True
774,"t=21.79,h=36.07,p=1011.32",46279,141.30,True
775,"t=21.80,h=36.08,p=1011.37",46298,96.20,True
776,"t=21.80,h=36.08,p=1011.37",46288,170.50,True
777,"t=21.80,h=36.06,p=1011.36",46289,117.20,True
778,"t=21.80,h=36.06,p=1011.36",46277,94.10,True
779,"t=21.80,h=36.07,p=1011.37",46274,350.10,True
780,"t=21.80,h=36.07,p=1011.37",46282,352.10,True
781,"t=21.80,h=36.07,p=1011.36",46285,174.40,True
782,"t=21.80,h=36.07,p=1011.36",46275,93.80,True
783,"t=21.80,h=36.06,p=1011.37",46290,324.40,True
784,"t=21.80,h=36.06,p=1011.37",46295,136.80,True
785,"t=21.80,h=36.05,p=1011.37",46289,96.90,True
786,"t=21.80,h=36.05,p=1011.37",46276,95.20,True
787,"t=21.80,h=36.05,p=1011.38",46285,335.70,True
788,"t=21.80,h=36.05,p=1011.38",46287,345.40,True
789,"t=21.80,h=36.04,p=1011.39",46288,215.80,True
790,"t=21.80,h=36.04,p=1011.39",46278,93.40,True
791,"t=21.80,h=36.06,p=1011.38",46274,198.00,True
792,"t=21.80,h=36.06,p=1011.38",46282,342.00,True
793,"t=21.80,h=36.05,p=1011.38",46284,295.30,True
794,"t=21.80,h=36.05,p=1011.38",46277,144.70,True
795,"t=21.80,h=36.05,p=1011.40",46278,94.90,True
796,"t=21.80,h=36.05,p=1011.40",46297,324.80,True
797,"t=21.80,h=36.06,p=1011.38",46285,179.60,True
798,"t=21.80,h=36.06,p=1011.38",46277,303.60,True
799,"t=21.80,h=36.06,p=1011.39",46281,97.30,True
800,"t=21.80,h=36.06,p=1011.39",46279,345.10,True
801,"t=21.80,h=36.05,p=1011.38",46289,390.80,True
802,"t=21.80,h=36.05,p=1011.38",46286,202.10,True
803,"t=21.80,h=36.05,p=1011.40",46275,93.60,True
804,"t=21.80,h=36.05,p=1011.40",46287,93.80,True
805,"t=21.80,h=36.05,p=1011.40",46281,349.10,True
806,"t=21.80,h=36.05,p=1011.40",46290,95.70,True
807,"t=21.78,h=36.06,p=1011.36",46272,94.50,True
808,"t=21.78,h=36.06,p=1011.36",46274,92.10,True
809,"t=21.80,h=36.05,p=1011.37",46280,197.10,True
810,"t=21.80,h=36.05,p=1011.37",46291,96.40,True
811,"t=21.77,h=36.04,p=1011.34",46276,135.40,True
812,"t=21.77,h=36.04,p=1011.34",46286,95.60,True
813,"t=21.77,h=36.04,p=1011.34",46278,296.70,True
814,"t=21.80,h=36.03,p=1011.36",46291,283.20,True
815,"t=21.80,h=36.03,p=1011.36",46286,212.50,True
816,"t=21.79,h=36.03,p=1011.37",46276,217.20,True
817,"t=21.79,h=36.03,p=1011.37",46277,347.00,True
818,"t=21.80,h=36.04,p=1011.40",46294,352.30,True
819,"t=21.80,h=36.04,p=1011.40",46292,313.00,True
820,"t=21.80,h=36.05,p=1011.39",46276,101.20,True
821,"t=21.80,h=36.05,p=1011.39",46279,386.40,True
822,"t=21.80,h=36.01,p=1011.40",46283,102.30,True
823,"t=21.80,h=36.01,p=1011.40",46279,95.40,True
824,"t=21.80,h=36.02,p=1011.38",46312,163.30,True
825,"t=21.80,h=36.02,p=1011.38",46295,95.80,True
826,"t=21.81,h=36.00,p=1011.38",46277,153.50,True
827,"t=21.81,h=36.00,p=1011.38",46284,109.70,True
828,"t=21.80,h=36.05,p=1011.39",46278,349.80,True
829,"t=21.80,h=36.05,p=1011.39",46287,291.90,True
830,"t=21.80,h=36.01,p=1011.37",46271,332.20,True
831,"t=21.80,h=36.01,p=1011.37",46281,361.40,True
832,"t=21.80,h=36.04,p=1011.36",46283,97.70,True
833,"t=21.80,h=36.04,p=1011.36",46269,95.00,True
834,"t=21.80,h=36.04,p=1011.39",46282,261.30,True
835,"t=21.80,h=36.04,p=1011.39",46290,214.20,True
836,"t=21.80,h=36.04,p=1011.40",46289,243.90,True
837,"t=21.80,h=36.04,p=1011.40",46288,214.00,True
838,"t=21.80,h=36.04,p=1011.39",46284,94.70,True
839,"t=21.80,h=36.04,p=1011.39",46281,326.50,True
840,"t=21.80,h=36.05,p=1011.37",46292,480.80,True
841,"t=21.80,h=36.05,p=1011.37",46284,295.50,True
842,"t=21.81,h=36.04,p=1011.41",46279,178.50,True
843,"t=21.81,h=36.04,p=1011.41",46277,189.70,True
844,"t=21.80,h=36.04,p=1011.38",46289,159.60,True
845,"t=21.80,h=36.04,p=1011.38",46286,353.90,True
846,"t=21.79,h=36.02,p=1011.36",46294,213.90,True
847,"t=21.79,h=36.02,p=1011.36",46278,290.80,True
848,"t=21.79,h=36.02,p=1011.38",46283,94.60,True
849,"t=21.79,h=36.02,p=1011.38",46275,317.90,True
850,"t=21.80,h=36.02,p=1011.40",46284,384.60,True
851,"t=21.80,h=36.02,p=1011.40",46285,234.70,True
852,"t=21.80,h=36.02,p=1011.36",46279,95.80,True
853,"t=21.80,h=36.02,p=1011.36",46285,94.50,True
854,"t=21.80,h=36.02,p=1011.36",46285,388.30,True
855,"t=21.80,h=36.02,p=1011.36",46293,105.40,True
856,"t=21.80,h=36.02,p=1011.35",46313,320.40,True
857,"t=21.80,h=36.02,p=1011.35",46289,143.70,True
858,"t=21.80,h=36.04,p=1011.39",46286,96.30,True
859,"t=21.80,h=36.04,p=1011.39",46278,94.40,True
860,"t=21.80,h=36.04,p=1011.36",46273,327.40,True
861,"t=21.80,h=36.04,p=1011.36",46280,215.90,True
862,"t=21.80,h=36.04,p=1011.36",46275,347.60,True
863,"t=21.80,h=36.04,p=1011.36",46280,275.30,True
864,"t=21.80,h=36.02,p=1011.36",46288,383.90,True
865,"t=21.80,h=36.02,p=1011.36",46289,96.40,True
866,"t=21.80,h=36.02,p=1011.36",46284,95.40,True
867,"t=21.80,h=36.02,p=1011.37",46274,345.80,True
868,"t=21.80,h=36.02,p=1011.37",46288,291.60,True
869,"t=21.81,h=36.05,p=1011.36",46271,350.20,True
870,"t=21.81,h=36.05,p=1011.36",46285,275.60,True
871,"t=21.80,h=36.04,p=1011.39",46282,144.50,True
872,"t=21.80,h=36.04,p=1011.39",46292,95.30,True
873,"t=21.80,h=36.02,p=1011.37",46275,352.20,True
874,"t=21.80,h=36.02,p=1011.37",46289,184.10,True
875,"t=21.81,h=36.04,p=1011.39",46293,96.10,True
876,"t=21.81,h=36.04,p=1011.39",46285,94.20,True
877,"t=21.80,h=36.01,p=1011.39",46275,176.80,True
878,"t=21.80,h=36.01,p=1011.39",46285,136.10,True
879,"t=21.80,h=36.01,p=1011.38",46280,95.80,True
880,"t=21.80,h=36.01,p=1011.38",46272,94.50,True
881,"t=21.80,h=36.02,p=1011.39",46274,95.10,True
882,"t=21.80,h=36.02,p=1011.39",46282,344.00,True
883,"t=21.81,h=36.01,p=1011.38",46290,143.50,True
884,"t=21.81,h=36.01,p=1011.38",46298,106.00,True
885,"t=21.80,h=36.04,p=1011.36",46274,109.50,True
886,"t=21.80,h=36.04,p=1011.36",46274,311.40,True
887,"t=21.80,h=36.02,p=1011.34",46288,191.40,True
888,"t=21.80,h=36.02,p=1011.34",46285,348.20,True
889,"t=21.80,h=36.00,p=1011.35",46290,218.10,True
890,"t=21.80,h=36.00,p=1011.35",46282,143.10,True
891,"t=21.79,h=36.03,p=1011.30",46282,117.80,True
892,"t=21.79,h=36.03,p=1011.30",46276,243.40,True
893,"t=21.80,h=36.01,p=1011.36",46282,215.30,True
894,"t=21.80,h=36.01,p=1011.36",46273,207.40,True
895,"t=21.80,h=36.04,p=1011.36",46272,352.60,True
896,"t=21.80,h=36.04,p=1011.36",46281,131.60,True
897,"t=21.80,h=36.02,p=1011.37",46274,348.00,True
898,"t=21.80,h=36.02,p=1011.37",46284,150.10,True
899,"t=21.80,h=36.02,p=1011.37",46282,226.70,True
900,"t=21.80,h=36.02,p=1011.37",46286,95.60,True
901,"t=21.80,h=36.02,p=1011.37",46275,291.50,True
902,"t=21.80,h=36.02,p=1011.37",46289,242.90,True
903,"t=21.80,h=36.02,p=1011.37",46281,231.30,True
904,"t=21.80,h=36.02,p=1011.37",46283,210.40,True
905,"t=21.81,h=36.04,p=1011.37",46277,346.40,True
906,"t=21.81,h=36.04,p=1011.37",46285,293.40,True
907,"t=21.81,h=36.04,p=1011.37",46274,261.50,True
908,"t=21.81,h=36.04,p=1011.37",46284,200.50,True
909,"t=21.80,h=36.04,p=1011.41",46274,94.50,True
910,"t=21.80,h=36.04,p=1011.41",46308,187.00,True
911,"t=21.81,h=36.05,p=1011.36",46279,144.90,True
912,"t=21.81,h=36.05,p=1011.36",46279,96.00,True
913,"t=21.81,h=36.05,p=1011.37",46277,95.20,True
914,"t=21.81,h=36.05,p=1011.37",46279,375.70,True
915,"t=21.80,h=36.06,p=1011.37",46294,144.50,True
916,"t=21.80,h=36.06,p=1011.37",46292,94.70,True
917,"t=21.80,h=36.06,p=1011.37",46286,92.70,True
918,"t=21.80,h=36.05,p=1011.36",46282,93.90,True
919,"t=21.80,h=36.05,p=1011.36",46286,247.90,True
920,"t=21.80,h=36.05,p=1011.35",46295,312.90,True
921,"t=21.80,h=36.05,p=1011.35",46286,113.00,True
922,"t=21.78,h=36.07,p=1011.35",46281,95.40,True
923,"t=21.78,h=36.07,p=1011.35",46287,357.50,True
924,"t=21.81,h=36.08,p=1011.35",46289,273.30,True
925,"t=21.81,h=36.08,p=1011.35",46293,354.20,True
926,"t=21.79,h=36.07,p=1011.33",46285,354.10,True
927,"t=21.79,h=36.07,p=1011.33",46282,166.90,True
928,"t=21.80,h=36.07,p=1011.34",46276,94.60,True
929,"t=21.80,h=36.07,p=1011.34",46276,94.10,True
930,"t=21.81,h=36.09,p=1011.37",46311,151.90,True
931,"t=21.81,h=36.09,p=1011.37",46289,93.90,True
932,"t=21.81,h=36.09,p=1011.37",46278,94.20,True
933,"t=21.81,h=36.09,p=1011.37",46280,93.00,True
934,"t=21.80,h=36.08,p=1011.36",46286,268.20,True
935,"t=21.80,h=36.08,p=1011.36",46284,214.50,True
936,"t=21.80,h=36.08,p=1011.37",46288,354.30,True
937,"t=21.80,h=36.08,p=1011.37",46295,164.20,True
938,"t=21.80,h=36.09,p=1011.36",46299,353.70,True
939,"t=21.80,h=36.09,p=1011.36",46283,250.90,True
940,"t=21.80,h=36.09,p=1011.36",46292,234.60,True
941,"t=21.80,h=36.09,p=1011.36",46272,160.00,True
942,"t=21.81,h=36.09,p=1011.38",46278,349.40,True
943,"t=21.81,h=36.09,p=1011.38",46279,94.30,True
944,"t=21.81,h=36.12,p=1011.41",46292,335.10,True
945,"t=21.81,h=36.12,p=1011.41",46288,298.20,True
946,"t=21.80,h=36.13,p=1011.36",46277,232.40,True
947,"t=21.80,h=36.13,p=1011.36",46302,290.70,True
948,"t=21.80,h=36.08,p=1011.36",46285,213.40,True
949,"t=21.80,h=36.08,p=1011.36",46297,342.10,True
950,"t=21.80,h=36.13,p=1011.35",46283,342.00,True
951,"t=21.80,h=36.13,p=1011.35",46286,352.30,True
952,"t=21.80,h=36.13,p=1011.37",46292,360.10,True
953,"t=21.80,h=36.13,p=1011.37",46281,295.40,True
954,"t=21.81,h=36.13,p=1011.35",46280,295.00,True
955,"t=21.81,h=36.13,p=1011.35",46289,356.50,True
956,"t=21.80,h=36.14,p=1011.36",46291,199.90,True
957,"t=21.80,h=36.14,p=1011.36",46291,353.30,True
958,"t=21.80,h=36.14,p=1011.37",46284,271.70,True
959,"t=21.80,h=36.14,p=1011.37",46281,240.30,True
960,"t=21.80,h=36.15,p=1011.38",46276,96.30,True
961,"t=21.80,h=36.15,p=1011.38",46277,349.20,True
962,"t=21.81,h=36.16,p=1011.38",46288,177.20,True
963,"t=21.81,h=36.16,p=1011.38",46281,108.20,True
964,"t=21.81,h=36.16,p=1011.39",46280,95.60,True
965,"t=21.81,h=36.16,p=1011.39",46275,93.50,True
966,"t=21.81,h=36.17,p=1011.38",46306,238.80,True
967,"t=21.81,h=36.17,p=1011.38",46305,349.40,True
968,"t=21.80,h=36.17,p=1011.39",46295,187.10,True
969,"t=21.80,h=36.17,p=1011.39",46273,95.40,True
970,"t=21.80,h=36.17,p=1011.39",46277,245.10,True
971,"t=21.80,h=36.19,p=1011.40",46285,213.30,True
972,"t=21.80,h=36.19,p=1011.40",46279,211.90,True
973,"t=21.80,h=36.17,p=1011.38",46273,349.60,True
974,"t=21.80,h=36.17,p=1011.38",46282,353.30,True
975,"t=21.81,h=36.21,p=1011.38",46282,333.20,True
976,"t=21.81,h=36.21,p=1011.38",46282,357.40,True
977,"t=21.80,h=36.21,p=1011.41",46306,263.70,True
978,"t=21.80,h=36.21,p=1011.41",46284,351.40,True
979,"t=21.80,h=36.22,p=1011.39",46284,290.30,True
980,"t=21.80,h=36.22,p=1011.39",46277,145.80,True
981,"t=21.80,h=36.20,p=1011.40",46282,138.40,True
982,"t=21.80,h=36.20,p=1011.40",46286,96.60,True
983,"t=21.81,h=36.20,p=1011.40",46282,342.80,True
984,"t=21.81,h=36.20,p=1011.40",46294,359.50,True
985,"t=21.81,h=36.21,p=1011.39",46285,178.50,True
986,"t=21.81,h=36.21,p=1011.39",46280,96.10,True
987,"t=21.81,h=36.21,p=1011.40",46274,96.70,True
988,"t=21.81,h=36.21,p=1011.40",46277,163.90,True
989,"t=21.81,h=36.21,p=1011.39",46286,96.70,True
990,"t=21.81,h=36.21,p=1011.39",46277,94.10,True
991,"t=21.81,h=36.22,p=1011.39",46283,94.00,True
992,"t=21.81,h=36.22,p=1011.39",46284,331.80,True
993,"t=21.81,h=36.21,p=1011.42",46291,171.30,True
994,"t=21.81,h=36.21,p=1011.42",46305,93.30,True
995,"t=21.80,h=36.19,p=1011.38",46273,93.30,True
996,"t=21.80,h=36.19,p=1011.38",46281,329.00,True
997,"t=21.81,h=36.21,p=1011.39",46287,202.20,True
998,"t=21.81,h=36.21,p=1011.39",46286,97.40,True
999,"t=21.81,h=36.22,p=1011.38",46279,94.00,True
1000,"t=21.81,h=36.22,p=1011.38",46278,140.40,True
1001,"t=21.81,h=36.21,p=1011.38",46279,97.20,True
1002,"t=21.81,h=36.21,p=1011.38",46274,329.70,True
1003,"t=21.81,h=36.23,p=1011.38",46282,217.20,True
1004,"t=21.81,h=36.23,p=1011.38",46287,351.90,True
1005,"t=21.81,h=36.23,p=1011.36",46282,146.70,True
1006,"t=21.81,h=36.23,p=1011.36",46279,97.80,True
1007,"t=21.80,h=36.23,p=1011.38",46277,94.90,True
1008,"t=21.80,h=36.23,p=1011.38",46275,94.50,True
1009,"t=21.81,h=36.22,p=1011.35",46284,360.50,True
1010,"t=21.81,h=36.22,p=1011.35",46290,148.50,True
1011,"t=21.80,h=36.23,p=1011.36",46277,291.80,True
1012,"t=21.80,h=36.23,p=1011.36",46281,212.90,True
1013,"t=21.81,h=36.23,p=1011.37",46287,382.20,True
1014,"t=21.81,h=36.23,p=1011.37",46283,109.20,True
1015,"t=21.81,h=36.23,p=1011.36",46279,97.20,True
1016,"t=21.81,h=36.23,p=1011.36",46274,243.00,True
1017,"t=21.81,h=36.23,p=1011.37",46293,261.40,True
1018,"t=21.81,h=36.23,p=1011.37",46281,144.50,True
1019,"t=21.81,h=36.23,p=1011.37",46286,99.60,True
1020,"t=21.81,h=36.23,p=1011.37",46278,94.40,True
1021,"t=21.81,h=36.23,p=1011.38",46276,94.40,True
1022,"t=21.81,h=36.23,p=1011.38",46293,264.80,True
1023,"t=21.81,h=36.23,p=1011.38",46286,216.90,True
1024,"t=21.81,h=36.24,p=1011.36",46293,144.80,True
1025,"t=21.81,h=36.24,p=1011.36",46296,267.30,True
1026,"t=21.81,h=36.23,p=1011.37",46282,215.30,True
1027,"t=21.81,h=36.23,p=1011.37",46272,210.80,True
1028,"t=21.80,h=36.23,p=1011.37",46278,98.90,True
1029,"t=21.80,h=36.23,p=1011.37",46278,330.10,True
1030,"t=21.81,h=36.24,p=1011.34",46290,363.10,True
1031,"t=21.81,h=36.24,p=1011.34",46286,200.30,True
1032,"t=21.81,h=36.24,p=1011.35",46277,95.90,True
1033,"t=21.81,h=36.24,p=1011.35",46293,292.60,True
1034,"t=21.81,h=36.23,p=1011.35",46287,216.50,True
1035,"t=21.81,h=36.23,p=1011.35",46276,324.50,True
1036,"t=21.80,h=36.25,p=1011.32",46295,96.10,True
1037,"t=21.80,h=36.25,p=1011.32",46282,194.90,True
1038,"t=21.79,h=36.24,p=1011.31",46291,95.60,True
1039,"t=21.79,h=36.24,p=1011.31",46280,372.40,True
1040,"t=21.81,h=36.23,p=1011.36",46285,145.40,True
1041,"t=21.81,h=36.23,p=1011.36",46279,96.80,True
1042,"t=21.80,h=36.23,p=1011.34",46280,94.40,True
1043,"t=21.80,h=36.23,p=1011.34",46279,340.80,True
1044,"t=21.81,h=36.23,p=1011.33",46289,96.90,True
1045,"t=21.81,h=36.23,p=1011.33",46277,93.50,True
1046,"t=21.81,h=36.24,p=1011.30",46286,143.50,True
1047,"t=21.81,h=36.24,p=1011.30",46285,96.90,True
1048,"t=21.81,h=36.23,p=1011.34",46282,100.70,True
1049,"t=21.81,h=36.23,p=1011.34",46278,93.60,True
1050,"t=21.81,h=36.26,p=1011.31",46283,345.90,True
1051,"t=21.81,h=36.26,p=1011.31",46283,178.20,True
1052,"t=21.81,h=36.23,p=1011.35",46297,141.40,True
1053,"t=21.81,h=36.23,p=1011.35",46284,115.60,True
1054,"t=21.81,h=36.23,p=1011.33",46277,351.90,True
1055,"t=21.81,h=36.23,p=1011.33",46288,187.30,True
1056,"t=21.81,h=36.24,p=1011.33",46284,97.10,True
1057,"t=21.81,h=36.24,p=1011.33",46278,94.80,True
1058,"t=21.81,h=36.23,p=1011.32",46271,298.70,True
1059,"t=21.81,h=36.23,p=1011.32",46277,217.40,True
1060,"t=21.81,h=36.24,p=1011.35",46279,352.30,True
1061,"t=21.81,h=36.24,p=1011.35",46289,119.40,True
1062,"t=21.81,h=36.24,p=1011.34",46284,95.20,True
1063,"t=21.81,h=36.24,p=1011.34",46280,267.60,True
1064,"t=21.81,h=36.23,p=1011.36",46286,355.40,True
1065,"t=21.81,h=36.23,p=1011.36",46279,96.50,True
1066,"t=21.81,h=36.23,p=1011.37",46272,95.70,True
1067,"t=21.81,h=36.23,p=1011.37",46277,283.70,True
1068,"t=21.81,h=36.22,p=1011.32",46289,215.40,True
1069,"t=21.81,h=36.22,p=1011.32",46281,348.30,True
1070,"t=21.81,h=36.23,p=1011.37",46285,141.10,True
1071,"t=21.81,h=36.23,p=1011.37",46282,349.30,True
1072,"t=21.81,h=36.22,p=1011.32",46289,350.70,True
1073,"t=21.81,h=36.22,p=1011.32",46293,144.30,True
1074,"t=21.81,h=36.22,p=1011.32",46287,96.60,True
1075,"t=21.81,h=36.23,p=1011.34",46284,358.50,True
1076,"t=21.81,h=36.23,p=1011.34",46290,305.00,True
1077,"t=21.80,h=36.21,p=1011.33",46282,217.10,True
1078,"t=21.80,h=36.21,p=1011.33",46275,331.30,True
1079,"t=21.79,h=36.22,p=1011.31",46286,138.00,True
1080,"t=21.79,h=36.22,p=1011.31",46288,95.00,True
1081,"t=21.81,h=36.17,p=1011.36",46275,95.10,True
1082,"t=21.81,h=36.17,p=1011.36",46276,353.40,True
1083,"t=21.81,h=36.20,p=1011.35",46286,349.30,True
1084,"t=21.81,h=36.20,p=1011.35",46288,95.90,True
1085,"t=21.81,h=36.23,p=1011.33",46276,95.30,True
1086,"t=21.81,h=36.23,p=1011.33",46282,94.40,True
1087,"t=21.81,h=36.20,p=1011.36",46280,350.80,True
1088,"t=21.81,h=36.20,p=1011.36",46294,228.90,True
1089,"t=21.81,h=36.18,p=1011.37",46288,295.50,True
1090,"t=21.81,h=36.18,p=1011.37",46289,328.20,True
1091,"t=21.81,h=36.16,p=1011.38",46280,292.70,True
1092,"t=21.81,h=36.16,p=1011.38",46274,158.30,True
1093,"t=21.81,h=36.20,p=1011.36",46287,344.00,True
1094,"t=21.81,h=36.20,p=1011.36",46285,217.30,True
1095,"t=21.81,h=36.15,p=1011.37",46277,216.10,True
1096,"t=21.81,h=36.15,p=1011.37",46275,211.00,True
1097,"t=21.81,h=36.18,p=1011.37",46278,126.00,True
1098,"t=21.81,h=36.18,p=1011.37",46276,321.10,True
1099,"t=21.81,h=36.16,p=1011.34",46292,390.60,True
1100,"t=21.81,h=36.16,p=1011.34",46286,349.30,True
1101,"t=21.81,h=36.16,p=1011.37",46298,344.70,True
1102,"t=21.81,h=36.16,p=1011.37",46293,308.20,True
1103,"t=21.81,h=36.14,p=1011.36",46288,96.30,True
1104,"t=21.81,h=36.14,p=1011.36",46282,345.30,True
1105,"t=21.81,h=36.15,p=1011.35",46290,327.10,True
1106,"t=21.81,h=36.15,p=1011.35",46286,231.50,True
1107,"t=21.81,h=36.14,p=1011.32",46285,349.50,True
1108,"t=21.81,h=36.14,p=1011.32",46299,187.80,True
1109,"t=21.81,h=36.13,p=1011.38",46276,94.60,True
1110,"t=21.81,h=36.13,p=1011.38",46278,322.80,True
1111,"t=21.82,h=36.13,p=1011.35",46286,94.10,True
1112,"t=21.82,h=36.13,p=1011.35",46282,345.80,True
1113,"t=21.79,h=36.13,p=1011.32",46286,378.80,True
1114,"t=21.79,h=36.13,p=1011.32",46292,93.40,True
1115,"t=21.82,h=36.12,p=1011.38",46276,377.30,True
1116,"t=21.82,h=36.12,p=1011.38",46287,97.60,True
1117,"t=21.80,h=36.12,p=1011.30",46284,122.60,True
1118,"t=21.80,h=36.12,p=1011.30",46296,97.60,True
1119,"t=21.81,h=36.12,p=1011.34",46276,123.20,True
1120,"t=21.81,h=36.12,p=1011.34",46291,96.10,True
1121,"t=21.81,h=36.11,p=1011.32",46277,143.00,True
1122,"t=21.81,h=36.11,p=1011.32",46285,141.20,True
1123,"t=21.82,h=36.11,p=1011.37",46288,296.40,True
1124,"t=21.82,h=36.11,p=1011.37",46283,212.40,True
1125,"t=21.82,h=36.11,p=1011.34",46278,262.10,True
1126,"t=21.82,h=36.11,p=1011.34",46287,384.70,True
1127,"t=21.82,h=36.11,p=1011.34",46290,97.10,True
1128,"t=21.81,h=36.11,p=1011.35",46277,243.90,True
1129,"t=21.81,h=36.11,p=1011.35",46285,216.90,True
1130,"t=21.82,h=36.08,p=1011.34",46277,210.10,True
1131,"t=21.82,h=36.08,p=1011.34",46281,206.90,True
1132,"t=21.82,h=36.08,p=1011.32",46270,460.60,True
1133,"t=21.82,h=36.08,p=1011.32",46284,191.00,True
1134,"t=21.81,h=36.09,p=1011.33",46276,354.30,True
1135,"t=21.81,h=36.09,p=1011.33",46284,347.90,True
1136,"t=21.81,h=36.08,p=1011.32",46284,274.40,True
1137,"t=21.81,h=36.08,p=1011.32",46274,211.30,True
1138,"t=21.82,h=36.08,p=1011.36",46281,347.10,True
1139,"t=21.82,h=36.08,p=1011.36",46289,213.40,True
1140,"t=21.82,h=36.08,p=1011.35",46279,216.60,True
1141,"t=21.82,h=36.08,p=1011.35",46292,207.40,True
1142,"t=21.81,h=36.05,p=1011.33",46290,137.70,True
1143,"t=21.81,h=36.05,p=1011.33",46279,96.20,True
1144,"t=21.81,h=36.07,p=1011.35",46276,95.00,True
1145,"t=21.81,h=36.07,p=1011.35",46276,142.30,True
1146,"t=21.81,h=36.06,p=1011.33",46306,324.30,True
1147,"t=21.81,h=36.06,p=1011.33",46299,95.90,True
1148,"t=21.80,h=36.07,p=1011.31",46278,95.90,True
1149,"t=21.80,h=36.07,p=1011.31",46278,123.60,True
1150,"t=21.81,h=36.08,p=1011.32",46284,163.10,True
1151,"t=21.81,h=36.08,p=1011.32",46277,356.90,True
1152,"t=21.81,h=36.07,p=1011.32",46285,108.30,True
1153,"t=21.81,h=36.07,p=1011.32",46277,368.70,True
1154,"t=21.81,h=36.06,p=1011.34",46287,181.40,True
1155,"t=21.81,h=36.06,p=1011.34",46287,284.20,True
1156,"t=21.81,h=36.07,p=1011.36",46289,215.40,True
1157,"t=21.81,h=36.07,p=1011.36",46287,341.90,True
1158,"t=21.81,h=36.06,p=1011.36",46279,96.10,True
1159,"t=21.81,h=36.06,p=1011.36",46274,93.70,True
1160,"t=21.79,h=36.06,p=1011.31",46275,348.00,True
1161,"t=21.79,h=36.06,p=1011.31",46290,245.00,True
1162,"t=21.81,h=36.06,p=1011.36",46280,262.80,True
1163,"t=21.81,h=36.06,p=1011.36",46282,328.60,True
1164,"t=21.81,h=36.06,p=1011.32",46284,288.40,True
1165,"t=21.81,h=36.06,p=1011.32",46275,94.30,True
1166,"t=21.82,h=36.07,p=1011.35",46279,273.90,True
1167,"t=21.82,h=36.07,p=1011.35",46287,217.60,True
1168,"t=21.81,h=36.07,p=1011.35",46275,332.90,True
1169,"t=21.81,h=36.07,p=1011.35",46284,138.70,True
1170,"t=21.81,h=36.07,p=1011.36",46292,94.00,True
1171,"t=21.81,h=36.07,p=1011.36",46279,95.40,True
1172,"t=21.82,h=36.07,p=1011.36",46278,96.10,True
1173,"t=21.82,h=36.07,p=1011.36",46304,333.20,True
1174,"t=21.82,h=36.07,p=1011.34",46294,300.20,True
1175,"t=21.82,h=36.07,p=1011.34",46279,254.00,True
1176,"t=21.82,h=36.07,p=1011.36",46292,216.60,True
1177,"t=21.82,h=36.07,p=1011.36",46281,369.40,True
1178,"t=21.82,h=36.07,p=1011.38",46285,266.10,True
1179,"t=21.82,h=36.09,p=1011.38",46289,159.30,True
1180,"t=21.82,h=36.09,p=1011.38",46292,163.00,True
1181,"t=21.82,h=36.08,p=1011.37",46285,95.90,True
1182,"t=21.82,h=36.08,p=1011.37",46295,94.00,True
1183,"t=21.82,h=36.07,p=1011.37",46281,96.20,True
1184,"t=21.82,h=36.07,p=1011.37",46280,354.60,True
1185,"t=21.82,h=36.07,p=1011.34",46293,181.90,True
1186,"t=21.82,h=36.07,p=1011.34",46277,326.90,True
1187,"t=21.80,h=36.06,p=1011.33",46295,323.80,True
1188,"t=21.80,h=36.06,p=1011.33",46291,347.10,True
1189,"t=21.79,h=36.06,p=1011.30",46291,96.10,True
1190,"t=21.79,h=36.06,p=1011.30",46280,244.90,True
1191,"t=21.82,h=36.07,p=1011.34",46287,356.40,True
1192,"t=21.82,h=36.07,p=1011.34",46286,190.70,True
1193,"t=21.82,h=36.07,p=1011.37",46289,201.40,True
1194,"t=21.82,h=36.07,p=1011.37",46292,118.70,True
1195,"t=21.79,h=36.07,p=1011.31",46289,153.80,True
1196,"t=21.79,h=36.07,p=1011.31",46286,96.30,True
1197,"t=21.79,h=36.08,p=1011.33",46286,136.80,True
1198,"t=21.79,h=36.08,p=1011.33",46284,345.00,True
1199,"t=21.82,h=36.08,p=1011.38",46281,290.70,True
1200,"t=21.82,h=36.08,p=1011.38",46278,346.30,True
1201,"t=21.81,h=36.07,p=1011.38",46289,351.90,True
1202,"t=21.81,h=36.07,p=1011.38",46287,219.90,True
1203,"t=21.82,h=36.08,p=1011.38",46287,105.90,True
1204,"t=21.82,h=36.08,p=1011.38",46273,93.70,True
1205,"t=21.82,h=36.07,p=1011.36",46282,143.90,True
1206,"t=21.82,h=36.07,p=1011.36",46286,146.50,True
1207,"t=21.82,h=36.05,p=1011.35",46285,96.10,True
1208,"t=21.82,h=36.05,p=1011.35",46275,95.20,True
1209,"t=21.81,h=36.07,p=1011.39",46282,850.10,True
1210,"t=21.81,h=36.07,p=1011.39",46287,184.10,True
1211,"t=21.81,h=36.06,p=1011.38",46282,95.70,True
1212,"t=21.81,h=36.06,p=1011.38",46273,94.70,True
1213,"t=21.82,h=36.07,p=1011.39",46282,330.40,True
1214,"t=21.82,h=36.07,p=1011.39",46288,298.30,True
1215,"t=21.81,h=36.05,p=1011.37",46296,244.00,True
1216,"t=21.81,h=36.05,p=1011.37",46287,233.10,True
1217,"t=21.82,h=36.05,p=1011.38",46272,215.80,True
1218,"t=21.82,h=36.05,p=1011.38",46274,330.70,True
1219,"t=21.82,h=36.05,p=1011.37",46288,345.50,True
1220,"t=21.82,h=36.05,p=1011.37",46291,256.90,True
1221,"t=21.82,h=36.05,p=1011.38",46271,96.30,True
1222,"t=21.82,h=36.05,p=1011.38",46273,354.30,True
1223,"t=21.82,h=36.05,p=1011.38",46281,354.70,True
1224,"t=21.82,h=36.05,p=1011.38",46285,95.60,True
1225,"t=21.82,h=36.05,p=1011.39",46278,380.80,True
1226,"t=21.82,h=36.05,p=1011.39",46288,193.00,True
1227,"t=21.82,h=36.04,p=1011.38",46281,337.10,True
1228,"t=21.82,h=36.04,p=1011.38",46285,291.00,True
1229,"t=21.81,h=36.05,p=1011.37",46277,247.20,True
1230,"t=21.81,h=36.05,p=1011.37",46279,209.80,True
1231,"t=21.81,h=36.05,p=1011.37",46280,271.60,True
1232,"t=21.81,h=36.02,p=1011.37",46285,329.30,True
1233,"t=21.81,h=36.02,p=1011.37",46288,144.70,True
1234,"t=21.81,h=36.03,p=1011.36",46290,95.60,True
1235,"t=21.81,h=36.03,p=1011.36",46287,94.60,True
1236,"t=21.82,h=36.01,p=1011.36",46294,351.00,True
1237,"t=21.82,h=36.01,p=1011.36",46293,330.10,True
1238,"t=21.82,h=36.03,p=1011.40",46286,346.00,True
1239,"t=21.82,h=36.03,p=1011.40",46291,206.80,True
1240,"t=21.81,h=36.03,p=1011.39",46284,302.70,True
1241,"t=21.81,h=36.03,p=1011.39",46291,211.20,True
1242,"t=21.82,h=36.01,p=1011.37",46287,95.60,True
1243,"t=21.82,h=36.01,p=1011.37",46273,145.00,True
1244,"t=21.82,h=36.01,p=1011.40",46296,349.20,True
1245,"t=21.82,h=36.01,p=1011.40",46288,297.30,True
1246,"t=21.82,h=36.00,p=1011.37",46284,347.10,True
1247,"t=21.82,h=36.00,p=1011.37",46287,289.40,True
1248,"t=21.82,h=36.03,p=1011.39",46273,356.40,True
1249,"t=21.82,h=36.03,p=1011.39",46283,326.30,True
1250,"t=21.82,h=36.03,p=1011.36",46284,352.10,True
1251,"t=21.82,h=36.03,p=1011.36",46288,96.50,True
1252,"t=21.81,h=36.00,p=1011.37",46278,385.50,True
1253,"t=21.81,h=36.00,p=1011.37",46292,317.50,True
1254,"t=21.81,h=36.04,p=1011.37",46282,217.40,True
1255,"t=21.81,h=36.04,p=1011.37",46275,210.50,True
1256,"t=21.81,h=36.00,p=1011.36",46272,213.70,True
1257,"t=21.81,h=36.00,p=1011.36",46302,143.00,True
1258,"t=21.81,h=36.00,p=1011.40",46289,97.50,True
1259,"t=21.81,h=36.00,p=1011.40",46277,354.90,True
1260,"t=21.81,h=36.01,p=1011.37",46288,267.70,True
1261,"t=21.81,h=36.01,p=1011.37",46281,354.10,True
1262,"t=21.81,h=36.02,p=1011.36",46288,282.40,True
1263,"t=21.81,h=36.02,p=1011.36",46282,255.00,True
1264,"t=21.82,h=36.03,p=1011.36",46289,427.40,True
1265,"t=21.82,h=36.03,p=1011.36",46283,96.60,True
1266,"t=21.82,h=36.03,p=1011.36",46279,93.50,True
1267,"t=21.82,h=36.03,p=1011.36",46276,92.70,True
1268,"t=21.82,h=36.04,p=1011.37",46285,262.00,True
1269,"t=21.82,h=36.04,p=1011.37",46291,363.80,True
1270,"t=21.76,h=36.03,p=1011.31",46282,143.70,True
1271,"t=21.76,h=36.03,p=1011.31",46298,95.30,True
1272,"t=21.81,h=36.04,p=1011.36",46279,350.80,True
1273,"t=21.81,h=36.04,p=1011.36",46289,298.70,True
1274,"t=21.81,h=36.05,p=1011.37",46290,95.00,True
1275,"t=21.81,h=36.05,p=1011.37",46278,94.00,True
1276,"t=21.81,h=36.05,p=1011.37",46280,328.00,True
1277,"t=21.81,h=36.05,p=1011.37",46288,258.10,True
1278,"t=21.82,h=36.05,p=1011.37",46286,226.20,True
1279,"t=21.82,h=36.05,p=1011.37",46280,212.40,True
1280,"t=21.82,h=36.06,p=1011.39",46278,191.70,True
1281,"t=21.82,h=36.06,p=1011.39",46288,331.50,True
1282,"t=21.82,h=36.07,p=1011.39",46288,285.30,True
1283,"t=21.82,h=36.07,p=1011.39",46280,95.30,True
1284,"t=21.82,h=36.07,p=1011.39",46287,94.10,True
1285,"t=21.82,h=36.07,p=1011.40",46277,371.40,True
1286,"t=21.82,h=36.07,p=1011.40",46308,282.80,True
1287,"t=21.82,h=36.11,p=1011.41",46283,215.70,True
1288,"t=21.82,h=36.11,p=1011.41",46275,211.20,True
1289,"t=21.81,h=36.08,p=1011.36",46282,368.10,True
1290,"t=21.81,h=36.08,p=1011.36",46294,366.20,True
1291,"t=21.82,h=36.08,p=1011.38",46283,159.90,True
1292,"t=21.82,h=36.08,p=1011.38",46276,93.20,True
1293,"t=21.82,h=36.07,p=1011.38",46303,189.10,True
1294,"t=21.82,h=36.07,p=1011.38",46301,267.40,True
1295,"t=21.82,h=36.07,p=1011.39",46291,215.00,True
1296,"t=21.82,h=36.07,p=1011.39",46280,194.20,True
1297,"t=21.82,h=36.09,p=1011.40",46278,293.80,True
1298,"t=21.82,h=36.09,p=1011.40",46285,214.50,True
1299,"t=21.82,h=36.08,p=1011.36",46280,211.30,True
1300,"t=21.82,h=36.08,p=1011.36",46280,143.10,True
1301,"t=21.81,h=36.09,p=1011.34",46287,143.90,True
1302,"t=21.81,h=36.09,p=1011.34",46286,117.00,True
1303,"t=21.82,h=36.08,p=1011.39",46279,95.60,True
1304,"t=21.82,h=36.08,p=1011.39",46279,347.80,True
1305,"t=21.82,h=36.12,p=1011.39",46290,359.80,True
1306,"t=21.82,h=36.12,p=1011.39",46281,270.60,True
1307,"t=21.82,h=36.14,p=1011.39",46280,96.00,True
1308,"t=21.82,h=36.14,p=1011.39",46279,93.60,True
1309,"t=21.82,h=36.12,p=1011.38",46279,355.90,True
1310,"t=21.82,h=36.12,p=1011.38",46285,223.00,True
1311,"t=21.82,h=36.13,p=1011.38",46282,319.50,True
1312,"t=21.82,h=36.13,p=1011.38",46286,310.80,True
1313,"t=21.82,h=36.13,p=1011.38",46293,307.40,True
1314,"t=21.82,h=36.13,p=1011.38",46286,95.30,True
1315,"t=21.82,h=36.09,p=1011.36",46274,94.40,True
1316,"t=21.82,h=36.09,p=1011.36",46274,92.50,True
1317,"t=21.82,h=36.11,p=1011.36",46280,263.50,True
1318,"t=21.82,h=36.11,p=1011.36",46282,215.70,True
1319,"t=21.82,h=36.11,p=1011.38",46296,268.80,True
1320,"t=21.82,h=36.11,p=1011.38",46287,215.90,True
1321,"t=21.82,h=36.11,p=1011.33",46285,351.10,True
1322,"t=21.82,h=36.11,p=1011.33",46291,242.70,True
1323,"t=21.82,h=36.11,p=1011.36",46285,354.50,True
1324,"t=21.82,h=36.11,p=1011.36",46286,136.60,True
1325,"t=21.82,h=36.11,p=1011.39",46292,94.80,True
1326,"t=21.82,h=36.11,p=1011.39",46290,93.60,True
1327,"t=21.82,h=36.11,p=1011.38",46296,148.00,True
1328,"t=21.82,h=36.11,p=1011.38",46303,111.40,True
1329,"t=21.82,h=36.11,p=1011.38",46279,291.10,True
1330,"t=21.82,h=36.11,p=1011.38",46287,218.50,True
1331,"t=21.82,h=36.11,p=1011.36",46272,213.40,True
1332,"t=21.82,h=36.11,p=1011.36",46273,263.50,True
1333,"t=21.82,h=36.09,p=1011.38",46291,215.60,True
1334,"t=21.82,h=36.09,p=1011.38",46283,349.80,True
1335,"t=21.82,h=36.09,p=1011.36",46288,278.10,True
1336,"t=21.82,h=36.09,p=1011.36",46281,210.10,True
1337,"t=21.82,h=36.09,p=1011.36",46277,105.40,True
1338,"t=21.82,h=36.11,p=1011.35",46282,265.60,True
1339,"t=21.82,h=36.11,p=1011.35",46293,142.40,True
1340,"t=21.82,h=36.12,p=1011.37",46275,96.30,True
1341,"t=21.82,h=36.12,p=1011.37",46271,120.80,True
1342,"t=21.82,h=36.09,p=1011.36",46274,93.50,True
1343,"t=21.82,h=36.09,p=1011.36",46279,288.80,True
1344,"t=21.82,h=36.09,p=1011.34",46298,349.50,True
1345,"t=21.82,h=36.09,p=1011.34",46290,94.40,True
1346,"t=21.82,h=36.09,p=1011.36",46273,93.70,True
1347,"t=21.82,h=36.09,p=1011.36",46280,283.10,True
1348,"t=21.82,h=36.08,p=1011.37",46285,177.80,True
1349,"t=21.82,h=36.08,p=1011.37",46283,95.60,True
1350,"t=21.82,h=36.09,p=1011.37",46282,93.80,True
1351,"t=21.82,h=36.09,p=1011.37",46286,140.30,True
1352,"t=21.82,h=36.11,p=1011.35",46288,118.00,True
1353,"t=21.82,h=36.11,p=1011.35",46281,296.10,True
1354,"t=21.82,h=36.07,p=1011.36",46287,219.10,True
1355,"t=21.82,h=36.07,p=1011.36",46290,212.60,True
1356,"t=21.82,h=36.08,p=1011.39",46278,345.00,True
1357,"t=21.82,h=36.08,p=1011.39",46289,364.00,True
1358,"t=21.83,h=36.08,p=1011.36",46296,97.40,True
1359,"t=21.83,h=36.08,p=1011.36",46283,95.10,True
1360,"t=21.82,h=36.06,p=1011.40",46280,351.50,True
1361,"t=21.82,h=36.06,p=1011.40",46292,266.20,True
1362,"t=21.83,h=36.06,p=1011.39",46291,217.10,True
1363,"t=21.83,h=36.06,p=1011.39",46278,140.70,True
1364,"t=21.82,h=36.07,p=1011.41",46283,352.40,True
1365,"t=21.82,h=36.07,p=1011.41",46285,280.00,True
1366,"t=21.82,h=36.06,p=1011.38",46285,386.20,True
1367,"t=21.82,h=36.06,p=1011.38",46288,220.50,True
1368,"t=21.82,h=36.06,p=1011.35",46285,213.00,True
1369,"t=21.82,h=36.06,p=1011.35",46307,352.70,True
1370,"t=21.82,h=36.06,p=1011.36",46299,188.40,True
1371,"t=21.82,h=36.06,p=1011.36",46297,95.90,True
1372,"t=21.83,h=36.06,p=1011.39",46278,95.80,True
1373,"t=21.83,h=36.06,p=1011.39",46298,345.50,True
1374,"t=21.82,h=36.05,p=1011.41",46285,216.20,True
1375,"t=21.82,h=36.05,p=1011.41",46280,353.80,True
1376,"t=21.83,h=36.06,p=1011.40",46288,298.10,True
1377,"t=21.83,h=36.06,p=1011.40",46292,119.10,True
1378,"t=21.83,h=36.05,p=1011.44",46285,308.40,True
1379,"t=21.83,h=36.05,p=1011.44",46281,219.60,True
1380,"t=21.82,h=36.05,p=1011.39",46277,352.50,True
1381,"t=21.82,h=36.05,p=1011.39",46289,356.80,True
1382,"t=21.81,h=36.04,p=1011.36",46292,355.20,True
1383,"t=21.81,h=36.04,p=1011.36",46290,236.70,True
1384,"t=21.81,h=36.04,p=1011.37",46286,97.30,True
1385,"t=21.81,h=36.04,p=1011.37",46272,96.30,True
1386,"t=21.82,h=36.04,p=1011.37",46287,353.50,True
1387,"t=21.82,h=36.04,p=1011.37",46288,187.50,True
1388,"t=21.82,h=36.03,p=1011.39",46285,97.90,True
1389,"t=21.82,h=36.03,p=1011.39",46272,94.00,True
1390,"t=21.82,h=36.03,p=1011.39",46282,353.50,True
1391,"t=21.83,h=36.04,p=1011.37",46293,343.90,True
1392,"t=21.83,h=36.04,p=1011.37",46287,215.10,True
1393,"t=21.82,h=36.04,p=1011.39",46277,209.50,True
1394,"t=21.82,h=36.04,p=1011.39",46279,345.20,True
1395,"t=21.82,h=36.01,p=1011.37",46283,245.40,True
1396,"t=21.82,h=36.01,p=1011.37",46276,210.90,True
1397,"t=21.82,h=36.04,p=1011.38",46287,186.60,True
1398,"t=21.82,h=36.04,p=1011.38",46290,94.50,True
1399,"t=21.83,h=36.04,p=1011.40",46287,331.80,True
1400,"t=21.83,h=36.04,p=1011.40",46289,95.90,True
1401,"t=21.82,h=36.03,p=1011.37",46287,390.80,True
1402,"t=21.82,h=36.03,p=1011.37",46288,97.00,True
1403,"t=21.82,h=36.00,p=1011.37",46284,142.30,True
1404,"t=21.82,h=36.00,p=1011.37",46287,260.90,True
1405,"t=21.82,h=36.01,p=1011.37",46282,215.10,True
1406,"t=21.82,h=36.01,p=1011.37",46272,208.90,True
1407,"t=21.82,h=36.00,p=1011.38",46284,259.60,True
1408,"t=21.82,h=36.00,p=1011.38",46289,208.40,True
1409,"t=21.83,h=36.04,p=1011.38",46277,283.50,True
1410,"t=21.83,h=36.04,p=1011.38",46286,213.60,True
1411,"t=21.83,h=36.01,p=1011.39",46275,257.40,True
1412,"t=21.83,h=36.01,p=1011.39",46288,214.50,True
1413,"t=21.83,h=36.03,p=1011.40",46274,206.50,True
1414,"t=21.83,h=36.03,p=1011.40",46277,389.80,True
1415,"t=21.83,h=36.01,p=1011.36",46287,183.70,True
1416,"t=21.83,h=36.01,p=1011.36",46293,96.50,True
1417,"t=21.81,h=36.01,p=1011.38",46275,94.50,True
1418,"t=21.81,h=36.01,p=1011.38",46282,135.20,True
1419,"t=21.82,h=36.01,p=1011.39",46281,97.00,True
1420,"t=21.82,h=36.01,p=1011.39",46279,349.80,True
1421,"t=21.83,h=36.00,p=1011.40",46290,366.10,True
1422,"t=21.83,h=36.00,p=1011.40",46291,243.50,True
1423,"t=21.82,h=36.00,p=1011.38",46280,94.70,True
1424,"t=21.82,h=36.00,p=1011.38",46287,92.50,True
1425,"t=21.83,h=36.01,p=1011.38",46278,351.60,True
1426,"t=21.83,h=36.01,p=1011.38",46288,106.10,True
1427,"t=21.82,h=36.01,p=1011.39",46283,264.10,True
1428,"t=21.82,h=36.01,p=1011.39",46284,215.80,True
1429,"t=21.83,h=36.01,p=1011.38",46291,239.00,True
1430,"t=21.83,h=36.01,p=1011.38",46288,297.40,True
1431,"t=21.83,h=36.01,p=1011.35",46290,261.50,True
1432,"t=21.83,h=36.01,p=1011.35",46279,211.90,True
1433,"t=21.83,h=36.03,p=1011.38",46283,328.10,True
1434,"t=21.83,h=36.03,p=1011.38",46286,253.20,True
1435,"t=21.83,h=36.01,p=1011.39",46284,96.60,True
1436,"t=21.83,h=36.01,p=1011.39",46273,95.20,True
1437,"t=21.82,h=36.01,p=1011.40",46286,96.30,True
1438,"t=21.82,h=36.01,p=1011.40",46283,343.80,True
1439,"t=21.83,h=36.01,p=1011.38",46292,260.50,True
1440,"t=21.83,h=36.01,p=1011.38",46277,260.10,True
1441,"t=21.83,h=36.01,p=1011.38",46285,344.00,True
1442,"t=21.83,h=36.03,p=1011.37",46292,352.50,True
1443,"t=21.83,h=36.03,p=1011.37",46288,274.90,True
1444,"t=21.83,h=36.05,p=1011.41",46287,226.40,True
1445,"t=21.83,h=36.05,p=1011.41",46276,212.90,True
1446,"t=21.82,h=36.03,p=1011.35",46277,353.60,True
1447,"t=21.82,h=36.03,p=1011.35",46285,96.70,True
1448,"t=21.83,h=36.01,p=1011.39",46275,267.90,True
1449,"t=21.83,h=36.01,p=1011.39",46285,213.20,True
1450,"t=21.83,h=36.05,p=1011.39",46283,119.30,True
1451,"t=21.83,h=36.05,p=1011.39",46281,93.70,True
1452,"t=21.83,h=36.00,p=1011.38",46284,94.40,True
1453,"t=21.83,h=36.00,p=1011.38",46294,148.10,True
1454,"t=21.82,h=36.01,p=1011.41",46289,96.90,True
1455,"t=21.82,h=36.01,p=1011.41",46307,347.80,True
1456,"t=21.80,h=36.02,p=1011.36",46293,347.30,True
1457,"t=21.80,h=36.02,p=1011.36",46288,221.70,True
1458,"t=21.83,h=36.03,p=1011.41",46278,94.10,True
1459,"t=21.83,h=36.03,p=1011.41",46281,256.90,True
1460,"t=21.83,h=36.04,p=1011.40",46292,345.50,True
1461,"t=21.83,h=36.04,p=1011.40",46294,203.50,True
1462,"t=21.82,h=36.03,p=1011.40",46277,95.30,True
1463,"t=21.82,h=36.03,p=1011.40",46283,289.00,True
1464,"t=21.82,h=36.04,p=1011.40",46281,305.80,True
1465,"t=21.82,h=36.04,p=1011.40",46288,292.70,True
1466,"t=21.82,h=36.03,p=1011.39",46282,216.00,True
1467,"t=21.82,h=36.03,p=1011.39",46278,212.60,True
1468,"t=21.82,h=36.04,p=1011.39",46279,323.90,True
1469,"t=21.82,h=36.04,p=1011.39",46289,239.30,True
1470,"t=21.83,h=36.03,p=1011.42",46288,348.70,True
1471,"t=21.83,h=36.03,p=1011.42",46290,346.40,True
1472,"t=21.82,h=36.03,p=1011.39",46290,212.50,True
1473,"t=21.82,h=36.03,p=1011.39",46272,94.60,True
1474,"t=21.82,h=36.04,p=1011.38",46278,350.80,True
1475,"t=21.82,h=36.04,p=1011.38",46287,381.60,True
1476,"t=21.83,h=36.04,p=1011.39",46289,272.30,True
1477,"t=21.83,h=36.04,p=1011.39",46276,93.10,True
1478,"t=21.83,h=36.04,p=1011.38",46279,353.10,True
1479,"t=21.83,h=36.04,p=1011.38",46282,105.10,True
1480,"t=21.83,h=36.04,p=1011.40",46285,95.50,True
1481,"t=21.83,h=36.04,p=1011.40",46282,155.30,True
1482,"t=21.83,h=36.04,p=1011.38",46286,95.10,True
1483,"t=21.83,h=36.04,p=1011.38",46306,274.60,True
1484,"t=21.83,h=36.04,p=1011.40",46291,259.60,True
1485,"t=21.83,h=36.04,p=1011.40",46287,116.10,True
1486,"t=21.83,h=36.03,p=1011.38",46275,95.60,True
1487,"t=21.83,h=36.03,p=1011.38",46278,270.20,True
1488,"t=21.83,h=36.03,p=1011.39",46286,277.40,True
1489,"t=21.83,h=36.03,p=1011.39",46288,215.70,True
1490,"t=21.82,h=36.03,p=1011.41",46275,97.90,True
1491,"t=21.82,h=36.03,p=1011.41",46277,348.90,True
1492,"t=21.82,h=36.03,p=1011.41",46285,136.60,True
1493,"t=21.83,h=36.04,p=1011.38",46284,96.00,True
1494,"t=21.83,h=36.04,p=1011.38",46273,93.70,True
1495,"t=21.83,h=36.04,p=1011.40",46279,94.20,True
1496,"t=21.83,h=36.04,p=1011.40",46283,355.50,True
1497,"t=21.83,h=36.04,p=1011.40",46295,351.20,True
1498,"t=21.83,h=36.04,p=1011.40",46290,266.90,True
1499,"t=21.83,h=36.01,p=1011.38",46290,216.10,True
1500,"t=21.83,h=36.01,p=1011.38",46281,371.00,True
1501,"t=21.82,h=36.03,p=1011.37",46290,210.80,True
1502,"t=21.82,h=36.03,p=1011.37",46277,138.30,True
1503,"t=21.82,h=36.03,p=1011.36",46286,340.20,True
1504,"t=21.82,h=36.03,p=1011.36",46287,225.90,True
1505,"t=21.82,h=36.01,p=1011.38",46274,94.50,True
1506,"t=21.82,h=36.01,p=1011.38",46276,176.90,True
1507,"t=21.83,h=36.01,p=1011.37",46287,234.40,True
1508,"t=21.83,h=36.01,p=1011.37",46285,96.60,True
1509,"t=21.83,h=36.04,p=1011.39",46283,95.70,True
1510,"t=21.83,h=36.04,p=1011.39",46276,94.60,True
1511,"t=21.83,h=36.03,p=1011.38",46295,143.20,True
1512,"t=21.83,h=36.03,p=1011.38",46286,279.00,True
1513,"t=21.82,h=36.01,p=1011.40",46292,347.00,True
1514,"t=21.82,h=36.01,p=1011.40",46296,354.00,True
1515,"t=21.83,h=35.99,p=1011.40",46282,215.60,True
1516,"t=21.83,h=35.99,p=1011.40",46279,210.00,True
1517,"t=21.83,h=36.01,p=1011.38",46276,352.10,True
1518,"t=21.83,h=36.01,p=1011.38",46291,346.80,True
1519,"t=21.83,h=36.00,p=1011.40",46287,142.40,True
1520,"t=21.83,h=36.00,p=1011.40",46291,242.70,True
1521,"t=21.82,h=36.03,p=1011.38",46283,214.70,True
1522,"t=21.82,h=36.03,p=1011.38",46276,213.60,True
1523,"t=21.82,h=35.98,p=1011.36",46279,241.50,True
1524,"t=21.82,h=35.98,p=1011.36",46283,326.20,True
1525,"t=21.82,h=35.99,p=1011.38",46288,358.00,True
1526,"t=21.82,h=35.99,p=1011.38",46288,96.00,True
1527,"t=21.83,h=35.99,p=1011.34",46281,93.90,True
1528,"t=21.83,h=35.99,p=1011.34",46281,302.90,True
1529,"t=21.83,h=35.99,p=1011.38",46293,230.60,True
1530,"t=21.83,h=35.99,p=1011.38",46281,176.90,True
1531,"t=21.83,h=35.99,p=1011.37",46292,346.10,True
1532,"t=21.83,h=35.99,p=1011.37",46284,99.50,True
1533,"t=21.83,h=35.99,p=1011.37",46280,100.90,True
1534,"t=21.83,h=35.99,p=1011.37",46279,361.70,True
1535,"t=21.83,h=35.97,p=1011.33",46296,351.00,True
1536,"t=21.83,h=35.97,p=1011.33",46288,94.30,True
1537,"t=21.83,h=35.97,p=1011.34",46271,93.20,True
1538,"t=21.83,h=35.97,p=1011.34",46270,92.90,True
1539,"t=21.83,h=35.97,p=1011.38",46279,135.20,True
1540,"t=21.83,h=35.97,p=1011.38",46283,94.40,True
1541,"t=21.83,h=35.96,p=1011.36",46278,376.90,True
1542,"t=21.83,h=35.96,p=1011.36",46287,264.80,True
1543,"t=21.83,h=35.96,p=1011.36",46278,137.20,True
1544,"t=21.83,h=35.96,p=1011.36",46286,325.30,True
1545,"t=21.83,h=35.96,p=1011.36",46283,96.10,True
1546,"t=21.83,h=35.96,p=1011.37",46275,96.20,True
1547,"t=21.83,h=35.96,p=1011.37",46281,264.40,True
1548,"t=21.83,h=35.96,p=1011.36",46286,215.00,True
1549,"t=21.83,h=35.96,p=1011.36",46277,141.50,True
1550,"t=21.83,h=35.96,p=1011.38",46289,404.80,True
1551,"t=21.83,h=35.96,p=1011.38",46283,95.60,True
1552,"t=21.83,h=35.97,p=1011.39",46301,125.40,True
1553,"t=21.83,h=35.97,p=1011.39",46277,101.70,True
1554,"t=21.83,h=35.94,p=1011.36",46274,352.90,True
1555,"t=21.83,h=35.94,p=1011.36",46285,367.00,True
1556,"t=21.83,h=35.92,p=1011.38",46281,119.20,True
1557,"t=21.83,h=35.92,p=1011.38",46280,94.50,True
1558,"t=21.83,h=35.93,p=1011.38",46282,333.40,True
1559,"t=21.83,h=35.93,p=1011.38",46291,266.10,True
1560,"t=21.83,h=35.95,p=1011.40",46284,215.40,True
1561,"t=21.83,h=35.95,p=1011.40",46277,186.50,True
1562,"t=21.83,h=35.92,p=1011.39",46271,94.30,True
1563,"t=21.83,h=35.92,p=1011.39",46273,123.70,True
1564,"t=21.83,h=35.91,p=1011.40",46286,141.80,True
1565,"t=21.83,h=35.91,p=1011.40",46282,114.60,True
1566,"t=21.83,h=35.95,p=1011.38",46281,94.80,True
1567,"t=21.83,h=35.95,p=1011.38",46284,274.20,True
1568,"t=21.83,h=35.92,p=1011.38",46286,354.50,True
1569,"t=21.83,h=35.92,p=1011.38",46285,290.60,True
1570,"t=21.83,h=35.93,p=1011.43",46273,93.80,True
1571,"t=21.83,h=35.93,p=1011.43",46277,261.70,True
1572,"t=21.83,h=35.92,p=1011.39",46283,214.30,True
1573,"t=21.83,h=35.92,p=1011.39",46272,265.20,True
1574,"t=21.83,h=35.92,p=1011.41",46290,143.90,True
1575,"t=21.83,h=35.92,p=1011.41",46284,97.50,True
1576,"t=21.83,h=35.90,p=1011.41",46280,138.10,True
1577,"t=21.83,h=35.90,p=1011.41",46279,368.10,True
1578,"t=21.83,h=35.90,p=1011.39",46286,297.70,True
1579,"t=21.83,h=35.90,p=1011.39",46279,102.00,True
1580,"t=21.83,h=35.90,p=1011.41",46278,268.60,True
1581,"t=21.83,h=35.90,p=1011.41",46292,293.20,True
1582,"t=21.82,h=35.90,p=1011.38",46289,345.10,True
1583,"t=21.82,h=35.90,p=1011.38",46286,177.40,True
1584,"t=21.83,h=35.90,p=1011.37",46281,96.90,True
1585,"t=21.83,h=35.90,p=1011.37",46271,95.00,True
1586,"t=21.83,h=35.89,p=1011.38",46279,337.40,True
1587,"t=21.83,h=35.89,p=1011.38",46289,296.60,True
1588,"t=21.83,h=35.89,p=1011.36",46289,266.30,True
1589,"t=21.83,h=35.89,p=1011.36",46298,351.70,True
1590,"t=21.83,h=35.89,p=1011.35",46287,187.70,True
1591,"t=21.83,h=35.89,p=1011.35",46275,92.90,True
1592,"t=21.83,h=35.89,p=1011.38",46279,95.10,True
1593,"t=21.83,h=35.89,p=1011.38",46279,184.30,True
1594,"t=21.83,h=35.89,p=1011.40",46305,328.20,True
1595,"t=21.83,h=35.89,p=1011.40",46285,151.40,True
1596,"t=21.83,h=35.89,p=1011.40",46281,93.90,True
1597,"t=21.83,h=35.89,p=1011.38",46282,351.70,True
1598,"t=21.83,h=35.89,p=1011.38",46293,233.20,True
1599,"t=21.83,h=35.90,p=1011.37",46280,97.30,True
1600,"t=21.83,h=35.90,p=1011.37",46273,94.40,True
1601,"t=21.83,h=35.89,p=1011.36",46290,375.40,True
1602,"t=21.83,h=35.89,p=1011.36",46297,443.60,True
1603,"t=21.83,h=35.86,p=1011.38",46311,350.60,True
1604,"t=21.83,h=35.86,p=1011.38",46285,142.50,True
1605,"t=21.83,h=35.88,p=1011.36",46312,355.60,True
1606,"t=21.83,h=35.88,p=1011.36",46305,294.10,True
1607,"t=21.83,h=35.89,p=1011.38",46282,241.70,True
1608,"t=21.83,h=35.89,p=1011.38",46294,327.20,True
1609,"t=21.84,h=35.88,p=1011.41",46287,267.80,True
1610,"t=21.84,h=35.88,p=1011.41",46293,217.10,True
1611,"t=21.82,h=35.86,p=1011.38",46280,212.60,True
1612,"t=21.82,h=35.86,p=1011.38",46289,269.90,True
1613,"t=21.83,h=35.85,p=1011.40",46286,217.40,True
1614,"t=21.83,h=35.85,p=1011.40",46282,389.00,True
1615,"t=21.83,h=35.86,p=1011.40",46285,330.20,True
1616,"t=21.83,h=35.86,p=1011.40",46283,288.20,True
1617,"t=21.83,h=35.85,p=1011.41",46276,94.80,True
1618,"t=21.83,h=35.85,p=1011.41",46283,352.30,True
1619,"t=21.83,h=35.85,p=1011.39",46291,198.20,True
1620,"t=21.83,h=35.85,p=1011.39",46283,94.30,True
1621,"t=21.83,h=35.85,p=1011.41",46279,350.20,True
1622,"t=21.83,h=35.85,p=1011.41",46289,190.90,True
1623,"t=21.83,h=35.85,p=1011.38",46311,187.60,True
1624,"t=21.83,h=35.85,p=1011.38",46282,377.80,True
1625,"t=21.83,h=35.84,p=1011.39",46283,118.40,True
1626,"t=21.83,h=35.84,p=1011.39",46271,94.90,True
1627,"t=21.83,h=35.84,p=1011.39",46278,264.20,True
1628,"t=21.83,h=35.84,p=1011.39",46281,110.10,True
1629,"t=21.83,h=35.84,p=1011.40",46284,117.80,True
1630,"t=21.83,h=35.84,p=1011.40",46290,260.40,True
1631,"t=21.83,h=35.84,p=1011.36",46288,96.70,True
1632,"t=21.83,h=35.84,p=1011.36",46280,97.20,True
1633,"t=21.83,h=35.83,p=1011.39",46287,246.40,True
1634,"t=21.83,h=35.83,p=1011.39",46286,95.20,True
1635,"t=21.83,h=35.83,p=1011.40",46303,342.30,True
1636,"t=21.83,h=35.83,p=1011.40",46294,94.00,True
1637,"t=21.83,h=35.82,p=1011.39",46277,95.40,True
1638,"t=21.83,h=35.82,p=1011.39",46286,350.60,True
1639,"t=21.83,h=35.83,p=1011.38",46282,195.10,True
1640,"t=21.83,h=35.83,p=1011.38",46284,97.10,True
1641,"t=21.83,h=35.82,p=1011.38",46282,96.80,True
1642,"t=21.83,h=35.82,p=1011.38",46282,332.60,True
1643,"t=21.83,h=35.82,p=1011.38",46286,202.50,True
1644,"t=21.83,h=35.82,p=1011.38",46285,98.10,True
1645,"t=21.83,h=35.82,p=1011.39",46276,95.10,True
1646,"t=21.83,h=35.82,p=1011.39",46281,93.40,True
1647,"t=21.83,h=35.82,p=1011.39",46284,351.80,True
1648,"t=21.83,h=35.82,p=1011.39",46293,138.20,True
1649,"t=21.83,h=35.82,p=1011.39",46283,95.40,True
1650,"t=21.81,h=35.81,p=1011.36",46276,96.50,True
1651,"t=21.81,h=35.81,p=1011.36",46303,164.10,True
1652,"t=21.83,h=35.81,p=1011.39",46284,167.10,True
1653,"t=21.83,h=35.81,p=1011.39",46282,95.10,True
1654,"t=21.83,h=35.81,p=1011.40",46280,93.70,True
1655,"t=21.83,h=35.81,p=1011.40",46283,236.50,True
1656,"t=21.83,h=35.82,p=1011.41",46284,353.30,True
1657,"t=21.83,h=35.82,p=1011.41",46289,332.40,True
1658,"t=21.83,h=35.82,p=1011.40",46283,330.00,True
1659,"t=21.83,h=35.82,p=1011.40",46287,292.60,True
1660,"t=21.83,h=35.79,p=1011.39",46270,94.80,True
1661,"t=21.83,h=35.79,p=1011.39",46279,297.80,True
1662,"t=21.83,h=35.79,p=1011.36",46300,218.50,True
1663,"t=21.83,h=35.79,p=1011.36",46299,118.70,True
1664,"t=21.83,h=35.79,p=1011.37",46302,178.50,True
1665,"t=21.83,h=35.79,p=1011.37",46297,95.90,True
1666,"t=21.83,h=35.79,p=1011.39",46273,198.90,True
1667,"t=21.83,h=35.79,p=1011.39",46281,359.80,True
1668,"t=21.83,h=35.79,p=1011.40",46290,178.40,True
1669,"t=21.83,h=35.79,p=1011.40",46275,93.80,True
1670,"t=21.83,h=35.82,p=1011.38",46276,333.10,True
1671,"t=21.83,h=35.82,p=1011.38",46284,295.30,True
1672,"t=21.83,h=35.79,p=1011.38",46282,328.60,True
1673,"t=21.83,h=35.79,p=1011.38",46288,335.80,True
1674,"t=21.83,h=35.79,p=1011.38",46288,100.10,True
1675,"t=21.83,h=35.79,p=1011.38",46275,95.20,True
1676,"t=21.83,h=35.78,p=1011.37",46282,94.90,True
1677,"t=21.83,h=35.78,p=1011.37",46278,381.60,True
1678,"t=21.83,h=35.78,p=1011.36",46288,349.40,True
1679,"t=21.83,h=35.78,p=1011.36",46286,97.40,True
1680,"t=21.83,h=35.77,p=1011.37",46281,94.40,True
1681,"t=21.83,h=35.77,p=1011.37",46278,348.10,True
1682,"t=21.83,h=35.79,p=1011.38",46290,207.40,True
1683,"t=21.83,h=35.79,p=1011.38",46277,266.10,True
1684,"t=21.82,h=35.78,p=1011.35",46289,139.90,True
1685,"t=21.82,h=35.78,p=1011.35",46287,95.50,True
1686,"t=21.83,h=35.79,p=1011.38",46276,110.20,True
1687,"t=21.83,h=35.79,p=1011.38",46277,94.20,True
1688,"t=21.83,h=35.79,p=1011.35",46277,246.60,True
1689,"t=21.83,h=35.79,p=1011.35",46287,297.00,True
1690,"t=21.81,h=35.78,p=1011.34",46282,277.60,True
1691,"t=21.81,h=35.78,p=1011.34",46290,217.50,True
1692,"t=21.83,h=35.78,p=1011.40",46279,352.00,True
1693,"t=21.83,h=35.78,p=1011.40",46294,96.30,True
1694,"t=21.83,h=35.78,p=1011.36",46274,287.00,True
1695,"t=21.83,h=35.78,p=1011.36",46289,281.00,True
1696,"t=21.83,h=35.79,p=1011.36",46299,216.70,True
1697,"t=21.83,h=35.79,p=1011.36",46295,214.30,True
1698,"t=21.83,h=35.79,p=1011.36",46295,288.00,True
1699,"t=21.83,h=35.79,p=1011.36",46304,357.70,True
1700,"t=21.83,h=35.79,p=1011.36",46299,179.70,True
1701,"t=21.83,h=35.78,p=1011.34",46282,94.20,True
1702,"t=21.83,h=35.78,p=1011.34",46285,258.50,True
1703,"t=21.83,h=35.78,p=1011.35",46281,260.60,True
1704,"t=21.83,h=35.78,p=1011.35",46283,290.50,True
1705,"t=21.83,h=35.77,p=1011.34",46281,354.30,True
1706,"t=21.83,h=35.77,p=1011.34",46288,353.10,True
1707,"t=21.83,h=35.81,p=1011.38",46286,328.10,True
1708,"t=21.83,h=35.81,p=1011.38",46284,95.80,True
1709,"t=21.83,h=35.78,p=1011.36",46278,339.30,True
1710,"t=21.83,h=35.78,p=1011.36",46281,266.50,True
1711,"t=21.83,h=35.77,p=1011.35",46279,93.50,True
1712,"t=21.83,h=35.77,p=1011.35",46279,92.60,True
1713,"t=21.83,h=35.78,p=1011.35",46272,349.00,True
1714,"t=21.83,h=35.78,p=1011.35",46281,96.00,True
1715,"t=21.83,h=35.78,p=1011.38",46281,284.60,True
1716,"t=21.83,h=35.78,p=1011.38",46289,95.50,True
1717,"t=21.83,h=35.83,p=1011.37",46275,353.30,True
1718,"t=21.83,h=35.83,p=1011.37",46311,354.80,True
1719,"t=21.83,h=35.79,p=1011.37",46296,188.50,True
1720,"t=21.83,h=35.79,p=1011.37",46295,92.70,True
1721,"t=21.84,h=35.79,p=1011.34",46283,94.90,True
1722,"t=21.84,h=35.79,p=1011.34",46292,324.70,True
1723,"t=21.83,h=35.78,p=1011.35",46281,294.60,True
1724,"t=21.83,h=35.78,p=1011.35",46278,268.80,True
1725,"t=21.83,h=35.79,p=1011.33",46290,162.40,True
1726,"t=21.83,h=35.79,p=1011.33",46289,138.00,True
1727,"t=21.80,h=35.83,p=1011.32",46289,114.60,True
1728,"t=21.80,h=35.83,p=1011.32",46294,329.50,True
1729,"t=21.83,h=35.77,p=1011.33",46300,163.30,True
1730,"t=21.83,h=35.77,p=1011.33",46290,327.10,True
1731,"t=21.79,h=35.78,p=1011.25",46300,351.30,True
1732,"t=21.79,h=35.78,p=1011.25",46289,290.50,True
1733,"t=21.84,h=35.81,p=1011.35",46283,336.80,True
1734,"t=21.84,h=35.81,p=1011.35",46286,261.50,True
1735,"t=21.83,h=35.79,p=1011.34",46281,350.70,True
1736,"t=21.83,h=35.79,p=1011.34",46287,96.20,True
1737,"t=21.83,h=35.79,p=1011.36",46292,354.80,True
1738,"t=21.83,h=35.79,p=1011.36",46303,305.90,True
1739,"t=21.83,h=35.79,p=1011.37",46299,328.60,True
1740,"t=21.83,h=35.79,p=1011.37",46307,259.80,True
1741,"t=21.83,h=35.79,p=1011.36",46301,218.40,True
1742,"t=21.83,h=35.79,p=1011.36",46295,211.80,True
1743,"t=21.83,h=35.79,p=1011.36",46295,354.90,True
1744,"t=21.83,h=35.79,p=1011.36",46307,266.40,True
1745,"t=21.84,h=35.79,p=1011.36",46288,218.70,True
1746,"t=21.84,h=35.79,p=1011.36",46278,214.20,True
1747,"t=21.84,h=35.81,p=1011.35",46273,106.20,True
1748,"t=21.84,h=35.81,p=1011.35",46276,264.70,True
1749,"t=21.83,h=35.81,p=1011.33",46293,288.00,True
1750,"t=21.83,h=35.81,p=1011.33",46287,95.80,True
1751,"t=21.83,h=35.81,p=1011.34",46277,94.50,True
1752,"t=21.83,h=35.81,p=1011.34",46282,327.40,True
1753,"t=21.83,h=35.81,p=1011.34",46292,349.40,True
1754,"t=21.84,h=35.79,p=1011.33",46285,350.20,True
1755,"t=21.84,h=35.79,p=1011.33",46288,269.70,True
1756,"t=21.84,h=35.81,p=1011.32",46280,336.50,True
1757,"t=21.84,h=35.81,p=1011.32",46296,215.10,True
1758,"t=21.84,h=35.79,p=1011.33",46277,262.80,True
1759,"t=21.84,h=35.79,p=1011.33",46284,210.90,True
1760,"t=21.84,h=35.79,p=1011.34",46285,214.10,True
1761,"t=21.84,h=35.79,p=1011.34",46291,395.70,True
1762,"t=21.84,h=35.79,p=1011.33",46284,216.50,True
1763,"t=21.84,h=35.79,p=1011.33",46274,93.00,True
1764,"t=21.84,h=35.79,p=1011.35",46269,94.50,True
1765,"t=21.84,h=35.79,p=1011.35",46278,136.70,True
1766,"t=21.83,h=35.79,p=1011.33",46288,97.20,True
1767,"t=21.83,h=35.79,p=1011.33",46281,140.40,True
1768,"t=21.83,h=35.81,p=1011.34",46289,94.90,True
1769,"t=21.83,h=35.81,p=1011.34",46280,263.60,True
1770,"t=21.80,h=35.79,p=1011.31",46291,215.90,True
1771,"t=21.80,h=35.79,p=1011.31",46282,330.70,True
1772,"t=21.84,h=35.79,p=1011.34",46299,330.30,True
1773,"t=21.84,h=35.79,p=1011.34",46293,212.00,True
1774,"t=21.83,h=35.79,p=1011.34",46281,94.70,True
1775,"t=21.83,h=35.79,p=1011.34",46275,93.20,True
1776,"t=21.83,h=35.79,p=1011.33",46285,438.50,True
1777,"t=21.83,h=35.79,p=1011.33",46288,95.30,True
1778,"t=21.83,h=35.83,p=1011.32",46291,151.50,True
1779,"t=21.83,h=35.83,p=1011.32",46295,96.80,True
1780,"t=21.84,h=35.81,p=1011.33",46289,142.50,True
1781,"t=21.84,h=35.81,p=1011.33",46293,328.70,True
1782,"t=21.83,h=35.84,p=1011.32",46283,97.30,True
1783,"t=21.83,h=35.84,p=1011.32",46276,328.60,True
1784,"t=21.83,h=35.82,p=1011.33",46284,232.80,True
1785,"t=21.83,h=35.82,p=1011.33",46272,92.50,True
1786,"t=21.84,h=35.83,p=1011.33",46277,183.50,True
1787,"t=21.84,h=35.83,p=1011.33",46285,347.00,True
1788,"t=21.84,h=35.84,p=1011.33",46280,293.10,True
1789,"t=21.84,h=35.84,p=1011.33",46277,302.50,True
1790,"t=21.83,h=35.85,p=1011.38",46282,214.60,True
1791,"t=21.83,h=35.85,p=1011.38",46280,356.90,True
1792,"t=21.84,h=35.86,p=1011.36",46285,150.30,True
1793,"t=21.84,h=35.86,p=1011.36",46284,93.40,True
1794,"t=21.80,h=35.86,p=1011.30",46273,93.20,True
1795,"t=21.80,h=35.86,p=1011.30",46279,261.40,True
1796,"t=21.84,h=35.89,p=1011.32",46288,195.50,True
1797,"t=21.84,h=35.89,p=1011.32",46286,95.40,True
1798,"t=21.84,h=35.89,p=1011.36",46277,96.00,True
1799,"t=21.84,h=35.89,p=1011.36",46283,242.90,True
1800,"t=21.84,h=35.89,p=1011.35",46285,356.70,True
1801,"t=21.84,h=35.89,p=1011.35",46285,383.70,True
1802,"t=21.84,h=35.90,p=1011.35",46294,294.40,True
1803,"t=21.84,h=35.90,p=1011.35",46283,93.80,True
1804,"t=21.84,h=35.90,p=1011.35",46286,349.40,True
1805,"t=21.84,h=35.90,p=1011.35",46292,289.70,True
1806,"t=21.84,h=35.90,p=1011.35",46287,352.40,True
1807,"t=21.84,h=35.89,p=1011.36",46290,125.30,True
1808,"t=21.84,h=35.89,p=1011.36",46289,96.60,True
1809,"t=21.84,h=35.92,p=1011.36",46273,94.70,True
1810,"t=21.84,h=35.92,p=1011.36",46282,142.50,True
1811,"t=21.84,h=35.91,p=1011.34",46285,266.20,True
1812,"t=21.84,h=35.91,p=1011.34",46281,217.00,True
1813,"t=21.84,h=35.92,p=1011.31",46277,183.20,True
1814,"t=21.84,h=35.92,p=1011.31",46283,262.60,True
1815,"t=21.84,h=35.93,p=1011.34",46289,216.50,True
1816,"t=21.84,h=35.93,p=1011.34",46279,265.40,True
1817,"t=21.84,h=35.92,p=1011.33",46300,269.80,True
1818,"t=21.84,h=35.92,p=1011.33",46296,95.70,True
1819,"t=21.84,h=35.92,p=1011.35",46277,240.30,True
1820,"t=21.84,h=35.92,p=1011.35",46288,157.10,True
1821,"t=21.84,h=35.96,p=1011.33",46288,379.70,True
1822,"t=21.84,h=35.96,p=1011.33",46284,164.50,True
1823,"t=21.84,h=35.92,p=1011.33",46293,347.40,True
1824,"t=21.84,h=35.92,p=1011.33",46300,314.40,True
1825,"t=21.83,h=35.94,p=1011.31",46287,95.80,True
1826,"t=21.83,h=35.94,p=1011.31",46279,94.30,True
1827,"t=21.84,h=35.93,p=1011.34",46279,276.10,True
1828,"t=21.84,h=35.93,p=1011.34",46289,239.60,True
1829,"t=21.84,h=35.91,p=1011.31",46300,96.40,True
1830,"t=21.84,h=35.91,p=1011.31",46290,95.70,True
1831,"t=21.84,h=35.93,p=1011.34",46279,94.60,True
1832,"t=21.84,h=35.93,p=1011.34",46280,349.60,True
1833,"t=21.84,h=35.92,p=1011.33",46301,170.10,True
1834,"t=21.84,h=35.92,p=1011.33",46299,96.20,True
1835,"t=21.84,h=35.95,p=1011.33",46278,95.20,True
1836,"t=21.84,h=35.95,p=1011.33",46285,348.80,True
1837,"t=21.83,h=35.92,p=1011.32",46290,360.00,True
1838,"t=21.83,h=35.92,p=1011.32",46291,265.70,True
1839,"t=21.81,h=35.93,p=1011.29",46274,97.30,True
1840,"t=21.81,h=35.93,p=1011.29",46287,330.80,True
1841,"t=21.84,h=35.93,p=1011.36",46291,217.40,True
1842,"t=21.84,h=35.93,p=1011.36",46285,329.00,True
1843,"t=21.82,h=35.93,p=1011.31",46290,291.30,True
1844,"t=21.82,h=35.93,p=1011.31",46309,275.80,True
1845,"t=21.83,h=35.93,p=1011.32",46284,216.80,True
1846,"t=21.83,h=35.93,p=1011.32",46274,211.40,True
1847,"t=21.84,h=35.95,p=1011.29",46282,344.70,True
1848,"t=21.84,h=35.95,p=1011.29",46292,118.30,True
1849,"t=21.82,h=35.94,p=1011.28",46281,349.90,True
1850,"t=21.82,h=35.94,p=1011.28",46291,245.90,True
1851,"t=21.84,h=35.95,p=1011.35",46289,216.60,True
1852,"t=21.84,h=35.95,p=1011.35",46278,212.10,True
1853,"t=21.84,h=35.95,p=1011.34",46279,149.30,True
1854,"t=21.84,h=35.95,p=1011.34",46289,95.10,True
1855,"t=21.84,h=35.95,p=1011.34",46285,345.00,True
1856,"t=21.84,h=35.95,p=1011.34",46286,95.60,True
1857,"t=21.84,h=35.95,p=1011.34",46286,91.90,True
1858,"t=21.84,h=35.93,p=1011.34",46302,393.90,True
1859,"t=21.84,h=35.93,p=1011.34",46293,253.50,True
1860,"t=21.84,h=35.95,p=1011.32",46280,284.10,True
1861,"t=21.84,h=35.95,p=1011.32",46290,189.10,True
1862,"t=21.84,h=35.95,p=1011.34",46286,96.10,True
1863,"t=21.84,h=35.95,p=1011.34",46281,94.00,True
1864,"t=21.84,h=35.95,p=1011.31",46276,363.80,True
1865,"t=21.84,h=35.95,p=1011.31",46284,333.70,True
1866,"t=21.83,h=35.95,p=1011.31",46289,296.30,True
1867,"t=21.83,h=35.95,p=1011.31",46274,207.00,True
1868,"t=21.84,h=35.95,p=1011.31",46276,271.30,True
1869,"t=21.84,h=35.95,p=1011.31",46284,148.00,True
1870,"t=21.84,h=35.95,p=1011.34",46290,96.60,True
1871,"t=21.84,h=35.95,p=1011.34",46277,95.00,True
1872,"t=21.84,h=35.96,p=1011.33",46278,93.20,True
1873,"t=21.84,h=35.96,p=1011.33",46277,241.20,True
1874,"t=21.84,h=35.96,p=1011.35",46292,219.20,True
1875,"t=21.84,h=35.96,p=1011.35",46281,143.40,True
1876,"t=21.83,h=35.93,p=1011.33",46285,109.80,True
1877,"t=21.83,h=35.93,p=1011.33",46274,182.70,True
1878,"t=21.84,h=35.93,p=1011.32",46292,247.40,True
1879,"t=21.84,h=35.93,p=1011.32",46286,225.70,True
1880,"t=21.84,h=35.92,p=1011.32",46281,216.70,True
1881,"t=21.84,h=35.92,p=1011.32",46278,354.40,True
1882,"t=21.84,h=35.93,p=1011.34",46291,289.00,True
1883,"t=21.84,h=35.93,p=1011.34",46279,93.90,True
1884,"t=21.84,h=35.95,p=1011.34",46285,337.60,True
1885,"t=21.84,h=35.95,p=1011.34",46287,111.30,True
1886,"t=21.82,h=35.96,p=1011.30",46285,449.70,True
1887,"t=21.82,h=35.96,p=1011.30",46291,348.80,True
1888,"t=21.84,h=35.97,p=1011.33",46289,94.20,True
1889,"t=21.84,h=35.97,p=1011.33",46287,298.90,True
1890,"t=21.84,h=35.93,p=1011.35",46305,230.30,True
1891,"t=21.84,h=35.93,p=1011.35",46282,201.50,True
1892,"t=21.84,h=35.95,p=1011.36",46284,351.70,True
1893,"t=21.84,h=35.95,p=1011.36",46292,196.10,True
1894,"t=21.84,h=35.95,p=1011.34",46280,239.80,True
1895,"t=21.84,h=35.95,p=1011.34",46293,95.40,True
1896,"t=21.84,h=35.95,p=1011.33",46281,330.80,True
1897,"t=21.84,h=35.95,p=1011.33",46290,143.10,True
1898,"t=21.84,h=35.95,p=1011.31",46283,97.60,True
1899,"t=21.84,h=35.95,p=1011.31",46274,127.70,True
1900,"t=21.84,h=35.95,p=1011.35",46279,102.40,True
1901,"t=21.84,h=35.95,p=1011.35",46284,387.00,True
1902,"t=21.84,h=35.96,p=1011.33",46284,143.80,True
1903,"t=21.84,h=35.96,p=1011.33",46280,348.40,True
1904,"t=21.84,h=35.96,p=1011.33",46283,95.70,True
1905,"t=21.84,h=35.96,p=1011.33",46277,352.50,True
1906,"t=21.84,h=35.96,p=1011.33",46283,288.40,True
1907,"t=21.84,h=35.95,p=1011.34",46282,215.50,True
1908,"t=21.84,h=35.95,p=1011.34",46289,322.90,True
1909,"t=21.84,h=35.97,p=1011.33",46289,269.70,True
1910,"t=21.84,h=35.97,p=1011.33",46284,210.90,True
1911,"t=21.84,h=35.98,p=1011.32",46279,331.30,True
1912,"t=21.84,h=35.98,p=1011.32",46293,274.80,True
1913,"t=21.84,h=35.98,p=1011.34",46283,215.10,True
1914,"t=21.84,h=35.98,p=1011.34",46303,193.90,True
1915,"t=21.84,h=35.97,p=1011.33",46292,188.60,True
1916,"t=21.84,h=35.97,p=1011.33",46292,334.50,True
1917,"t=21.83,h=35.99,p=1011.32",46293,269.70,True
1918,"t=21.83,h=35.99,p=1011.32",46301,270.30,True
1919,"t=21.83,h=36.00,p=1011.33",46287,328.00,True
1920,"t=21.83,h=36.00,p=1011.33",46286,276.80,True
1921,"t=21.84,h=35.97,p=1011.34",46301,262.30,True
1922,"t=21.84,h=35.97,p=1011.34",46291,186.50,True
1923,"t=21.84,h=35.99,p=1011.33",46272,95.50,True
1924,"t=21.84,h=35.99,p=1011.33",46275,290.50,True
1925,"t=21.84,h=36.00,p=1011.32",46289,214.30,True
1926,"t=21.84,h=36.00,p=1011.32",46273,310.70,True
1927,"t=21.84,h=36.00,p=1011.32",46279,134.50,True
1928,"t=21.84,h=36.00,p=1011.32",46281,96.10,True
1929,"t=21.84,h=36.00,p=1011.34",46276,95.50,True
1930,"t=21.84,h=36.00,p=1011.34",46281,94.30,True
1931,"t=21.84,h=36.04,p=1011.35",46281,346.40,True
1932,"t=21.84,h=36.04,p=1011.35",46292,97.00,True
1933,"t=21.84,h=36.06,p=1011.36",46281,348.00,True
1934,"t=21.84,h=36.06,p=1011.36",46293,270.80,True
1935,"t=21.84,h=36.04,p=1011.33",46280,216.60,True
1936,"t=21.84,h=36.04,p=1011.33",46277,195.60,True
1937,"t=21.84,h=36.05,p=1011.33",46275,347.10,True
1938,"t=21.84,h=36.05,p=1011.33",46287,321.20,True
1939,"t=21.84,h=36.05,p=1011.34",46280,97.30,True
1940,"t=21.84,h=36.05,p=1011.34",46273,349.50,True
1941,"t=21.84,h=36.05,p=1011.36",46288,117.70,True
1942,"t=21.84,h=36.05,p=1011.36",46288,291.20,True
1943,"t=21.84,h=36.06,p=1011.35",46291,348.80,True
1944,"t=21.84,h=36.06,p=1011.35",46282,291.40,True
1945,"t=21.84,h=36.06,p=1011.34",46290,214.80,True
1946,"t=21.84,h=36.06,p=1011.34",46281,339.10,True
1947,"t=21.84,h=36.06,p=1011.33",46285,177.70,True
1948,"t=21.84,h=36.06,p=1011.33",46283,95.40,True
1949,"t=21.84,h=36.07,p=1011.31",46280,136.40,True
1950,"t=21.84,h=36.07,p=1011.31",46295,99.30,True
1951,"t=21.84,h=36.07,p=1011.35",46291,348.80,True
1952,"t=21.84,h=36.07,p=1011.35",46292,96.70,True
1953,"t=21.82,h=36.06,p=1011.33",46279,250.60,True
1954,"t=21.82,h=36.06,p=1011.33",46295,216.10,True
1955,"t=21.83,h=36.07,p=1011.31",46272,142.80,True
1956,"t=21.83,h=36.07,p=1011.31",46282,220.60,True
1957,"t=21.83,h=36.07,p=1011.33",46281,96.70,True
1958,"t=21.83,h=36.07,p=1011.33",46272,182.10,True
1959,"t=21.84,h=36.07,p=1011.36",46290,95.80,True
1960,"t=21.84,h=36.07,p=1011.36",46276,93.50,True
1961,"t=21.84,h=36.07,p=1011.36",46278,143.00,True
1962,"t=21.84,h=36.08,p=1011.36",46284,334.70,True
1963,"t=21.84,h=36.08,p=1011.36",46288,162.40,True
1964,"t=21.84,h=36.07,p=1011.33",46283,108.40,True
1965,"t=21.84,h=36.07,p=1011.33",46280,422.50,True
1966,"t=21.84,h=36.07,p=1011.29",46282,96.00,True
1967,"t=21.84,h=36.07,p=1011.29",46277,268.20,True
1968,"t=21.84,h=36.07,p=1011.33",46284,136.60,True
1969,"t=21.84,h=36.07,p=1011.33",46283,96.50,True
1970,"t=21.84,h=36.08,p=1011.34",46273,93.00,True
1971,"t=21.84,h=36.08,p=1011.34",46278,92.30,True
1972,"t=21.84,h=36.06,p=1011.32",46283,347.70,True
1973,"t=21.84,h=36.06,p=1011.32",46285,206.80,True
1974,"t=21.84,h=36.07,p=1011.35",46295,95.50,True
1975,"t=21.84,h=36.07,p=1011.35",46275,93.10,True
1976,"t=21.84,h=36.06,p=1011.34",46279,386.40,True
1977,"t=21.84,h=36.06,p=1011.34",46286,96.90,True
1978,"t=21.84,h=36.06,p=1011.32",46281,274.10,True
1979,"t=21.84,h=36.06,p=1011.32",46284,215.30,True
1980,"t=21.84,h=36.06,p=1011.30",46285,323.00,True
1981,"t=21.84,h=36.06,p=1011.30",46288,97.00,True
1982,"t=21.84,h=36.05,p=1011.32",46289,105.80,True
1983,"t=21.84,h=36.05,p=1011.32",46282,353.30,True
1984,"t=21.84,h=36.05,p=1011.32",46297,352.80,True
1985,"t=21.84,h=36.05,p=1011.32",46288,96.70,True
1986,"t=21.84,h=36.04,p=1011.33",46274,96.00,True
1987,"t=21.84,h=36.04,p=1011.33",46275,351.60,True
1988,"t=21.84,h=36.03,p=1011.34",46284,97.40,True
1989,"t=21.84,h=36.03,p=1011.34",46277,320.20,True
1990,"t=21.84,h=36.01,p=1011.32",46292,350.10,True
1991,"t=21.84,h=36.01,p=1011.32",46291,120.30,True
1992,"t=21.84,h=36.01,p=1011.33",46291,97.00,True
1993,"t=21.84,h=36.01,p=1011.33",46288,106.00,True
1994,"t=21.84,h=35.99,p=1011.35",46279,322.20,True
1995,"t=21.84,h=35.99,p=1011.35",46291,347.10,True
1996,"t=21.82,h=36.00,p=1011.31",46284,97.00,True
1997,"t=21.82,h=36.00,p=1011.31",46280,95.30,True
1998,"t=21.84,h=35.99,p=1011.34",46285,351.20,True
1999,"t=21.84,h=35.99,p=1011.34",46303,351.40,True
2000,"t=21.82,h=35.98,p=1011.32",46279,328.80,True
2001,"t=21.82,h=35.98,p=1011.32",46281,352.70,True
2002,"t=21.84,h=35.98,p=1011.31",46285,220.50,True
2003,"t=21.84,h=35.98,p=1011.31",46276,224.80,True
2004,"t=21.84,h=35.97,p=1011.34",46285,349.10,True
2005,"t=21.84,h=35.97,p=1011.34",46291,323.40,True
2006,"t=21.84,h=35.96,p=1011.35",46289,152.30,True
2007,"t=21.84,h=35.96,p=1011.35",46278,150.40,True
2008,"t=21.84,h=35.96,p=1011.31",46287,330.00,True
2009,"t=21.84,h=35.96,p=1011.31",46291,296.00,True
2010,"t=21.84,h=35.96,p=1011.34",46283,117.40,True
2011,"t=21.84,h=35.96,p=1011.34",46285,95.30,True
2012,"t=21.84,h=35.96,p=1011.33",46279,93.70,True
2013,"t=21.84,h=35.96,p=1011.33",46276,185.80,True
2014,"t=21.84,h=35.96,p=1011.33",46289,324.30,True
2015,"t=21.84,h=35.93,p=1011.32",46284,235.40,True
2016,"t=21.84,h=35.93,p=1011.32",46276,213.20,True
2017,"t=21.84,h=35.96,p=1011.31",46289,191.30,True
2018,"t=21.84,h=35.96,p=1011.31",46290,353.40,True
2019,"t=21.84,h=35.93,p=1011.33",46288,239.60,True
2020,"t=21.84,h=35.93,p=1011.33",46285,208.90,True
2021,"t=21.84,h=35.95,p=1011.33",46278,362.00,True
2022,"t=21.84,h=35.95,p=1011.33",46291,326.70,True
2023,"t=21.84,h=35.92,p=1011.34",46285,319.90,True
2024,"t=21.84,h=35.92,p=1011.34",46280,211.70,True
2025,"t=21.84,h=35.92,p=1011.32",46281,214.70,True
2026,"t=21.84,h=35.92,p=1011.32",46280,384.40,True
2027,"t=21.84,h=35.93,p=1011.31",46290,140.70,True
2028,"t=21.84,h=35.93,p=1011.31",46281,95.30,True
2029,"t=21.82,h=35.93,p=1011.27",46279,93.40,True
2030,"t=21.82,h=35.93,p=1011.27",46312,143.30,True
2031,"t=21.84,h=35.96,p=1011.35",46286,113.50,True
2032,"t=21.84,h=35.96,p=1011.35",46280,333.90,True
2033,"t=21.82,h=35.96,p=1011.28",46282,353.70,True
2034,"t=21.82,h=35.96,p=1011.28",46286,98.60,True
2035,"t=21.84,h=35.96,p=1011.33",46274,94.80,True
2036,"t=21.84,h=35.96,p=1011.33",46277,274.10,True
2037,"t=21.84,h=35.96,p=1011.34",46285,215.40,True
2038,"t=21.84,h=35.96,p=1011.34",46284,326.00,True
2039,"t=21.82,h=35.94,p=1011.30",46284,96.90,True
2040,"t=21.82,h=35.94,p=1011.30",46281,94.60,True
2041,"t=21.84,h=35.95,p=1011.31",46276,145.90,True
2042,"t=21.84,h=35.95,p=1011.31",46287,328.30,True
2043,"t=21.84,h=35.97,p=1011.35",46286,367.70,True
2044,"t=21.84,h=35.97,p=1011.35",46292,292.00,True
2045,"t=21.84,h=35.96,p=1011.30",46278,157.40,True
2046,"t=21.84,h=35.96,p=1011.30",46292,329.80,True
2047,"t=21.84,h=35.96,p=1011.32",46291,341.50,True
2048,"t=21.84,h=35.96,p=1011.32",46283,299.70,True
2049,"t=21.84,h=35.96,p=1011.31",46284,140.50,True
2050,"t=21.84,h=35.96,p=1011.31",46290,97.50,True
2051,"t=21.84,h=35.97,p=1011.33",46281,377.00,True
2052,"t=21.84,h=35.97,p=1011.33",46291,288.90,True
2053,"t=21.84,h=35.97,p=1011.34",46285,219.80,True
2054,"t=21.84,h=35.97,p=1011.34",46284,357.60,True
2055,"t=21.84,h=35.97,p=1011.33",46294,291.30,True
2056,"t=21.84,h=35.97,p=1011.33",46293,340.90,True
2057,"t=21.84,h=35.97,p=1011.34",46291,296.30,True
2058,"t=21.84,h=35.97,p=1011.34",46297,278.20,True
2059,"t=21.84,h=35.97,p=1011.34",46293,97.60,True
2060,"t=21.84,h=35.97,p=1011.34",46284,353.20,True
2061,"t=21.84,h=35.97,p=1011.34",46289,168.90,True
2062,"t=21.84,h=35.97,p=1011.34",46285,375.60,True
2063,"t=21.84,h=35.97,p=1011.34",46292,98.10,True
2064,"t=21.84,h=35.97,p=1011.34",46287,332.00,True
2065,"t=21.84,h=35.97,p=1011.34",46291,339.60,True
2066,"t=21.84,h=35.97,p=1011.35",46289,296.70,True
2067,"t=21.84,h=35.97,p=1011.35",46279,101.40,True
2068,"t=21.85,h=35.96,p=1011.34",46283,96.10,True
2069,"t=21.85,h=35.96,p=1011.34",46281,357.30,True
2070,"t=21.84,h=35.97,p=1011.35",46289,200.80,True
2071,"t=21.84,h=35.97,p=1011.35",46282,282.30,True
2072,"t=21.82,h=35.96,p=1011.30",46289,96.90,True
2073,"t=21.82,h=35.96,p=1011.30",46281,93.80,True
2074,"t=21.83,h=35.97,p=1011.32",46272,93.70,True
2075,"t=21.83,h=35.97,p=1011.32",46276,156.00,True
2076,"t=21.85,h=35.97,p=1011.34",46289,142.50,True
2077,"t=21.85,h=35.97,p=1011.34",46285,135.90,True
2078,"t=21.84,h=35.98,p=1011.33",46292,359.90,True
2079,"t=21.84,h=35.98,p=1011.33",46293,95.60,True
2080,"t=21.85,h=35.97,p=1011.35",46279,95.50,True
2081,"t=21.85,h=35.97,p=1011.35",46280,95.10,True
2082,"t=21.84,h=35.98,p=1011.36",46279,346.10,True
2083,"t=21.84,h=35.98,p=1011.36",46293,294.20,True
2084,"t=21.84,h=35.99,p=1011.33",46305,118.60,True
2085,"t=21.84,h=35.99,p=1011.33",46287,250.70,True
2086,"t=21.84,h=35.98,p=1011.32",46284,95.70,True
2087,"t=21.84,h=35.98,p=1011.32",46277,93.20,True
2088,"t=21.84,h=35.98,p=1011.34",46278,266.10,True
2089,"t=21.84,h=35.98,p=1011.34",46286,373.00,True
2090,"t=21.84,h=35.96,p=1011.31",46294,202.20,True
2091,"t=21.84,h=35.96,p=1011.31",46280,94.10,True
2092,"t=21.85,h=35.99,p=1011.34",46280,94.80,True
2093,"t=21.85,h=35.99,p=1011.34",46282,352.00,True
2094,"t=21.84,h=35.99,p=1011.34",46291,268.00,True
2095,"t=21.84,h=35.99,p=1011.34",46286,332.30,True
2096,"t=21.84,h=35.98,p=1011.33",46296,227.90,True
2097,"t=21.84,h=35.98,p=1011.33",46282,208.80,True
2098,"t=21.84,h=35.99,p=1011.35",46282,211.80,True
2099,"t=21.84,h=35.99,p=1011.35",46277,325.10,True
2100,"t=21.84,h=35.99,p=1011.33",46288,384.00,True
2101,"t=21.84,h=35.99,p=1011.33",46288,151.70,True
2102,"t=21.84,h=35.99,p=1011.34",46283,95.90,True
2103,"t=21.84,h=35.99,p=1011.34",46283,351.60,True
2104,"t=21.84,h=35.99,p=1011.34",46291,209.80,True
2105,"t=21.84,h=35.99,p=1011.34",46282,353.90,True
2106,"t=21.84,h=35.98,p=1011.34",46289,260.30,True
2107,"t=21.84,h=35.98,p=1011.34",46287,190.30,True
2108,"t=21.84,h=35.98,p=1011.33",46282,93.60,True
2109,"t=21.84,h=35.98,p=1011.33",46283,92.70,True
2110,"t=21.84,h=35.98,p=1011.36",46281,327.40,True
2111,"t=21.84,h=35.98,p=1011.36",46290,356.50,True
2112,"t=21.84,h=35.98,p=1011.34",46320,292.40,True
2113,"t=21.84,h=35.98,p=1011.34",46279,106.70,True
2114,"t=21.85,h=35.98,p=1011.34",46276,347.50,True
2115,"t=21.85,h=35.98,p=1011.34",46290,318.70,True
2116,"t=21.85,h=35.98,p=1011.34",46281,213.50,True
2117,"t=21.82,h=35.94,p=1011.30",46280,211.40,True
2118,"t=21.82,h=35.94,p=1011.30",46278,223.30,True
2119,"t=21.84,h=35.98,p=1011.36",46293,97.80,True
2120,"t=21.84,h=35.98,p=1011.36",46282,349.60,True
2121,"t=21.84,h=35.96,p=1011.35",46290,295.90,True
2122,"t=21.84,h=35.96,p=1011.35",46280,354.70,True
2123,"t=21.84,h=35.96,p=1011.34",46284,96.00,True
2124,"t=21.84,h=35.96,p=1011.34",46278,383.70,True
2125,"t=21.84,h=35.97,p=1011.34",46291,112.60,True
2126,"t=21.84,h=35.97,p=1011.34",46279,93.60,True
2127,"t=21.85,h=35.98,p=1011.36",46281,350.50,True
2128,"t=21.85,h=35.98,p=1011.36",46286,93.50,True
2129,"t=21.84,h=35.98,p=1011.34",46277,334.20,True
2130,"t=21.84,h=35.98,p=1011.34",46288,354.50,True
2131,"t=21.84,h=35.96,p=1011.34",46285,296.20,True
2132,"t=21.84,h=35.96,p=1011.34",46276,254.90,True
2133,"t=21.84,h=35.95,p=1011.35",46282,153.10,True
2134,"t=21.84,h=35.95,p=1011.35",46291,95.90,True
2135,"t=21.84,h=35.96,p=1011.36",46275,297.30,True
2136,"t=21.84,h=35.96,p=1011.36",46289,95.80,True
2137,"t=21.84,h=35.96,p=1011.32",46277,95.90,True
2138,"t=21.84,h=35.96,p=1011.32",46290,168.40,True
2139,"t=21.84,h=35.95,p=1011.31",46284,120.10,True
2140,"t=21.84,h=35.95,p=1011.31",46286,94.90,True
2141,"t=21.84,h=35.97,p=1011.33",46280,93.60,True
2142,"t=21.84,h=35.97,p=1011.33",46286,117.30,True
2143,"t=21.84,h=35.93,p=1011.34",46292,263.60,True
2144,"t=21.84,h=35.93,p=1011.34",46284,212.90,True
2145,"t=21.84,h=35.97,p=1011.34",46279,128.90,True
2146,"t=21.84,h=35.97,p=1011.34",46281,243.80,True
2147,"t=21.84,h=35.96,p=1011.33",46283,153.80,True
2148,"t=21.84,h=35.96,p=1011.33",46275,349.30,True
2149,"t=21.84,h=35.95,p=1011.34",46287,95.80,True
2150,"t=21.84,h=35.95,p=1011.34",46279,118.40,True
2151,"t=21.84,h=35.93,p=1011.34",46289,95.30,True
2152,"t=21.84,h=35.93,p=1011.34",46279,288.50,True
2153,"t=21.83,h=35.93,p=1011.29",46288,157.80,True
2154,"t=21.83,h=35.93,p=1011.29",46281,149.10,True
2155,"t=21.84,h=35.93,p=1011.31",46285,97.50,True
2156,"t=21.84,h=35.93,p=1011.31",46277,108.90,True
2157,"t=21.85,h=35.92,p=1011.33",46275,125.00,True
2158,"t=21.85,h=35.92,p=1011.33",46290,111.00,True
2159,"t=21.85,h=35.93,p=1011.30",46280,337.40,True
2160,"t=21.85,h=35.93,p=1011.30",46292,142.40,True
2161,"t=21.84,h=35.93,p=1011.32",46285,97.80,True
2162,"t=21.84,h=35.93,p=1011.32",46281,94.90,True
2163,"t=21.85,h=35.93,p=1011.28",46274,245.70,True
2164,"t=21.85,h=35.93,p=1011.28",46285,125.90,True
2165,"t=21.85,h=35.93,p=1011.30",46279,95.60,True
2166,"t=21.85,h=35.93,p=1011.30",46303,331.60,True
2167,"t=21.85,h=35.93,p=1011.30",46287,352.80,True
2168,"t=21.85,h=35.95,p=1011.32",46286,200.50,True
2169,"t=21.85,h=35.95,p=1011.32",46275,94.40,True
2170,"t=21.84,h=35.92,p=1011.29",46282,142.90,True
2171,"t=21.84,h=35.92,p=1011.29",46292,327.90,True
2172,"t=21.85,h=35.92,p=1011.33",46286,327.30,True
2173,"t=21.85,h=35.92,p=1011.33",46287,214.70,True
2174,"t=21.84,h=35.95,p=1011.32",46281,143.30,True
2175,"t=21.84,h=35.95,p=1011.32",46293,96.60,True
2176,"t=21.85,h=35.91,p=1011.34",46281,244.90,True
2177,"t=21.85,h=35.91,p=1011.34",46294,359.10,True
2178,"t=21.84,h=35.92,p=1011.35",46285,134.90,True
2179,"t=21.84,h=35.92,p=1011.35",46276,92.90,True
2180,"t=21.85,h=35.92,p=1011.33",46274,94.70,True
2181,"t=21.85,h=35.92,p=1011.33",46281,145.10,True
2182,"t=21.85,h=35.89,p=1011.32",46285,96.70,True
2183,"t=21.85,h=35.89,p=1011.32",46277,268.90,True
2184,"t=21.85,h=35.91,p=1011.33",46295,352.60,True
2185,"t=21.85,h=35.91,p=1011.33",46295,127.20,True
2186,"t=21.85,h=35.89,p=1011.35",46278,95.70,True
2187,"t=21.85,h=35.89,p=1011.35",46280,266.00,True
2188,"t=21.84,h=35.90,p=1011.35",46293,95.10,True
2189,"t=21.84,h=35.90,p=1011.35",46287,348.90,True
2190,"t=21.84,h=35.89,p=1011.32",46296,348.00,True
2191,"t=21.84,h=35.89,p=1011.32",46287,290.30,True
2192,"t=21.85,h=35.89,p=1011.36",46276,96.40,True
2193,"t=21.85,h=35.89,p=1011.36",46279,95.50,True
2194,"t=21.84,h=35.90,p=1011.32",46285,259.80,True
2195,"t=21.84,h=35.90,p=1011.32",46293,215.80,True
2196,"t=21.78,h=35.92,p=1011.22",46292,145.10,True
2197,"t=21.78,h=35.92,p=1011.22",46279,111.10,True
2198,"t=21.84,h=35.90,p=1011.32",46287,327.90,True
2199,"t=21.84,h=35.90,p=1011.32",46296,151.80,True
2200,"t=21.84,h=35.91,p=1011.33",46298,97.70,True
2201,"t=21.84,h=35.91,p=1011.33",46285,94.80,True
2202,"t=21.84,h=35.91,p=1011.32",46281,95.90,True
2203,"t=21.84,h=35.91,p=1011.32",46274,94.60,True
2204,"t=21.84,h=35.92,p=1011.31",46278,142.20,True
2205,"t=21.84,h=35.92,p=1011.31",46285,95.40,True
2206,"t=21.84,h=35.92,p=1011.31",46283,152.40,True
2207,"t=21.84,h=35.92,p=1011.31",46287,140.10,True
2208,"t=21.84,h=35.93,p=1011.31",46287,371.80,True
2209,"t=21.84,h=35.93,p=1011.31",46284,96.70,True
2210,"t=21.84,h=35.93,p=1011.30",46290,95.40,True
2211,"t=21.84,h=35.93,p=1011.30",46289,354.50,True
2212,"t=21.84,h=35.96,p=1011.33",46284,276.60,True
2213,"t=21.84,h=35.96,p=1011.33",46277,313.70,True
2214,"t=21.85,h=35.95,p=1011.34",46290,97.10,True
2215,"t=21.85,h=35.95,p=1011.34",46281,141.20,True
2216,"t=21.85,h=35.97,p=1011.30",46283,95.40,True
2217,"t=21.85,h=35.97,p=1011.30",46278,349.80,True
2218,"t=21.85,h=35.97,p=1011.31",46287,334.90,True
2219,"t=21.85,h=35.97,p=1011.31",46285,288.40,True
2220,"t=21.85,h=35.97,p=1011.31",46276,93.30,True
2221,"t=21.85,h=35.98,p=1011.34",46289,93.40,True
2222,"t=21.85,h=35.98,p=1011.34",46278,120.00,True
2223,"t=21.85,h=35.97,p=1011.32",46290,326.40,True
2224,"t=21.85,h=35.97,p=1011.32",46283,214.70,True
2225,"t=21.83,h=36.00,p=1011.29",46281,215.90,True
2226,"t=21.83,h=36.00,p=1011.29",46277,149.80,True
2227,"t=21.84,h=35.99,p=1011.34",46295,118.80,True
2228,"t=21.84,h=35.99,p=1011.34",46282,261.20,True
2229,"t=21.85,h=36.00,p=1011.33",46286,99.10,True
2230,"t=21.85,h=36.00,p=1011.33",46275,144.40,True
2231,"t=21.85,h=35.99,p=1011.34",46295,350.30,True
2232,"t=21.85,h=35.99,p=1011.34",46288,169.80,True
2233,"t=21.85,h=36.00,p=1011.34",46269,104.30,True
2234,"t=21.85,h=36.00,p=1011.34",46270,94.80,True
2235,"t=21.84,h=35.99,p=1011.35",46305,353.60,True
2236,"t=21.84,h=35.99,p=1011.35",46286,96.60,True
2237,"t=21.84,h=36.04,p=1011.33",46275,351.30,True
2238,"t=21.84,h=36.04,p=1011.33",46316,326.40,True
2239,"t=21.85,h=36.00,p=1011.36",46287,385.30,True
2240,"t=21.85,h=36.00,p=1011.36",46283,171.20,True
2241,"t=21.85,h=36.02,p=1011.35",46275,260.90,True
2242,"t=21.85,h=36.02,p=1011.35",46284,215.10,True
2243,"t=21.85,h=36.03,p=1011.34",46285,373.00,True
2244,"t=21.85,h=36.03,p=1011.34",46288,94.60,True
2245,"t=21.85,h=36.03,p=1011.34",46282,122.20,True
2246,"t=21.85,h=36.03,p=1011.34",46290,172.80,True
2247,"t=21.84,h=36.01,p=1011.31",46284,110.10,True
2248,"t=21.84,h=36.01,p=1011.31",46273,94.20,True
2249,"t=21.85,h=36.02,p=1011.33",46272,118.80,True
2250,"t=21.85,h=36.02,p=1011.33",46273,348.10,True
2251,"t=21.85,h=35.98,p=1011.34",46288,317.10,True
2252,"t=21.85,h=35.98,p=1011.34",46319,185.20,True
2253,"t=21.85,h=35.99,p=1011.34",46294,326.90,True
2254,"t=21.85,h=35.99,p=1011.34",46287,215.20,True
2255,"t=21.85,h=35.98,p=1011.33",46274,214.20,True
2256,"t=21.85,h=35.98,p=1011.33",46275,276.40,True
2257,"t=21.85,h=35.98,p=1011.34",46281,211.70,True
2258,"t=21.85,h=35.98,p=1011.34",46275,146.50,True
2259,"t=21.85,h=35.97,p=1011.31",46288,330.50,True
2260,"t=21.85,h=35.97,p=1011.31",46282,292.00,True
2261,"t=21.85,h=35.97,p=1011.33",46285,143.30,True
2262,"t=21.85,h=35.97,p=1011.33",46286,145.90,True
2263,"t=21.85,h=35.96,p=1011.35",46283,118.10,True
2264,"t=21.85,h=35.96,p=1011.35",46281,94.90,True
2265,"t=21.85,h=35.96,p=1011.32",46276,243.70,True
2266,"t=21.85,h=35.96,p=1011.32",46290,327.30,True
2267,"t=21.85,h=35.96,p=1011.32",46284,183.40,True
2268,"t=21.85,h=35.96,p=1011.32",46287,97.00,True
2269,"t=21.85,h=35.96,p=1011.30",46277,392.20,True
2270,"t=21.85,h=35.96,p=1011.30",46284,95.30,True
2271,"t=21.85,h=35.97,p=1011.33",46302,305.20,True
2272,"t=21.85,h=35.97,p=1011.33",46298,218.30,True
2273,"t=21.85,h=35.97,p=1011.33",46293,337.60,True
2274,"t=21.85,h=35.98,p=1011.32",46286,217.90,True
2275,"t=21.85,h=35.98,p=1011.32",46283,359.90,True
2276,"t=21.85,h=35.96,p=1011.32",46285,294.40,True
2277,"t=21.85,h=35.96,p=1011.32",46280,131.00,True
2278,"t=21.85,h=35.97,p=1011.34",46277,240.70,True
2279,"t=21.85,h=35.97,p=1011.34",46288,213.30,True
2280,"t=21.85,h=35.97,p=1011.34",46295,144.60,True
2281,"t=21.85,h=35.97,p=1011.34",46286,160.20,True
2282,"t=21.85,h=35.99,p=1011.32",46286,275.70,True
2283,"t=21.85,h=35.99,p=1011.32",46286,347.90,True
2284,"t=21.84,h=35.99,p=1011.36",46289,235.00,True
2285,"t=21.84,h=35.99,p=1011.36",46274,93.40,True
2286,"t=21.85,h=35.99,p=1011.35",46283,352.20,True
2287,"t=21.85,h=35.99,p=1011.35",46289,294.60,True
2288,"t=21.84,h=35.99,p=1011.34",46284,355.40,True
2289,"t=21.84,h=35.99,p=1011.34",46288,230.80,True
2290,"t=21.85,h=35.98,p=1011.35",46290,97.20,True
2291,"t=21.85,h=35.98,p=1011.35",46275,96.10,True
2292,"t=21.84,h=36.00,p=1011.33",46282,94.50,True
2293,"t=21.84,h=36.00,p=1011.33",46282,347.40,True
2294,"t=21.85,h=36.00,p=1011.35",46285,230.80,True
2295,"t=21.85,h=36.00,p=1011.35",46273,244.40,True
2296,"t=21.85,h=36.00,p=1011.35",46284,114.20,True
2297,"t=21.85,h=36.00,p=1011.35",46274,351.90,True
2298,"t=21.83,h=35.99,p=1011.32",46289,259.30,True
2299,"t=21.83,h=35.99,p=1011.32",46285,98.70,True
2300,"t=21.85,h=35.99,p=1011.36",46275,95.20,True
2301,"t=21.85,h=35.99,p=1011.36",46276,200.00,True
2302,"t=21.85,h=36.00,p=1011.35",46282,96.80,True
2303,"t=21.85,h=36.00,p=1011.35",46274,354.10,True
2304,"t=21.85,h=36.00,p=1011.37",46283,296.00,True
2305,"t=21.85,h=36.00,p=1011.37",46274,179.20,True
2306,"t=21.86,h=36.00,p=1011.35",46299,331.40,True
2307,"t=21.86,h=36.00,p=1011.35",46298,295.40,True
2308,"t=21.85,h=36.02,p=1011.35",46277,260.40,True
2309,"t=21.85,h=36.02,p=1011.35",46289,216.40,True
2310,"t=21.85,h=36.02,p=1011.34",46277,145.80,True
2311,"t=21.85,h=36.02,p=1011.34",46287,95.10,True
2312,"t=21.85,h=36.02,p=1011.35",46279,95.90,True
2313,"t=21.85,h=36.02,p=1011.35",46281,385.60,True
2314,"t=21.86,h=36.03,p=1011.33",46294,95.90,True
2315,"t=21.86,h=36.03,p=1011.33",46279,93.70,True
2316,"t=21.85,h=36.03,p=1011.36",46274,358.60,True
2317,"t=21.85,h=36.03,p=1011.36",46285,120.70,True
2318,"t=21.85,h=36.03,p=1011.36",46275,175.80,True
2319,"t=21.85,h=36.03,p=1011.36",46285,352.60,True
2320,"t=21.85,h=36.03,p=1011.37",46284,178.40,True
2321,"t=21.85,h=36.03,p=1011.37",46276,147.40,True
2322,"t=21.85,h=36.04,p=1011.39",46287,94.10,True
2323,"t=21.85,h=36.04,p=1011.39",46276,346.30,True
2324,"t=21.85,h=36.04,p=1011.39",46285,215.10,True
2325,"t=21.86,h=36.02,p=1011.39",46281,95.90,True
2326,"t=21.86,h=36.02,p=1011.39",46277,93.90,True
2327,"t=21.85,h=36.03,p=1011.34",46282,354.00,True
2328,"t=21.85,h=36.03,p=1011.34",46296,192.50,True
2329,"t=21.85,h=36.05,p=1011.33",46288,355.50,True
2330,"t=21.85,h=36.05,p=1011.33",46295,143.20,True
2331,"t=21.85,h=36.03,p=1011.35",46292,355.80,True
2332,"t=21.85,h=36.03,p=1011.35",46292,244.30,True
2333,"t=21.86,h=36.05,p=1011.37",46276,94.60,True
2334,"t=21.86,h=36.05,p=1011.37",46277,137.20,True
2335,"t=21.85,h=36.04,p=1011.36",46296,136.50,True
2336,"t=21.85,h=36.04,p=1011.36",46292,354.00,True
2337,"t=21.86,h=36.05,p=1011.35",46289,296.10,True
2338,"t=21.86,h=36.05,p=1011.35",46278,397.60,True
2339,"t=21.83,h=36.03,p=1011.30",46291,120.50,True
2340,"t=21.83,h=36.03,p=1011.30",46280,350.90,True
2341,"t=21.85,h=36.03,p=1011.33",46292,96.50,True
2342,"t=21.85,h=36.03,p=1011.33",46280,309.20,True
2343,"t=21.85,h=36.04,p=1011.35",46285,352.20,True
2344,"t=21.85,h=36.04,p=1011.35",46277,268.10,True
2345,"t=21.85,h=36.03,p=1011.38",46281,215.60,True
2346,"t=21.85,h=36.03,p=1011.38",46275,347.70,True
2347,"t=21.85,h=36.03,p=1011.35",46312,297.90,True
2348,"t=21.85,h=36.03,p=1011.35",46283,96.70,True
2349,"t=21.85,h=36.05,p=1011.35",46282,371.40,True
2350,"t=21.85,h=36.05,p=1011.35",46293,353.90,True
2351,"t=21.85,h=36.06,p=1011.35",46297,98.00,True
2352,"t=21.85,h=36.06,p=1011.35",46278,96.20,True
2353,"t=21.86,h=36.04,p=1011.34",46275,351.50,True
2354,"t=21.86,h=36.04,p=1011.34",46283,164.30,True
2355,"t=21.85,h=36.06,p=1011.32",46283,350.80,True
2356,"t=21.85,h=36.06,p=1011.32",46280,278.20,True
2357,"t=21.85,h=36.00,p=1011.33",46278,349.60,True
2358,"t=21.85,h=36.00,p=1011.33",46281,245.40,True
2359,"t=21.85,h=36.04,p=1011.37",46284,246.50,True
2360,"t=21.85,h=36.04,p=1011.37",46289,214.10,True
2361,"t=21.85,h=36.04,p=1011.34",46278,356.80,True
2362,"t=21.85,h=36.04,p=1011.34",46285,282.20,True
2363,"t=21.85,h=36.04,p=1011.35",46278,204.10,True
2364,"t=21.85,h=36.04,p=1011.35",46280,96.40,True
2365,"t=21.85,h=36.04,p=1011.35",46270,95.30,True
2366,"t=21.85,h=36.04,p=1011.35",46273,345.80,True
2367,"t=21.85,h=36.04,p=1011.36",46294,215.90,True
2368,"t=21.85,h=36.04,p=1011.36",46284,348.50,True
2369,"t=21.86,h=36.04,p=1011.36",46288,386.40,True
2370,"t=21.86,h=36.04,p=1011.36",46285,276.40,True
2371,"t=21.86,h=36.04,p=1011.40",46283,95.80,True
2372,"t=21.86,h=36.04,p=1011.40",46292,385.00,True
2373,"t=21.84,h=36.05,p=1011.32",46291,328.50,True
2374,"t=21.84,h=36.05,p=1011.32",46293,313.50,True
2375,"t=21.84,h=36.05,p=1011.33",46284,203.40,True
2376,"t=21.84,h=36.05,p=1011.33",46281,368.90,True
2377,"t=21.84,h=36.05,p=1011.33",46287,173.00,True
2378,"t=21.83,h=36.03,p=1011.31",46287,193.90,True
2379,"t=21.83,h=36.03,p=1011.31",46294,316.80,True
2380,"t=21.84,h=36.06,p=1011.32",46282,366.80,True
2381,"t=21.84,h=36.06,p=1011.32",46283,245.80,True
2382,"t=21.85,h=36.05,p=1011.38",46274,95.30,True
2383,"t=21.85,h=36.05,p=1011.38",46276,92.90,True
2384,"t=21.85,h=36.05,p=1011.33",46302,352.00,True
2385,"t=21.85,h=36.05,p=1011.33",46292,326.20,True
2386,"t=21.85,h=36.04,p=1011.38",46286,215.40,True
2387,"t=21.85,h=36.04,p=1011.38",46276,328.50,True
2388,"t=21.86,h=36.03,p=1011.36",46287,306.50,True
2389,"t=21.86,h=36.03,p=1011.36",46275,122.60,True
2390,"t=21.85,h=36.05,p=1011.33",46294,381.70,True
2391,"t=21.85,h=36.05,p=1011.33",46291,349.90,True
2392,"t=21.85,h=36.03,p=1011.33",46288,301.80,True
2393,"t=21.85,h=36.03,p=1011.33",46276,145.70,True
2394,"t=21.85,h=36.05,p=1011.34",46286,348.40,True
2395,"t=21.85,h=36.05,p=1011.34",46285,210.00,True
2396,"t=21.85,h=36.03,p=1011.37",46274,215.20,True
2397,"t=21.85,h=36.03,p=1011.37",46275,213.90,True
2398,"t=21.86,h=36.05,p=1011.36",46285,244.10,True
2399,"t=21.86,h=36.05,p=1011.36",46284,213.10,True
2400,"t=21.86,h=36.06,p=1011.37",46281,350.60,True
2401,"t=21.86,h=36.06,p=1011.37",46293,155.40,True
2402,"t=21.85,h=36.05,p=1011.34",46284,374.20,True
2403,"t=21.85,h=36.05,p=1011.34",46289,211.90,True
2404,"t=21.86,h=36.06,p=1011.36",46274,215.90,True
2405,"t=21.86,h=36.06,p=1011.36",46277,352.90,True
2406,"t=21.86,h=36.07,p=1011.36",46291,293.60,True
2407,"t=21.86,h=36.07,p=1011.36",46281,156.80,True
2408,"t=21.85,h=36.07,p=1011.37",46290,117.60,True
2409,"t=21.85,h=36.07,p=1011.37",46283,94.80,True
2410,"t=21.86,h=36.06,p=1011.36",46279,95.20,True
2411,"t=21.86,h=36.06,p=1011.36",46276,231.80,True
2412,"t=21.86,h=36.09,p=1011.36",46288,352.50,True
2413,"t=21.86,h=36.09,p=1011.36",46283,97.20,True
2414,"t=21.86,h=36.09,p=1011.37",46282,94.00,True
2415,"t=21.86,h=36.09,p=1011.37",46282,294.50,True
2416,"t=21.86,h=36.09,p=1011.37",46292,344.30,True
2417,"t=21.86,h=36.09,p=1011.37",46287,293.90,True
2418,"t=21.86,h=36.10,p=1011.39",46300,213.00,True
2419,"t=21.86,h=36.10,p=1011.39",46279,209.90,True
2420,"t=21.86,h=36.09,p=1011.34",46273,154.20,True
2421,"t=21.86,h=36.09,p=1011.34",46282,351.00,True
2422,"t=21.84,h=36.11,p=1011.31",46284,97.80,True
2423,"t=21.84,h=36.11,p=1011.31",46274,94.80,True
2424,"t=21.86,h=36.10,p=1011.37",46275,252.60,True
2425,"t=21.86,h=36.10,p=1011.37",46284,95.40,True
2426,"t=21.86,h=36.11,p=1011.32",46283,142.40,True
2427,"t=21.86,h=36.11,p=1011.32",46290,195.10,True
2428,"t=21.86,h=36.11,p=1011.32",46289,96.90,True
2429,"t=21.86,h=36.10,p=1011.35",46278,95.50,True
2430,"t=21.86,h=36.10,p=1011.35",46275,93.80,True
2431,"t=21.86,h=36.11,p=1011.38",46309,357.50,True
2432,"t=21.86,h=36.11,p=1011.38",46287,252.90,True
2433,"t=21.86,h=36.11,p=1011.38",46281,122.30,True
2434,"t=21.86,h=36.11,p=1011.38",46288,350.10,True
2435,"t=21.86,h=36.13,p=1011.38",46284,355.10,True
2436,"t=21.86,h=36.13,p=1011.38",46283,97.10,True
2437,"t=21.86,h=36.11,p=1011.33",46276,175.20,True
2438,"t=21.86,h=36.11,p=1011.33",46287,379.40,True
2439,"t=21.86,h=36.09,p=1011.35",46284,350.70,True
2440,"t=21.86,h=36.09,p=1011.35",46290,349.30,True
2441,"t=21.86,h=36.13,p=1011.39",46281,262.20,True
2442,"t=21.86,h=36.13,p=1011.39",46284,94.70,True
2443,"t=21.86,h=36.11,p=1011.36",46282,350.70,True
2444,"t=21.86,h=36.11,p=1011.36",46288,111.50,True
2445,"t=21.86,h=36.11,p=1011.36",46280,93.70,True
2446,"t=21.86,h=36.11,p=1011.36",46279,282.80,True
2447,"t=21.86,h=36.10,p=1011.32",46285,347.40,True
2448,"t=21.86,h=36.10,p=1011.32",46283,220.50,True
2449,"t=21.86,h=36.10,p=1011.36",46269,96.30,True
2450,"t=21.86,h=36.10,p=1011.36",46274,345.90,True
2451,"t=21.86,h=36.10,p=1011.37",46285,288.40,True
2452,"t=21.86,h=36.10,p=1011.37",46283,210.60,True
2453,"t=21.84,h=36.11,p=1011.31",46273,125.40,True
2454,"t=21.84,h=36.11,p=1011.31",46279,353.50,True
2455,"t=21.86,h=36.09,p=1011.36",46290,242.90,True
2456,"t=21.86,h=36.09,p=1011.36",46279,350.80,True
2457,"t=21.84,h=36.11,p=1011.35",46295,117.00,True
2458,"t=21.84,h=36.11,p=1011.35",46286,93.70,True
2459,"t=21.86,h=36.10,p=1011.33",46279,96.40,True
2460,"t=21.86,h=36.10,p=1011.33",46274,96.40,True
2461,"t=21.86,h=36.09,p=1011.36",46279,144.00,True
2462,"t=21.86,h=36.09,p=1011.36",46285,382.00,True
2463,"t=21.86,h=36.09,p=1011.34",46286,243.50,True
2464,"t=21.86,h=36.09,p=1011.34",46272,94.80,True
2465,"t=21.86,h=36.08,p=1011.36",46281,347.00,True
2466,"t=21.86,h=36.08,p=1011.36",46283,280.40,True
2467,"t=21.86,h=36.06,p=1011.37",46286,216.70,True
2468,"t=21.86,h=36.06,p=1011.37",46277,210.60,True
2469,"t=21.86,h=36.06,p=1011.35",46278,154.20,True
2470,"t=21.86,h=36.06,p=1011.35",46285,96.30,True
2471,"t=21.85,h=36.05,p=1011.36",46273,352.00,True
2472,"t=21.85,h=36.05,p=1011.36",46281,295.20,True
2473,"t=21.86,h=36.05,p=1011.34",46293,95.90,True
2474,"t=21.86,h=36.05,p=1011.34",46282,458.40,True
2475,"t=21.86,h=36.04,p=1011.36",46288,294.70,True
2476,"t=21.86,h=36.04,p=1011.36",46279,137.80,True
2477,"t=21.86,h=36.03,p=1011.34",46290,290.50,True
2478,"t=21.86,h=36.03,p=1011.34",46289,237.80,True
2479,"t=21.86,h=36.03,p=1011.34",46278,111.90,True
2480,"t=21.86,h=36.03,p=1011.37",46284,347.80,True
2481,"t=21.86,h=36.03,p=1011.37",46286,264.10,True
2482,"t=21.86,h=36.02,p=1011.37",46291,215.60,True
2483,"t=21.86,h=36.02,p=1011.37",46276,117.20,True
2484,"t=21.86,h=36.00,p=1011.35",46289,266.10,True
2485,"t=21.86,h=36.00,p=1011.35",46291,213.10,True
2486,"t=21.86,h=35.99,p=1011.35",46288,191.70,True
2487,"t=21.86,h=35.99,p=1011.35",46292,246.30,True
2488,"t=21.86,h=35.98,p=1011.37",46297,290.90,True
2489,"t=21.86,h=35.98,p=1011.37",46284,95.50,True
2490,"t=21.85,h=35.98,p=1011.33",46273,95.90,True
2491,"t=21.85,h=35.98,p=1011.33",46278,357.10,True
2492,"t=21.86,h=35.98,p=1011.37",46288,341.40,True
2493,"t=21.86,h=35.98,p=1011.37",46293,95.60,True
2494,"t=21.86,h=35.97,p=1011.32",46271,95.60,True
2495,"t=21.86,h=35.97,p=1011.32",46274,352.20,True
2496,"t=21.86,h=35.95,p=1011.35",46288,354.00,True
2497,"t=21.86,h=35.95,p=1011.35",46297,288.20,True
2498,"t=21.86,h=35.97,p=1011.37",46279,95.90,True
2499,"t=21.86,h=35.97,p=1011.37",46286,155.30,True
2500,"t=21.86,h=35.95,p=1011.36",46280,99.60,True
2501,"t=21.86,h=35.95,p=1011.36",46278,200.10,True
2502,"t=21.86,h=35.95,p=1011.34",46282,110.80,True
2503,"t=21.86,h=35.95,p=1011.34",46277,94.50,True
2504,"t=21.86,h=35.94,p=1011.34",46279,316.00,True
2505,"t=21.86,h=35.94,p=1011.34",46289,153.80,True
2506,"t=21.86,h=35.95,p=1011.35",46290,142.30,True
2507,"t=21.86,h=35.95,p=1011.35",46292,345.50,True
2508,"t=21.86,h=35.95,p=1011.36",46286,98.00,True
2509,"t=21.86,h=35.95,p=1011.36",46269,95.40,True
2510,"t=21.86,h=35.92,p=1011.36",46277,234.40,True
2511,"t=21.86,h=35.92,p=1011.36",46286,95.20,True
2512,"t=21.86,h=35.91,p=1011.34",46278,325.30,True
2513,"t=21.86,h=35.91,p=1011.34",46289,95.70,True
2514,"t=21.86,h=35.94,p=1011.35",46287,94.40,True
2515,"t=21.86,h=35.94,p=1011.35",46309,349.70,True
2516,"t=21.86,h=35.92,p=1011.35",46325,355.00,True
2517,"t=21.86,h=35.92,p=1011.35",46282,263.60,True
2518,"t=21.86,h=35.91,p=1011.35",46276,94.30,True
2519,"t=21.86,h=35.91,p=1011.35",46282,147.40,True
2520,"t=21.86,h=35.91,p=1011.34",46285,366.40,True
2521,"t=21.86,h=35.91,p=1011.34",46282,228.10,True
2522,"t=21.86,h=35.92,p=1011.34",46277,95.80,True
2523,"t=21.86,h=35.92,p=1011.34",46282,235.60,True
2524,"t=21.86,h=35.91,p=1011.37",46279,95.00,True
2525,"t=21.86,h=35.91,p=1011.37",46275,96.40,True
2526,"t=21.84,h=35.92,p=1011.32",46276,383.00,True
2527,"t=21.84,h=35.92,p=1011.32",46287,352.40,True
2528,"t=21.84,h=35.92,p=1011.34",46281,200.70,True
2529,"t=21.84,h=35.92,p=1011.34",46269,94.00,True
2530,"t=21.86,h=35.91,p=1011.32",46274,272.70,True
2531,"t=21.86,h=35.91,p=1011.32",46283,350.60,True
2532,"t=21.86,h=35.91,p=1011.32",46285,95.90,True
2533,"t=21.86,h=35.92,p=1011.34",46276,109.00,True
2534,"t=21.86,h=35.92,p=1011.34",46284,354.00,True
2535,"t=21.86,h=35.91,p=1011.38",46282,346.30,True
2536,"t=21.86,h=35.91,p=1011.38",46288,140.80,True
2537,"t=21.86,h=35.92,p=1011.36",46275,167.40,True
2538,"t=21.86,h=35.92,p=1011.36",46283,384.50,True
2539,"t=21.86,h=35.90,p=1011.36",46287,151.80,True
2540,"t=21.86,h=35.90,p=1011.36",46281,97.40,True
2541,"t=21.86,h=35.89,p=1011.35",46288,190.70,True
2542,"t=21.86,h=35.89,p=1011.35",46298,168.50,True
2543,"t=21.86,h=35.92,p=1011.34",46286,97.30,True
2544,"t=21.86,h=35.92,p=1011.34",46280,107.00,True
2545,"t=21.86,h=35.90,p=1011.37",46288,354.30,True
2546,"t=21.86,h=35.90,p=1011.37",46289,130.20,True
2547,"t=21.86,h=35.94,p=1011.39",46297,205.50,True
2548,"t=21.86,h=35.94,p=1011.39",46280,95.90,True
2549,"t=21.86,h=35.92,p=1011.34",46284,353.40,True
2550,"t=21.86,h=35.92,p=1011.34",46287,380.20,True
2551,"t=21.86,h=35.92,p=1011.33",46286,198.20,True
2552,"t=21.86,h=35.92,p=1011.33",46287,241.80,True
2553,"t=21.86,h=35.91,p=1011.32",46280,222.30,True
2554,"t=21.86,h=35.91,p=1011.32",46274,211.60,True
2555,"t=21.86,h=35.91,p=1011.31",46285,347.40,True
2556,"t=21.86,h=35.91,p=1011.31",46287,345.20,True
2557,"t=21.86,h=35.90,p=1011.35",46286,341.50,True
2558,"t=21.86,h=35.90,p=1011.35",46288,289.40,True
2559,"t=21.86,h=35.92,p=1011.33",46274,96.00,True
2560,"t=21.86,h=35.92,p=1011.33",46276,356.50,True
2561,"t=21.86,h=35.92,p=1011.33",46284,191.00,True
2562,"t=21.86,h=35.92,p=1011.33",46278,191.90,True
2563,"t=21.86,h=35.92,p=1011.37",46282,96.30,True
2564,"t=21.86,h=35.92,p=1011.37",46283,284.40,True
2565,"t=21.85,h=35.93,p=1011.33",46283,351.90,True
2566,"t=21.85,h=35.93,p=1011.33",46287,193.00,True
2567,"t=21.86,h=35.92,p=1011.37",46272,95.30,True
2568,"t=21.86,h=35.92,p=1011.37",46280,353.60,True
2569,"t=21.86,h=35.92,p=1011.34",46286,333.10,True
2570,"t=21.86,h=35.92,p=1011.34",46284,295.80,True
2571,"t=21.86,h=35.92,p=1011.36",46305,98.80,True
2572,"t=21.86,h=35.92,p=1011.36",46284,93.60,True
2573,"t=21.86,h=35.92,p=1011.30",46280,338.80,True
2574,"t=21.86,h=35.92,p=1011.30",46283,173.90,True
2575,"t=21.86,h=35.94,p=1011.34",46278,194.40,True
2576,"t=21.86,h=35.94,p=1011.34",46285,352.80,True
2577,"t=21.85,h=35.92,p=1011.31",46288,259.10,True
2578,"t=21.85,h=35.92,p=1011.31",46279,352.60,True
2579,"t=21.86,h=35.94,p=1011.34",46288,329.10,True
2580,"t=21.86,h=35.94,p=1011.34",46281,169.00,True
2581,"t=21.86,h=35.94,p=1011.32",46288,348.20,True
2582,"t=21.86,h=35.94,p=1011.32",46283,343.60,True
2583,"t=21.86,h=35.94,p=1011.35",46296,120.00,True
2584,"t=21.86,h=35.94,p=1011.35",46290,95.00,True
2585,"t=21.86,h=35.94,p=1011.35",46288,93.80,True
2586,"t=21.86,h=35.95,p=1011.35",46281,136.50,True
2587,"t=21.86,h=35.95,p=1011.35",46287,229.00,True
2588,"t=21.86,h=35.98,p=1011.37",46288,215.50,True
2589,"t=21.86,h=35.98,p=1011.37",46283,184.10,True
2590,"t=21.86,h=35.96,p=1011.34",46285,293.20,True
2591,"t=21.86,h=35.96,p=1011.34",46275,211.10,True
2592,"t=21.84,h=35.97,p=1011.32",46279,353.40,True
2593,"t=21.84,h=35.97,p=1011.32",46279,151.50,True
2594,"t=21.86,h=35.99,p=1011.33",46283,352.30,True
2595,"t=21.86,h=35.99,p=1011.33",46282,96.30,True
2596,"t=21.86,h=35.99,p=1011.35",46309,349.80,True
2597,"t=21.86,h=35.99,p=1011.35",46295,331.50,True
2598,"t=21.86,h=35.99,p=1011.34",46285,289.50,True
2599,"t=21.86,h=35.99,p=1011.34",46291,340.30,True
2600,"t=21.86,h=35.99,p=1011.34",46286,380.60,True
2601,"t=21.86,h=35.99,p=1011.34",46287,101.60,True
2602,"t=21.85,h=35.96,p=1011.35",46273,93.60,True
2603,"t=21.85,h=35.96,p=1011.35",46276,354.80,True
2604,"t=21.86,h=35.99,p=1011.35",46292,97.30,True
2605,"t=21.86,h=35.99,p=1011.35",46284,370.50,True
2606,"t=21.86,h=35.98,p=1011.34",46293,96.20,True
2607,"t=21.86,h=35.98,p=1011.34",46284,350.50,True
2608,"t=21.85,h=35.98,p=1011.34",46286,94.60,True
2609,"t=21.85,h=35.98,p=1011.34",46274,92.90,True
2610,"t=21.84,h=35.99,p=1011.32",46276,350.90,True
2611,"t=21.84,h=35.99,p=1011.32",46284,322.30,True
2612,"t=21.84,h=35.97,p=1011.29",46290,216.40,True
2613,"t=21.84,h=35.97,p=1011.29",46279,212.70,True
2614,"t=21.86,h=35.98,p=1011.38",46288,194.40,True
2615,"t=21.86,h=35.98,p=1011.38",46290,96.60,True
2616,"t=21.86,h=35.98,p=1011.36",46279,180.10,True
2617,"t=21.86,h=35.98,p=1011.36",46283,269.90,True
2618,"t=21.86,h=35.99,p=1011.33",46281,215.80,True
2619,"t=21.86,h=35.99,p=1011.33",46275,155.10,True
2620,"t=21.86,h=35.99,p=1011.35",46290,143.30,True
2621,"t=21.86,h=35.99,p=1011.35",46292,300.10,True
2622,"t=21.86,h=35.99,p=1011.37",46281,215.20,True
2623,"t=21.86,h=35.99,p=1011.37",46273,211.30,True
2624,"t=21.86,h=36.01,p=1011.38",46281,263.00,True
2625,"t=21.86,h=36.01,p=1011.38",46289,167.30,True
2626,"t=21.86,h=35.99,p=1011.34",46279,93.90,True
2627,"t=21.86,h=35.99,p=1011.34",46302,326.80,True
2628,"t=21.86,h=36.01,p=1011.34",46297,267.40,True
2629,"t=21.86,h=36.01,p=1011.34",46295,215.90,True
2630,"t=21.86,h=36.01,p=1011.33",46269,139.10,True
2631,"t=21.86,h=36.01,p=1011.33",46282,351.00,True
2632,"t=21.86,h=36.01,p=1011.35",46285,275.10,True
2633,"t=21.86,h=36.01,p=1011.35",46287,216.80,True
2634,"t=21.86,h=36.01,p=1011.33",46268,135.70,True
2635,"t=21.86,h=36.01,p=1011.33",46276,241.90,True
2636,"t=21.86,h=36.01,p=1011.33",46278,215.00,True
2637,"t=21.86,h=36.01,p=1011.37",46280,326.70,True
2638,"t=21.86,h=36.01,p=1011.37",46281,391.10,True
2639,"t=21.86,h=36.02,p=1011.38",46284,221.50,True
2640,"t=21.86,h=36.02,p=1011.38",46279,92.10,True
2641,"t=21.86,h=36.02,p=1011.32",46276,93.50,True
2642,"t=21.86,h=36.02,p=1011.32",46285,136.40,True
2643,"t=21.86,h=36.03,p=1011.36",46283,95.10,True
2644,"t=21.86,h=36.03,p=1011.36",46276,345.20,True
2645,"t=21.86,h=36.03,p=1011.33",46283,295.60,True
2646,"t=21.86,h=36.03,p=1011.33",46276,291.80,True
2647,"t=21.86,h=36.04,p=1011.36",46288,96.30,True
2648,"t=21.86,h=36.04,p=1011.36",46282,140.40,True
2649,"t=21.86,h=36.03,p=1011.35",46282,95.80,True
2650,"t=21.86,h=36.03,p=1011.35",46280,95.20,True
2651,"t=21.86,h=36.02,p=1011.36",46280,390.50,True
2652,"t=21.86,h=36.02,p=1011.36",46289,144.60,True
2653,"t=21.86,h=36.04,p=1011.36",46286,95.80,True
2654,"t=21.86,h=36.04,p=1011.36",46284,95.50,True
2655,"t=21.86,h=36.05,p=1011.35",46279,374.90,True
2656,"t=21.86,h=36.05,p=1011.35",46305,301.60,True
2657,"t=21.86,h=36.06,p=1011.36",46280,217.00,True
2658,"t=21.86,h=36.06,p=1011.36",46273,213.30,True
2659,"t=21.86,h=36.05,p=1011.33",46296,137.00,True
2660,"t=21.86,h=36.05,p=1011.33",46286,97.70,True
2661,"t=21.86,h=36.04,p=1011.37",46279,304.90,True
2662,"t=21.86,h=36.04,p=1011.37",46285,377.70,True
2663,"t=21.86,h=36.02,p=1011.35",46281,178.10,True
2664,"t=21.86,h=36.02,p=1011.35",46271,93.70,True
2665,"t=21.87,h=36.04,p=1011.34",46284,95.70,True
2666,"t=21.87,h=36.04,p=1011.34",46281,351.40,True
2667,"t=21.87,h=36.05,p=1011.37",46290,357.50,True
2668,"t=21.87,h=36.05,p=1011.37",46283,138.30,True
2669,"t=21.86,h=36.05,p=1011.34",46295,96.90,True
2670,"t=21.86,h=36.05,p=1011.34",46284,337.50,True
2671,"t=21.86,h=36.06,p=1011.35",46286,198.50,True
2672,"t=21.86,h=36.06,p=1011.35",46283,98.00,True
2673,"t=21.86,h=36.06,p=1011.36",46300,353.70,True
2674,"t=21.86,h=36.06,p=1011.36",46290,311.60,True
2675,"t=21.86,h=36.06,p=1011.36",46280,348.90,True
2676,"t=21.86,h=36.06,p=1011.36",46287,392.20,True
2677,"t=21.87,h=36.06,p=1011.34",46291,188.90,True
2678,"t=21.87,h=36.06,p=1011.34",46291,93.70,True
2679,"t=21.86,h=36.08,p=1011.35",46280,348.40,True
2680,"t=21.86,h=36.08,p=1011.35",46288,201.00,True
2681,"t=21.85,h=36.08,p=1011.34",46276,262.80,True
2682,"t=21.85,h=36.08,p=1011.34",46276,213.40,True
2683,"t=21.86,h=36.09,p=1011.34",46282,352.40,True
2684,"t=21.86,h=36.09,p=1011.34",46281,186.20,True
2685,"t=21.86,h=36.10,p=1011.37",46280,144.10,True
2686,"t=21.86,h=36.10,p=1011.37",46282,96.00,True
2687,"t=21.86,h=36.10,p=1011.33",46302,306.70,True
2688,"t=21.86,h=36.11,p=1011.32",46288,218.50,True
2689,"t=21.86,h=36.11,p=1011.32",46281,246.50,True
2690,"t=21.85,h=36.13,p=1011.33",46292,352.00,True
2691,"t=21.85,h=36.13,p=1011.33",46286,354.10,True
2692,"t=21.86,h=36.11,p=1011.36",46303,212.80,True
2693,"t=21.86,h=36.11,p=1011.36",46282,209.10,True
2694,"t=21.86,h=36.12,p=1011.34",46281,240.50,True
2695,"t=21.86,h=36.12,p=1011.34",46286,340.10,True
2696,"t=21.86,h=36.12,p=1011.36",46283,145.60,True
2697,"t=21.86,h=36.12,p=1011.36",46281,96.10,True
2698,"t=21.86,h=36.17,p=1011.33",46296,95.10,True
2699,"t=21.86,h=36.17,p=1011.33",46269,93.30,True
2700,"t=21.87,h=36.17,p=1011.33",46280,329.00,True
2701,"t=21.87,h=36.17,p=1011.33",46282,360.70,True
2702,"t=21.86,h=36.18,p=1011.36",46283,257.90,True
2703,"t=21.86,h=36.18,p=1011.36",46283,219.40,True
2704,"t=21.87,h=36.17,p=1011.36",46282,141.30,True
2705,"t=21.87,h=36.17,p=1011.36",46285,95.80,True
2706,"t=21.87,h=36.18,p=1011.36",46275,364.50,True
2707,"t=21.87,h=36.18,p=1011.36",46282,101.50,True
2708,"t=21.87,h=36.18,p=1011.35",46280,277.90,True
2709,"t=21.87,h=36.18,p=1011.35",46293,347.30,True
2710,"t=21.87,h=36.18,p=1011.36",46277,296.20,True
2711,"t=21.87,h=36.18,p=1011.36",46279,120.10,True
2712,"t=21.86,h=36.20,p=1011.37",46291,322.20,True
2713,"t=21.86,h=36.20,p=1011.37",46287,314.90,True
2714,"t=21.87,h=36.23,p=1011.38",46284,117.20,True
2715,"t=21.87,h=36.23,p=1011.38",46282,143.60,True
2716,"t=21.87,h=36.19,p=1011.35",46294,114.90,True
2717,"t=21.87,h=36.19,p=1011.35",46292,94.40,True
2718,"t=21.86,h=36.23,p=1011.38",46274,340.50,True
2719,"t=21.86,h=36.23,p=1011.38",46285,348.30,True
2720,"t=21.87,h=36.20,p=1011.35",46294,146.50,True
2721,"t=21.87,h=36.20,p=1011.35",46289,328.00,True
2722,"t=21.87,h=36.19,p=1011.38",46284,145.40,True
2723,"t=21.87,h=36.19,p=1011.38",46283,96.60,True
2724,"t=21.87,h=36.21,p=1011.34",46281,95.90,True
2725,"t=21.87,h=36.21,p=1011.34",46281,93.80,True
2726,"t=21.87,h=36.21,p=1011.35",46278,286.70,True
2727,"t=21.87,h=36.21,p=1011.35",46286,294.30,True
2728,"t=21.86,h=36.22,p=1011.34",46280,241.70,True
2729,"t=21.86,h=36.22,p=1011.34",46280,352.10,True
2730,"t=21.87,h=36.23,p=1011.40",46291,158.20,True
2731,"t=21.87,h=36.23,p=1011.40",46276,94.10,True
2732,"t=21.87,h=36.23,p=1011.36",46281,351.10,True
2733,"t=21.87,h=36.23,p=1011.36",46290,327.40,True
2734,"t=21.87,h=36.23,p=1011.33",46287,220.50,True
2735,"t=21.87,h=36.23,p=1011.33",46284,292.00,True
2736,"t=21.87,h=36.23,p=1011.37",46286,312.10,True
2737,"t=21.87,h=36.23,p=1011.37",46285,156.00,True
2738,"t=21.86,h=36.23,p=1011.36",46284,118.40,True
2739,"t=21.86,h=36.23,p=1011.36",46282,93.60,True
2740,"t=21.87,h=36.23,p=1011.37",46276,93.60,True
2741,"t=21.87,h=36.23,p=1011.37",46278,250.30,True
2742,"t=21.87,h=36.23,p=1011.37",46284,236.00,True
2743,"t=21.87,h=36.25,p=1011.37",46284,216.20,True
2744,"t=21.87,h=36.25,p=1011.37",46276,210.90,True
2745,"t=21.86,h=36.24,p=1011.38",46280,389.10,True
2746,"t=21.86,h=36.24,p=1011.38",46282,97.30,True
2747,"t=21.87,h=36.21,p=1011.37",46275,347.60,True
2748,"t=21.87,h=36.21,p=1011.37",46288,241.10,True
2749,"t=21.87,h=36.25,p=1011.38",46281,218.00,True
2750,"t=21.87,h=36.25,p=1011.38",46276,215.70,True
2751,"t=21.87,h=36.24,p=1011.37",46281,239.70,True
2752,"t=21.87,h=36.24,p=1011.37",46293,237.70,True
2753,"t=21.87,h=36.25,p=1011.37",46282,186.10,True
2754,"t=21.87,h=36.25,p=1011.37",46279,326.40,True
2755,"t=21.87,h=36.25,p=1011.36",46292,239.10,True
2756,"t=21.87,h=36.25,p=1011.36",46287,118.90,True
2757,"t=21.87,h=36.27,p=1011.38",46287,106.30,True
2758,"t=21.87,h=36.27,p=1011.38",46281,245.20,True
2759,"t=21.87,h=36.28,p=1011.36",46289,217.80,True
2760,"t=21.87,h=36.28,p=1011.36",46281,322.60,True
2761,"t=21.86,h=36.27,p=1011.31",46290,121.40,True
2762,"t=21.86,h=36.27,p=1011.31",46284,241.80,True
2763,"t=21.86,h=36.28,p=1011.34",46281,225.40,True
2764,"t=21.86,h=36.28,p=1011.34",46275,320.90,True
2765,"t=21.86,h=36.29,p=1011.35",46285,115.30,True
2766,"t=21.86,h=36.29,p=1011.35",46283,241.50,True
2767,"t=21.87,h=36.29,p=1011.36",46286,148.50,True
2768,"t=21.87,h=36.29,p=1011.36",46291,97.30,True
2769,"t=21.88,h=36.30,p=1011.36",46276,244.40,True
2770,"t=21.88,h=36.30,p=1011.36",46291,118.90,True
2771,"t=21.87,h=36.27,p=1011.36",46286,242.60,True
2772,"t=21.87,h=36.27,p=1011.36",46290,217.50,True
2773,"t=21.88,h=36.30,p=1011.37",46274,137.20,True
2774,"t=21.88,h=36.30,p=1011.37",46281,132.30,True
2775,"t=21.87,h=36.31,p=1011.36",46282,131.10,True
2776,"t=21.87,h=36.31,p=1011.36",46287,98.50,True
2777,"t=21.87,h=36.29,p=1011.35",46302,126.20,True
2778,"t=21.87,h=36.29,p=1011.35",46290,187.80,True
2779,"t=21.87,h=36.31,p=1011.34",46286,131.90,True
2780,"t=21.87,h=36.31,p=1011.34",46289,125.00,True
2781,"t=21.87,h=36.31,p=1011.37",46283,252.40,True
2782,"t=21.87,h=36.31,p=1011.37",46288,293.80,True
2783,"t=21.87,h=36.31,p=1011.32",46275,221.20,True
2784,"t=21.87,h=36.31,p=1011.32",46289,125.80,True
2785,"t=21.87,h=36.31,p=1011.33",46279,121.40,True
2786,"t=21.87,h=36.31,p=1011.33",46284,122.40,True
2787,"t=21.87,h=36.32,p=1011.33",46290,125.30,True
2788,"t=21.87,h=36.32,p=1011.33",46289,123.90,True
2789,"t=21.87,h=36.31,p=1011.33",46302,136.70,True
2790,"t=21.87,h=36.31,p=1011.33",46296,107.30,True
2791,"t=21.87,h=36.32,p=1011.31",46274,124.10,True
2792,"t=21.87,h=36.32,p=1011.31",46284,249.50,True
2793,"t=21.87,h=36.33,p=1011.33",46284,221.20,True
2794,"t=21.87,h=36.33,p=1011.33",46275,326.80,True
2795,"t=21.87,h=36.33,p=1011.33",46285,125.50,True
2796,"t=21.87,h=36.35,p=1011.36",46280,97.70,True
2797,"t=21.87,h=36.35,p=1011.36",46276,96.10,True
2798,"t=21.87,h=36.33,p=1011.35",46269,95.30,True
2799,"t=21.87,h=36.33,p=1011.35",46275,147.20,True
2800,"t=21.87,h=36.32,p=1011.33",46289,121.20,True
2801,"t=21.87,h=36.32,p=1011.33",46291,120.20,True
2802,"t=21.83,h=36.32,p=1011.29",46292,289.80,True
2803,"t=21.83,h=36.32,p=1011.29",46283,323.70,True
2804,"t=21.87,h=36.34,p=1011.38",46304,102.20,True
2805,"t=21.87,h=36.34,p=1011.38",46276,117.90,True
2806,"t=21.88,h=36.34,p=1011.38",46291,245.00,True
2807,"t=21.88,h=36.34,p=1011.38",46282,213.90,True
2808,"t=21.88,h=36.34,p=1011.36",46284,215.20,True
2809,"t=21.88,h=36.34,p=1011.36",46279,230.50,True
2810,"t=21.88,h=36.35,p=1011.37",46279,245.80,True
2811,"t=21.88,h=36.35,p=1011.37",46283,242.60,True
2812,"t=21.87,h=36.32,p=1011.36",46282,245.30,True
2813,"t=21.87,h=36.32,p=1011.36",46287,245.50,True
2814,"t=21.88,h=36.35,p=1011.37",46283,241.40,True
2815,"t=21.88,h=36.35,p=1011.37",46289,314.60,True
2816,"t=21.87,h=36.35,p=1011.40",46285,248.50,True
2817,"t=21.87,h=36.35,p=1011.40",46286,215.70,True
2818,"t=21.87,h=36.32,p=1011.38",46280,321.90,True
2819,"t=21.87,h=36.32,p=1011.38",46293,106.50,True
2820,"t=21.87,h=36.33,p=1011.34",46282,323.50,True
2821,"t=21.87,h=36.33,p=1011.34",46284,121.00,True
2822,"t=21.87,h=36.37,p=1011.32",46289,244.30,True
2823,"t=21.87,h=36.37,p=1011.32",46286,327.20,True
2824,"t=21.87,h=36.34,p=1011.33",46277,96.80,True
2825,"t=21.87,h=36.34,p=1011.33",46270,102.70,True
2826,"t=21.87,h=36.33,p=1011.31",46277,95.20,True
2827,"t=21.87,h=36.33,p=1011.31",46277,328.60,True
2828,"t=21.88,h=36.34,p=1011.32",46287,118.30,True
2829,"t=21.88,h=36.34,p=1011.32",46286,333.10,True
2830,"t=21.88,h=36.33,p=1011.37",46284,241.30,True
2831,"t=21.88,h=36.33,p=1011.37",46287,217.60,True
2832,"t=21.84,h=36.34,p=1011.30",46274,243.20,True
2833,"t=21.84,h=36.34,p=1011.30",46287,252.10,True
2834,"t=21.87,h=36.34,p=1011.34",46287,236.50,True
2835,"t=21.87,h=36.34,p=1011.34",46285,297.20,True
2836,"t=21.85,h=36.34,p=1011.35",46286,216.80,True
2837,"t=21.85,h=36.34,p=1011.35",46276,247.40,True
2838,"t=21.85,h=36.33,p=1011.32",46306,322.70,True
2839,"t=21.85,h=36.33,p=1011.32",46284,243.20,True
2840,"t=21.86,h=36.33,p=1011.32",46287,236.90,True
2841,"t=21.86,h=36.33,p=1011.32",46283,212.10,True
2842,"t=21.87,h=36.33,p=1011.36",46302,244.70,True
2843,"t=21.87,h=36.33,p=1011.36",46282,248.50,True
2844,"t=21.88,h=36.33,p=1011.35",46289,118.50,True
2845,"t=21.88,h=36.33,p=1011.35",46296,124.70,True
2846,"t=21.88,h=36.33,p=1011.36",46281,102.50,True
2847,"t=21.88,h=36.33,p=1011.36",46300,239.30,True
2848,"t=21.88,h=36.33,p=1011.39",46293,330.30,True
2849,"t=21.88,h=36.33,p=1011.39",46293,328.70,True
2850,"t=21.88,h=36.33,p=1011.39",46295,312.60,True
2851,"t=21.88,h=36.33,p=1011.39",46290,137.10,True
2852,"t=21.88,h=36.33,p=1011.39",46306,96.20,True
2853,"t=21.88,h=36.32,p=1011.36",46277,241.00,True
2854,"t=21.88,h=36.32,p=1011.36",46287,152.60,True
2855,"t=21.88,h=36.32,p=1011.36",46283,241.40,True
2856,"t=21.88,h=36.32,p=1011.36",46282,213.10,True
2857,"t=21.88,h=36.34,p=1011.38",46278,241.80,True
2858,"t=21.88,h=36.34,p=1011.38",46284,217.40,True
2859,"t=21.88,h=36.32,p=1011.38",46276,261.40,True
2860,"t=21.88,h=36.32,p=1011.38",46282,242.60,True
2861,"t=21.88,h=36.34,p=1011.37",46295,215.20,True
2862,"t=21.88,h=36.34,p=1011.37",46314,246.40,True
2863,"t=21.88,h=36.33,p=1011.36",46290,241.60,True
2864,"t=21.88,h=36.33,p=1011.36",46279,212.10,True
2865,"t=21.88,h=36.34,p=1011.36",46279,120.80,True
2866,"t=21.88,h=36.34,p=1011.36",46287,96.40,True
2867,"t=21.88,h=36.33,p=1011.38",46276,93.60,True
2868,"t=21.88,h=36.33,p=1011.38",46279,119.20,True
2869,"t=21.88,h=36.34,p=1011.36",46288,144.70,True
2870,"t=21.88,h=36.34,p=1011.36",46295,210.50,True
2871,"t=21.86,h=36.32,p=1011.32",46283,247.10,True
2872,"t=21.86,h=36.32,p=1011.32",46287,311.40,True
2873,"t=21.86,h=36.33,p=1011.34",46297,118.50,True
2874,"t=21.86,h=36.33,p=1011.34",46316,246.20,True
2875,"t=21.87,h=36.33,p=1011.33",46335,243.20,True
2876,"t=21.87,h=36.33,p=1011.33",46284,249.20,True
2877,"t=21.87,h=36.32,p=1011.33",46297,329.30,True
2878,"t=21.87,h=36.32,p=1011.33",46290,241.70,True
2879,"t=21.87,h=36.34,p=1011.33",46282,118.80,True
2880,"t=21.87,h=36.34,p=1011.33",46279,241.00,True
2881,"t=21.88,h=36.33,p=1011.34",46289,242.90,True
2882,"t=21.88,h=36.33,p=1011.34",46281,213.80,True
2883,"t=21.88,h=36.32,p=1011.36",46308,242.10,True
2884,"t=21.88,h=36.32,p=1011.36",46282,240.70,True
2885,"t=21.88,h=36.30,p=1011.35",46286,239.90,True
2886,"t=21.88,h=36.30,p=1011.35",46291,240.80,True
2887,"t=21.88,h=36.32,p=1011.35",46279,243.30,True
2888,"t=21.88,h=36.32,p=1011.35",46284,359.50,True
2889,"t=21.88,h=36.31,p=1011.34",46281,122.30,True
2890,"t=21.88,h=36.31,p=1011.34",46281,237.20,True
2891,"t=21.88,h=36.31,p=1011.31",46283,216.20,True
2892,"t=21.88,h=36.31,p=1011.31",46273,244.00,True
2893,"t=21.88,h=36.31,p=1011.31",46283,240.70,True
2894,"t=21.88,h=36.31,p=1011.31",46282,242.10,True
2895,"t=21.88,h=36.31,p=1011.33",46283,218.50,True
2896,"t=21.88,h=36.31,p=1011.33",46274,241.10,True
2897,"t=21.88,h=36.31,p=1011.34",46283,329.60,True
2898,"t=21.88,h=36.31,p=1011.34",46281,286.20,True
2899,"t=21.88,h=36.30,p=1011.34",46274,217.10,True
2900,"t=21.88,h=36.30,p=1011.34",46278,120.50,True
2901,"t=21.88,h=36.30,p=1011.36",46286,277.80,True
2902,"t=21.88,h=36.30,p=1011.36",46280,242.00,True
2903,"t=21.88,h=36.30,p=1011.37",46279,210.40,True
2904,"t=21.88,h=36.30,p=1011.37",46285,386.60,True
2905,"t=21.88,h=36.29,p=1011.35",46293,231.10,True
2906,"t=21.88,h=36.29,p=1011.35",46276,208.90,True
2907,"t=21.88,h=36.29,p=1011.35",46283,239.90,True
2908,"t=21.87,h=36.27,p=1011.32",46288,121.10,True
2909,"t=21.87,h=36.27,p=1011.32",46284,219.30,True
2910,"t=21.86,h=36.26,p=1011.32",46278,253.50,True
2911,"t=21.86,h=36.26,p=1011.32",46284,119.20,True
2912,"t=21.88,h=36.27,p=1011.38",46281,118.10,True
2913,"t=21.88,h=36.27,p=1011.38",46283,96.30,True
2914,"t=21.87,h=36.25,p=1011.31",46278,217.00,True
2915,"t=21.87,h=36.25,p=1011.31",46278,241.90,True
2916,"t=21.88,h=36.25,p=1011.33",46287,241.70,True
2917,"t=21.88,h=36.25,p=1011.33",46281,216.30,True
2918,"t=21.88,h=36.26,p=1011.32",46287,109.80,True
2919,"t=21.88,h=36.26,p=1011.32",46285,241.80,True
2920,"t=21.87,h=36.26,p=1011.34",46290,248.30,True
2921,"t=21.87,h=36.26,p=1011.34",46285,211.00,True
2922,"t=21.88,h=36.24,p=1011.37",46278,213.40,True
2923,"t=21.88,h=36.24,p=1011.37",46275,210.30,True
2924,"t=21.88,h=36.23,p=1011.37",46280,238.80,True
2925,"t=21.88,h=36.23,p=1011.37",46284,325.10,True
2926,"t=21.88,h=36.26,p=1011.36",46292,288.30,True
2927,"t=21.88,h=36.26,p=1011.36",46280,207.70,True
2928,"t=21.88,h=36.24,p=1011.36",46278,193.10,True
2929,"t=21.88,h=36.24,p=1011.36",46281,99.00,True
2930,"t=21.88,h=36.24,p=1011.38",46285,240.60,True
2931,"t=21.88,h=36.24,p=1011.38",46286,258.20,True
2932,"t=21.88,h=36.24,p=1011.37",46285,241.00,True
2933,"t=21.88,h=36.24,p=1011.37",46284,214.90,True
2934,"t=21.88,h=36.23,p=1011.36",46272,263.80,True
2935,"t=21.88,h=36.23,p=1011.36",46280,212.90,True
2936,"t=21.88,h=36.21,p=1011.34",46282,198.90,True
2937,"t=21.88,h=36.21,p=1011.34",46301,140.80,True
2938,"t=21.88,h=36.22,p=1011.37",46286,96.90,True
2939,"t=21.88,h=36.22,p=1011.37",46279,185.10,True
2940,"t=21.88,h=36.22,p=1011.38",46288,259.60,True
2941,"t=21.88,h=36.22,p=1011.38",46288,175.50,True
2942,"t=21.88,h=36.22,p=1011.35",46274,95.20,True
2943,"t=21.88,h=36.22,p=1011.35",46282,145.50,True
2944,"t=21.88,h=36.21,p=1011.34",46288,96.60,True
2945,"t=21.88,h=36.21,p=1011.34",46287,258.80,True
2946,"t=21.86,h=36.21,p=1011.31",46284,96.10,True
2947,"t=21.86,h=36.21,p=1011.31",46288,93.60,True
2948,"t=21.87,h=36.20,p=1011.31",46274,181.20,True
2949,"t=21.87,h=36.20,p=1011.31",46289,347.90,True
2950,"t=21.87,h=36.20,p=1011.32",46279,290.70,True
2951,"t=21.87,h=36.20,p=1011.32",46283,217.00,True
2952,"t=21.87,h=36.20,p=1011.34",46274,240.00,True
2953,"t=21.87,h=36.20,p=1011.34",46282,211.80,True
2954,"t=21.88,h=36.20,p=1011.34",46277,353.70,True
2955,"t=21.88,h=36.20,p=1011.34",46285,214.10,True
2956,"t=21.88,h=36.20,p=1011.37",46277,323.20,True
2957,"t=21.88,h=36.20,p=1011.37",46285,300.70,True
2958,"t=21.88,h=36.20,p=1011.37",46286,211.50,True
2959,"t=21.88,h=36.20,p=1011.35",46276,213.40,True
2960,"t=21.88,h=36.20,p=1011.35",46281,281.50,True
2961,"t=21.88,h=36.20,p=1011.32",46290,227.30,True
2962,"t=21.88,h=36.20,p=1011.32",46281,350.00,True
2963,"t=21.88,h=36.19,p=1011.31",46285,251.00,True
2964,"t=21.88,h=36.19,p=1011.31",46285,232.60,True
2965,"t=21.88,h=36.19,p=1011.32",46274,213.50,True
2966,"t=21.88,h=36.19,p=1011.32",46277,105.40,True
2967,"t=21.88,h=36.20,p=1011.32",46285,241.60,True
2968,"t=21.88,h=36.20,p=1011.32",46287,242.30,True
2969,"t=21.88,h=36.20,p=1011.34",46298,215.70,True
2970,"t=21.88,h=36.20,p=1011.34",46275,211.90,True
2971,"t=21.89,h=36.21,p=1011.34",46281,242.80,True
2972,"t=21.89,h=36.21,p=1011.34",46287,240.70,True
2973,"t=21.88,h=36.18,p=1011.33",46281,214.50,True
2974,"t=21.88,h=36.18,p=1011.33",46274,208.60,True
2975,"t=21.89,h=36.19,p=1011.35",46275,253.80,True
2976,"t=21.89,h=36.19,p=1011.35",46279,212.10,True
2977,"t=21.88,h=36.22,p=1011.33",46276,119.80,True
2978,"t=21.88,h=36.22,p=1011.33",46282,229.60,True
2979,"t=21.89,h=36.18,p=1011.34",46273,218.10,True
2980,"t=21.89,h=36.18,p=1011.34",46274,295.90,True
2981,"t=21.89,h=36.18,p=1011.34",46283,327.60,True
2982,"t=21.89,h=36.18,p=1011.34",46279,255.90,True
2983,"t=21.89,h=36.22,p=1011.31",46275,213.60,True
2984,"t=21.89,h=36.22,p=1011.31",46283,352.30,True
2985,"t=21.88,h=36.18,p=1011.33",46284,354.80,True
2986,"t=21.88,h=36.18,p=1011.33",46282,95.40,True
2987,"t=21.88,h=36.18,p=1011.32",46279,93.60,True
2988,"t=21.88,h=36.18,p=1011.32",46276,92.50,True
2989,"t=21.89,h=36.18,p=1011.33",46278,145.10,True
2990,"t=21.89,h=36.18,p=1011.33",46291,244.10,True
2991,"t=21.86,h=36.21,p=1011.33",46279,350.90,True
2992,"t=21.86,h=36.21,p=1011.33",46277,289.90,True
2993,"t=21.88,h=36.19,p=1011.35",46277,330.80,True
2994,"t=21.88,h=36.19,p=1011.35",46282,294.40,True
2995,"t=21.88,h=36.19,p=1011.35",46308,151.50,True
2996,"t=21.88,h=36.19,p=1011.35",46281,293.90,True
2997,"t=21.88,h=36.19,p=1011.37",46287,338.40,True
2998,"t=21.88,h=36.19,p=1011.37",46289,94.50,True
2999,"t=21.88,h=36.18,p=1011.36",46278,348.30,True
