Entry,Message,SignTime_uS,VerifyTime_uS,Valid
0,"t=22.09,h=36.35,p=1011.26",46291,463.40,True
1,"t=22.09,h=36.35,p=1011.26",46293,222.60,True
2,"t=22.09,h=36.33,p=1011.24",46285,144.30,True
3,"t=22.09,h=36.33,p=1011.24",46286,137.80,True
4,"t=22.09,h=36.31,p=1011.26",46288,387.00,True
5,"t=22.09,h=36.31,p=1011.26",46290,355.90,True
6,"t=22.09,h=36.31,p=1011.28",46283,102.90,True
7,"t=22.09,h=36.31,p=1011.28",46280,349.60,True
8,"t=22.09,h=36.35,p=1011.26",46285,189.90,True
9,"t=22.09,h=36.35,p=1011.26",46287,353.10,True
10,"t=22.09,h=36.34,p=1011.25",46281,106.10,True
11,"t=22.09,h=36.34,p=1011.25",46280,348.80,True
12,"t=22.09,h=36.33,p=1011.24",46287,358.10,True
13,"t=22.09,h=36.33,p=1011.24",46286,147.10,True
14,"t=22.09,h=36.34,p=1011.27",46274,97.30,True
15,"t=22.09,h=36.34,p=1011.27",46280,152.40,True
16,"t=22.10,h=36.34,p=1011.26",46290,120.00,True
17,"t=22.10,h=36.34,p=1011.26",46279,174.10,True
18,"t=22.09,h=36.34,p=1011.27",46289,159.60,True
19,"t=22.09,h=36.34,p=1011.27",46277,131.90,True
20,"t=22.08,h=36.32,p=1011.25",46286,101.60,True
21,"t=22.08,h=36.32,p=1011.25",46275,98.30,True
22,"t=22.08,h=36.34,p=1011.24",46287,158.10,True
23,"t=22.08,h=36.34,p=1011.24",46282,352.90,True
24,"t=22.07,h=36.34,p=1011.21",46287,213.60,True
25,"t=22.07,h=36.34,p=1011.21",46273,98.10,True
26,"t=22.09,h=36.34,p=1011.27",46300,341.80,True
27,"t=22.09,h=36.34,p=1011.27",46286,123.00,True
28,"t=22.07,h=36.34,p=1011.19",46284,94.80,True
29,"t=22.07,h=36.34,p=1011.19",46275,94.10,True
30,"t=22.10,h=36.34,p=1011.23",46273,328.60,True
31,"t=22.10,h=36.34,p=1011.23",46281,269.40,True
32,"t=22.10,h=36.34,p=1011.23",46285,300.10,True
33,"t=22.10,h=36.34,p=1011.23",46286,281.10,True
34,"t=22.10,h=36.34,p=1011.23",46283,127.70,True
35,"t=22.10,h=36.33,p=1011.26",46281,274.80,True
36,"t=22.10,h=36.33,p=1011.26",46287,214.30,True
37,"t=22.10,h=36.35,p=1011.24",46272,154.50,True
38,"t=22.10,h=36.35,p=1011.24",46270,93.40,True
39,"t=22.10,h=36.35,p=1011.26",46278,339.10,True
40,"t=22.10,h=36.35,p=1011.26",46282,213.30,True
41,"t=22.10,h=36.33,p=1011.25",46277,148.80,True
42,"t=22.10,h=36.33,p=1011.25",46283,349.20,True
43,"t=22.10,h=36.35,p=1011.24",46284,294.50,True
44,"t=22.10,h=36.35,p=1011.24",46268,137.90,True
45,"t=22.09,h=36.35,p=1011.22",46280,127.80,True
46,"t=22.09,h=36.35,p=1011.22",46280,100.10,True
47,"t=22.10,h=36.35,p=1011.24",46285,324.00,True
48,"t=22.10,h=36.35,p=1011.24",46280,336.60,True
49,"t=22.10,h=36.36,p=1011.23",46279,279.60,True
50,"t=22.10,h=36.36,p=1011.23",46281,117.20,True
51,"t=22.10,h=36.36,p=1011.27",46277,95.20,True
52,"t=22.10,h=36.36,p=1011.27",46270,307.30,True
53,"t=22.10,h=36.36,p=1011.26",46288,328.20,True
54,"t=22.10,h=36.36,p=1011.26",46291,224.00,True
55,"t=22.10,h=36.36,p=1011.26",46278,210.70,True
56,"t=22.10,h=36.36,p=1011.26",46280,130.50,True
57,"t=22.10,h=36.35,p=1011.26",46282,102.60,True
58,"t=22.10,h=36.35,p=1011.26",46280,163.20,True
59,"t=22.08,h=36.35,p=1011.24",46288,112.70,True
60,"t=22.08,h=36.35,p=1011.24",46290,354.20,True
61,"t=22.08,h=36.35,p=1011.27",46281,256.80,True
62,"t=22.08,h=36.35,p=1011.27",46277,228.80,True
63,"t=22.08,h=36.35,p=1011.24",46277,145.70,True
64,"t=22.08,h=36.35,p=1011.24",46295,269.50,True
65,"t=22.07,h=36.35,p=1011.21",46286,220.00,True
66,"t=22.07,h=36.35,p=1011.21",46283,208.90,True
67,"t=22.10,h=36.35,p=1011.25",46278,325.30,True
68,"t=22.10,h=36.35,p=1011.25",46287,98.10,True
69,"t=22.10,h=36.35,p=1011.28",46276,151.00,True
70,"t=22.10,h=36.35,p=1011.28",46285,95.00,True
71,"t=22.10,h=36.35,p=1011.30",46278,307.00,True
72,"t=22.10,h=36.35,p=1011.30",46282,349.80,True
73,"t=22.10,h=36.35,p=1011.25",46289,94.40,True
74,"t=22.10,h=36.35,p=1011.25",46274,264.70,True
75,"t=22.10,h=36.35,p=1011.26",46297,239.70,True
76,"t=22.10,h=36.35,p=1011.26",46285,376.50,True
77,"t=22.10,h=36.35,p=1011.28",46283,98.90,True
78,"t=22.10,h=36.35,p=1011.28",46275,93.30,True
79,"t=22.10,h=36.35,p=1011.25",46279,94.50,True
80,"t=22.10,h=36.35,p=1011.25",46275,178.50,True
81,"t=22.10,h=36.35,p=1011.28",46289,95.00,True
82,"t=22.10,h=36.35,p=1011.28",46287,340.90,True
83,"t=22.10,h=36.35,p=1011.28",46287,152.40,True
84,"t=22.10,h=36.34,p=1011.28",46288,96.70,True
85,"t=22.10,h=36.34,p=1011.28",46278,95.30,True
86,"t=22.10,h=36.37,p=1011.27",46277,265.00,True
87,"t=22.10,h=36.37,p=1011.27",46286,209.60,True
88,"t=22.10,h=36.35,p=1011.27",46273,265.40,True
89,"t=22.10,h=36.35,p=1011.27",46281,209.70,True
90,"t=22.10,h=36.37,p=1011.27",46281,219.80,True
91,"t=22.10,h=36.37,p=1011.27",46285,95.00,True
92,"t=22.10,h=36.36,p=1011.25",46277,95.60,True
93,"t=22.10,h=36.36,p=1011.25",46272,265.30,True
94,"t=22.10,h=36.37,p=1011.26",46293,149.60,True
95,"t=22.10,h=36.37,p=1011.26",46285,95.50,True
96,"t=22.08,h=36.36,p=1011.27",46281,94.50,True
97,"t=22.08,h=36.36,p=1011.27",46280,265.30,True
98,"t=22.10,h=36.36,p=1011.29",46282,214.20,True
99,"t=22.10,h=36.36,p=1011.29",46274,232.10,True
100,"t=22.08,h=36.36,p=1011.27",46286,152.20,True
101,"t=22.08,h=36.36,p=1011.27",46285,95.10,True
102,"t=22.08,h=36.36,p=1011.25",46275,93.80,True
103,"t=22.08,h=36.36,p=1011.25",46274,367.10,True
104,"t=22.10,h=36.38,p=1011.28",46282,216.50,True
105,"t=22.10,h=36.38,p=1011.28",46281,215.60,True
106,"t=22.08,h=36.38,p=1011.25",46289,349.10,True
107,"t=22.08,h=36.38,p=1011.25",46292,96.00,True
108,"t=22.10,h=36.37,p=1011.30",46276,266.20,True
109,"t=22.10,h=36.37,p=1011.30",46285,117.30,True
110,"t=22.10,h=36.38,p=1011.30",46278,354.10,True
111,"t=22.10,h=36.38,p=1011.30",46287,188.00,True
112,"t=22.10,h=36.36,p=1011.30",46285,95.50,True
113,"t=22.10,h=36.36,p=1011.30",46280,351.70,True
114,"t=22.10,h=36.38,p=1011.33",46291,355.30,True
115,"t=22.10,h=36.38,p=1011.33",46286,223.10,True
116,"t=22.11,h=36.38,p=1011.30",46279,95.90,True
117,"t=22.11,h=36.38,p=1011.30",46299,388.50,True
118,"t=22.10,h=36.38,p=1011.32",46301,127.40,True
119,"t=22.10,h=36.38,p=1011.32",46306,267.60,True
120,"t=22.10,h=36.38,p=1011.30",46290,299.50,True
121,"t=22.10,h=36.38,p=1011.30",46276,347.50,True
122,"t=22.10,h=36.40,p=1011.29",46287,101.90,True
123,"t=22.10,h=36.40,p=1011.29",46272,358.80,True
124,"t=22.10,h=36.40,p=1011.29",46284,109.50,True
125,"t=22.10,h=36.40,p=1011.29",46274,349.10,True
126,"t=22.11,h=36.40,p=1011.28",46288,183.90,True
127,"t=22.11,h=36.40,p=1011.28",46296,95.30,True
128,"t=22.10,h=36.41,p=1011.29",46288,144.70,True
129,"t=22.10,h=36.41,p=1011.29",46307,376.10,True
130,"t=22.10,h=36.42,p=1011.30",46282,329.20,True
131,"t=22.10,h=36.42,p=1011.30",46285,156.30,True
132,"t=22.10,h=36.43,p=1011.29",46283,96.50,True
133,"t=22.10,h=36.43,p=1011.29",46276,95.00,True
134,"t=22.09,h=36.44,p=1011.27",46281,330.70,True
135,"t=22.09,h=36.44,p=1011.27",46281,292.00,True
136,"t=22.09,h=36.44,p=1011.27",46275,280.90,True
137,"t=22.08,h=36.44,p=1011.25",46268,94.70,True
138,"t=22.08,h=36.44,p=1011.25",46276,353.30,True
139,"t=22.10,h=36.44,p=1011.28",46295,275.10,True
140,"t=22.10,h=36.44,p=1011.28",46296,237.00,True
141,"t=22.08,h=36.45,p=1011.23",46283,109.30,True
142,"t=22.08,h=36.45,p=1011.23",46285,243.30,True
143,"t=22.10,h=36.45,p=1011.28",46293,143.80,True
144,"t=22.10,h=36.45,p=1011.28",46296,92.60,True
145,"t=22.10,h=36.46,p=1011.27",46276,199.80,True
146,"t=22.10,h=36.46,p=1011.27",46286,94.20,True
147,"t=22.10,h=36.46,p=1011.28",46274,282.40,True
148,"t=22.10,h=36.46,p=1011.28",46282,212.90,True
149,"t=22.10,h=36.44,p=1011.27",46302,350.50,True
150,"t=22.10,h=36.44,p=1011.27",46288,342.60,True
151,"t=22.10,h=36.46,p=1011.30",46289,168.70,True
152,"t=22.10,h=36.46,p=1011.30",46283,379.30,True
153,"t=22.10,h=36.48,p=1011.27",46292,190.60,True
154,"t=22.10,h=36.48,p=1011.27",46276,95.70,True
155,"t=22.10,h=36.46,p=1011.27",46283,185.10,True
156,"t=22.10,h=36.46,p=1011.27",46285,95.20,True
157,"t=22.10,h=36.46,p=1011.27",46283,354.60,True
158,"t=22.10,h=36.46,p=1011.27",46284,96.20,True
159,"t=22.10,h=36.46,p=1011.30",46276,96.40,True
160,"t=22.10,h=36.46,p=1011.30",46301,347.80,True
161,"t=22.10,h=36.48,p=1011.27",46287,351.80,True
162,"t=22.10,h=36.48,p=1011.27",46291,95.60,True
163,"t=22.10,h=36.48,p=1011.27",46277,94.60,True
164,"t=22.10,h=36.48,p=1011.27",46282,240.90,True
165,"t=22.10,h=36.49,p=1011.28",46284,256.70,True
166,"t=22.10,h=36.49,p=1011.28",46291,365.90,True
167,"t=22.10,h=36.49,p=1011.28",46284,274.50,True
168,"t=22.10,h=36.49,p=1011.28",46284,262.50,True
169,"t=22.10,h=36.51,p=1011.28",46297,213.70,True
170,"t=22.10,h=36.51,p=1011.28",46281,348.90,True
171,"t=22.10,h=36.50,p=1011.30",46285,95.30,True
172,"t=22.10,h=36.50,p=1011.30",46277,94.10,True
173,"t=22.09,h=36.51,p=1011.27",46281,350.80,True
174,"t=22.09,h=36.51,p=1011.27",46294,290.90,True
175,"t=22.08,h=36.51,p=1011.27",46294,242.70,True
176,"t=22.08,h=36.51,p=1011.27",46290,168.40,True
177,"t=22.10,h=36.51,p=1011.30",46279,330.20,True
178,"t=22.10,h=36.51,p=1011.30",46291,351.70,True
179,"t=22.09,h=36.52,p=1011.28",46282,383.30,True
180,"t=22.09,h=36.52,p=1011.28",46289,349.70,True
181,"t=22.10,h=36.51,p=1011.30",46288,213.60,True
182,"t=22.10,h=36.51,p=1011.30",46282,209.50,True
183,"t=22.10,h=36.52,p=1011.29",46286,349.10,True
184,"t=22.10,h=36.52,p=1011.29",46299,144.00,True
185,"t=22.10,h=36.52,p=1011.27",46282,352.30,True
186,"t=22.10,h=36.52,p=1011.27",46282,353.90,True
187,"t=22.10,h=36.52,p=1011.29",46295,348.00,True
188,"t=22.10,h=36.52,p=1011.29",46292,106.30,True
189,"t=22.10,h=36.52,p=1011.29",46289,333.80,True
190,"t=22.10,h=36.54,p=1011.30",46301,355.20,True
191,"t=22.10,h=36.54,p=1011.30",46294,316.90,True
192,"t=22.10,h=36.51,p=1011.30",46287,95.40,True
193,"t=22.10,h=36.51,p=1011.30",46276,93.60,True
194,"t=22.10,h=36.54,p=1011.30",46284,331.60,True
195,"t=22.10,h=36.54,p=1011.30",46294,298.90,True
196,"t=22.10,h=36.51,p=1011.33",46280,349.00,True
197,"t=22.10,h=36.51,p=1011.33",46289,217.30,True
198,"t=22.10,h=36.52,p=1011.28",46278,353.80,True
199,"t=22.10,h=36.52,p=1011.28",46297,98.10,True
200,"t=22.10,h=36.55,p=1011.27",46272,342.70,True
201,"t=22.10,h=36.55,p=1011.27",46279,138.00,True
202,"t=22.10,h=36.51,p=1011.30",46287,93.90,True
203,"t=22.10,h=36.51,p=1011.30",46284,93.70,True
204,"t=22.10,h=36.54,p=1011.30",46282,94.60,True
205,"t=22.10,h=36.54,p=1011.30",46283,353.20,True
206,"t=22.10,h=36.55,p=1011.27",46281,186.60,True
207,"t=22.10,h=36.55,p=1011.27",46279,92.40,True
208,"t=22.10,h=36.50,p=1011.28",46274,95.90,True
209,"t=22.10,h=36.50,p=1011.28",46279,277.70,True
210,"t=22.10,h=36.54,p=1011.27",46286,364.00,True
211,"t=22.10,h=36.54,p=1011.27",46288,159.40,True
212,"t=22.08,h=36.54,p=1011.26",46280,96.20,True
213,"t=22.08,h=36.54,p=1011.26",46280,353.10,True
214,"t=22.10,h=36.55,p=1011.26",46292,212.40,True
215,"t=22.10,h=36.55,p=1011.26",46281,351.60,True
216,"t=22.08,h=36.52,p=1011.24",46284,214.80,True
217,"t=22.08,h=36.52,p=1011.24",46270,286.40,True
218,"t=22.08,h=36.54,p=1011.25",46294,95.90,True
219,"t=22.08,h=36.54,p=1011.25",46278,93.20,True
220,"t=22.10,h=36.54,p=1011.26",46278,188.90,True
221,"t=22.10,h=36.54,p=1011.26",46307,331.30,True
222,"t=22.10,h=36.52,p=1011.26",46313,215.30,True
223,"t=22.10,h=36.52,p=1011.26",46277,210.20,True
224,"t=22.10,h=36.52,p=1011.27",46274,140.90,True
225,"t=22.10,h=36.52,p=1011.27",46287,353.90,True
226,"t=22.10,h=36.54,p=1011.30",46294,295.20,True
227,"t=22.10,h=36.54,p=1011.30",46287,95.80,True
228,"t=22.10,h=36.54,p=1011.27",46280,95.60,True
229,"t=22.10,h=36.54,p=1011.27",46287,145.20,True
230,"t=22.11,h=36.52,p=1011.30",46285,99.10,True
231,"t=22.11,h=36.52,p=1011.30",46277,262.90,True
232,"t=22.10,h=36.52,p=1011.29",46295,118.50,True
233,"t=22.10,h=36.52,p=1011.29",46292,336.60,True
234,"t=22.10,h=36.52,p=1011.30",46292,419.20,True
235,"t=22.10,h=36.52,p=1011.30",46293,96.00,True
236,"t=22.10,h=36.51,p=1011.28",46278,350.50,True
237,"t=22.10,h=36.51,p=1011.28",46288,95.00,True
238,"t=22.10,h=36.52,p=1011.27",46269,96.20,True
239,"t=22.10,h=36.52,p=1011.27",46279,330.80,True
240,"t=22.10,h=36.51,p=1011.27",46285,296.80,True
241,"t=22.10,h=36.51,p=1011.27",46283,331.80,True
242,"t=22.10,h=36.51,p=1011.27",46291,354.90,True
243,"t=22.09,h=36.52,p=1011.27",46303,251.70,True
244,"t=22.09,h=36.52,p=1011.27",46299,283.60,True
245,"t=22.10,h=36.50,p=1011.27",46284,96.10,True
246,"t=22.10,h=36.50,p=1011.27",46271,94.50,True
247,"t=22.10,h=36.51,p=1011.28",46278,95.30,True
248,"t=22.10,h=36.51,p=1011.28",46287,281.10,True
249,"t=22.10,h=36.52,p=1011.29",46295,95.70,True
250,"t=22.10,h=36.52,p=1011.29",46314,93.50,True
251,"t=22.10,h=36.51,p=1011.27",46275,95.40,True
252,"t=22.10,h=36.51,p=1011.27",46277,94.90,True
253,"t=22.10,h=36.50,p=1011.28",46278,324.70,True
254,"t=22.10,h=36.50,p=1011.28",46290,294.70,True
255,"t=22.10,h=36.49,p=1011.28",46270,222.90,True
256,"t=22.10,h=36.49,p=1011.28",46275,361.70,True
257,"t=22.10,h=36.50,p=1011.27",46284,292.30,True
258,"t=22.10,h=36.50,p=1011.27",46282,225.00,True
259,"t=22.09,h=36.51,p=1011.23",46276,353.50,True
260,"t=22.09,h=36.51,p=1011.23",46285,110.10,True
261,"t=22.10,h=36.48,p=1011.25",46287,96.60,True
262,"t=22.10,h=36.48,p=1011.25",46272,94.70,True
263,"t=22.10,h=36.49,p=1011.30",46281,239.10,True
264,"t=22.10,h=36.49,p=1011.30",46290,232.30,True
265,"t=22.10,h=36.51,p=1011.31",46282,209.40,True
266,"t=22.10,h=36.51,p=1011.31",46274,209.20,True
267,"t=22.10,h=36.48,p=1011.28",46284,144.60,True
268,"t=22.10,h=36.48,p=1011.28",46291,95.80,True
269,"t=22.10,h=36.51,p=1011.30",46280,190.30,True
270,"t=22.10,h=36.51,p=1011.30",46289,144.90,True
271,"t=22.10,h=36.48,p=1011.31",46285,267.80,True
272,"t=22.10,h=36.48,p=1011.31",46279,213.90,True
273,"t=22.10,h=36.51,p=1011.30",46282,196.00,True
274,"t=22.10,h=36.51,p=1011.30",46279,314.40,True
275,"t=22.10,h=36.48,p=1011.31",46286,213.50,True
276,"t=22.10,h=36.48,p=1011.31",46271,245.80,True
277,"t=22.10,h=36.46,p=1011.31",46290,318.00,True
278,"t=22.10,h=36.46,p=1011.31",46291,246.30,True
279,"t=22.11,h=36.47,p=1011.33",46279,377.30,True
280,"t=22.11,h=36.47,p=1011.33",46285,276.80,True
281,"t=22.10,h=36.46,p=1011.29",46288,327.70,True
282,"t=22.10,h=36.46,p=1011.29",46292,287.30,True
283,"t=22.10,h=36.46,p=1011.26",46282,214.50,True
284,"t=22.10,h=36.46,p=1011.26",46300,144.30,True
285,"t=22.09,h=36.46,p=1011.25",46294,322.10,True
286,"t=22.09,h=36.46,p=1011.25",46286,344.50,True
287,"t=22.10,h=36.46,p=1011.28",46282,328.70,True
288,"t=22.10,h=36.46,p=1011.28",46280,324.90,True
289,"t=22.10,h=36.46,p=1011.29",46287,343.60,True
290,"t=22.10,h=36.46,p=1011.29",46290,210.10,True
291,"t=22.09,h=36.48,p=1011.28",46284,96.50,True
292,"t=22.09,h=36.48,p=1011.28",46279,94.80,True
293,"t=22.10,h=36.46,p=1011.27",46285,351.40,True
294,"t=22.10,h=36.46,p=1011.27",46289,351.70,True
295,"t=22.10,h=36.46,p=1011.27",46286,140.20,True
296,"t=22.09,h=36.44,p=1011.29",46285,94.50,True
297,"t=22.09,h=36.44,p=1011.29",46283,325.40,True
298,"t=22.10,h=36.45,p=1011.27",46284,350.30,True
299,"t=22.10,h=36.45,p=1011.27",46286,233.50,True
300,"t=22.10,h=36.49,p=1011.28",46274,318.80,True
301,"t=22.10,h=36.49,p=1011.28",46287,358.90,True
302,"t=22.10,h=36.44,p=1011.30",46281,293.20,True
303,"t=22.10,h=36.44,p=1011.30",46275,95.30,True
304,"t=22.10,h=36.45,p=1011.28",46284,143.70,True
305,"t=22.10,h=36.45,p=1011.28",46293,106.70,True
306,"t=22.10,h=36.46,p=1011.31",46301,241.20,True
307,"t=22.10,h=36.46,p=1011.31",46293,236.20,True
308,"t=22.10,h=36.46,p=1011.27",46277,343.90,True
309,"t=22.10,h=36.46,p=1011.27",46285,196.70,True
310,"t=22.10,h=36.46,p=1011.29",46286,329.50,True
311,"t=22.10,h=36.46,p=1011.29",46286,248.70,True
312,"t=22.10,h=36.45,p=1011.31",46294,142.70,True
313,"t=22.10,h=36.45,p=1011.31",46288,98.00,True
314,"t=22.10,h=36.46,p=1011.26",46279,184.20,True
315,"t=22.10,h=36.46,p=1011.26",46286,348.80,True
316,"t=22.10,h=36.48,p=1011.30",46283,369.40,True
317,"t=22.10,h=36.48,p=1011.30",46283,218.00,True
318,"t=22.11,h=36.45,p=1011.30",46275,93.80,True
319,"t=22.11,h=36.45,p=1011.30",46277,204.30,True
320,"t=22.10,h=36.44,p=1011.31",46288,345.10,True
321,"t=22.10,h=36.44,p=1011.31",46297,143.30,True
322,"t=22.10,h=36.45,p=1011.29",46288,254.20,True
323,"t=22.10,h=36.45,p=1011.29",46293,355.70,True
324,"t=22.10,h=36.46,p=1011.27",46285,143.50,True
325,"t=22.10,h=36.46,p=1011.27",46290,94.70,True
326,"t=22.09,h=36.46,p=1011.25",46275,332.10,True
327,"t=22.09,h=36.46,p=1011.25",46288,94.60,True
328,"t=22.08,h=36.45,p=1011.25",46274,93.00,True
329,"t=22.08,h=36.45,p=1011.25",46275,91.30,True
330,"t=22.10,h=36.46,p=1011.29",46277,281.40,True
331,"t=22.10,h=36.46,p=1011.29",46287,95.50,True
332,"t=22.08,h=36.45,p=1011.23",46274,270.70,True
333,"t=22.08,h=36.45,p=1011.23",46286,214.60,True
334,"t=22.09,h=36.46,p=1011.25",46298,196.30,True
335,"t=22.09,h=36.46,p=1011.25",46286,93.70,True
336,"t=22.10,h=36.46,p=1011.27",46288,351.80,True
337,"t=22.10,h=36.46,p=1011.27",46283,95.20,True
338,"t=22.10,h=36.45,p=1011.31",46287,284.10,True
339,"t=22.10,h=36.45,p=1011.31",46289,295.30,True
340,"t=22.10,h=36.45,p=1011.30",46284,216.30,True
341,"t=22.10,h=36.45,p=1011.30",46275,156.10,True
342,"t=22.10,h=36.46,p=1011.30",46275,91.90,True
343,"t=22.10,h=36.46,p=1011.30",46274,347.40,True
344,"t=22.10,h=36.45,p=1011.28",46290,321.40,True
345,"t=22.10,h=36.45,p=1011.28",46291,237.10,True
346,"t=22.10,h=36.45,p=1011.30",46288,197.00,True
347,"t=22.10,h=36.45,p=1011.30",46291,330.70,True
348,"t=22.10,h=36.45,p=1011.30",46290,353.10,True
349,"t=22.10,h=36.46,p=1011.28",46285,225.00,True
350,"t=22.10,h=36.46,p=1011.28",46270,93.70,True
351,"t=22.10,h=36.46,p=1011.27",46282,148.60,True
352,"t=22.10,h=36.46,p=1011.27",46285,359.20,True
353,"t=22.10,h=36.44,p=1011.28",46294,210.80,True
354,"t=22.10,h=36.44,p=1011.28",46283,209.20,True
355,"t=22.10,h=36.45,p=1011.30",46277,339.20,True
356,"t=22.10,h=36.45,p=1011.30",46283,98.50,True
357,"t=22.10,h=36.42,p=1011.30",46272,95.60,True
358,"t=22.10,h=36.42,p=1011.30",46273,351.50,True
359,"t=22.10,h=36.44,p=1011.28",46294,237.10,True
360,"t=22.10,h=36.44,p=1011.28",46296,349.30,True
361,"t=22.10,h=36.45,p=1011.28",46293,344.70,True
362,"t=22.10,h=36.45,p=1011.28",46303,275.00,True
363,"t=22.10,h=36.43,p=1011.30",46279,109.90,True
364,"t=22.10,h=36.43,p=1011.30",46286,136.80,True
365,"t=22.10,h=36.45,p=1011.31",46288,96.80,True
366,"t=22.10,h=36.45,p=1011.31",46286,174.00,True
367,"t=22.08,h=36.44,p=1011.27",46283,116.40,True
368,"t=22.08,h=36.44,p=1011.27",46279,216.40,True
369,"t=22.08,h=36.44,p=1011.25",46285,96.40,True
370,"t=22.08,h=36.44,p=1011.25",46276,96.60,True
371,"t=22.08,h=36.44,p=1011.27",46277,264.50,True
372,"t=22.08,h=36.44,p=1011.27",46289,282.50,True
373,"t=22.08,h=36.43,p=1011.27",46301,214.80,True
374,"t=22.08,h=36.43,p=1011.27",46293,212.20,True
375,"t=22.10,h=36.41,p=1011.30",46280,347.50,True
376,"t=22.10,h=36.41,p=1011.30",46284,360.80,True
377,"t=22.10,h=36.43,p=1011.30",46291,354.30,True
378,"t=22.10,h=36.43,p=1011.30",46289,145.70,True
379,"t=22.10,h=36.43,p=1011.31",46287,94.60,True
380,"t=22.10,h=36.43,p=1011.31",46274,92.50,True
381,"t=22.10,h=36.43,p=1011.28",46278,142.80,True
382,"t=22.10,h=36.43,p=1011.28",46282,94.50,True
383,"t=22.10,h=36.43,p=1011.30",46283,289.60,True
384,"t=22.10,h=36.43,p=1011.30",46287,94.30,True
385,"t=22.10,h=36.43,p=1011.29",46278,96.00,True
386,"t=22.10,h=36.43,p=1011.29",46276,170.00,True
387,"t=22.10,h=36.43,p=1011.29",46288,344.40,True
388,"t=22.10,h=36.43,p=1011.29",46286,358.40,True
389,"t=22.10,h=36.43,p=1011.28",46282,286.60,True
390,"t=22.10,h=36.43,p=1011.28",46284,274.00,True
391,"t=22.10,h=36.44,p=1011.29",46289,343.90,True
392,"t=22.10,h=36.44,p=1011.29",46293,94.20,True
393,"t=22.10,h=36.44,p=1011.30",46270,93.60,True
394,"t=22.10,h=36.44,p=1011.30",46273,156.80,True
395,"t=22.10,h=36.45,p=1011.32",46282,94.80,True
396,"t=22.10,h=36.45,p=1011.32",46278,288.30,True
397,"t=22.10,h=36.44,p=1011.29",46288,213.20,True
398,"t=22.10,h=36.44,p=1011.29",46308,145.70,True
399,"t=22.10,h=36.45,p=1011.31",46288,97.10,True
400,"t=22.10,h=36.45,p=1011.31",46282,95.40,True
401,"t=22.10,h=36.45,p=1011.31",46285,283.10,True
402,"t=22.10,h=36.43,p=1011.30",46290,386.40,True
403,"t=22.10,h=36.43,p=1011.30",46287,269.30,True
404,"t=22.08,h=36.45,p=1011.25",46278,94.60,True
405,"t=22.08,h=36.45,p=1011.25",46285,137.50,True
406,"t=22.11,h=36.44,p=1011.31",46288,94.70,True
407,"t=22.11,h=36.44,p=1011.31",46283,344.90,True
408,"t=22.08,h=36.45,p=1011.24",46283,264.60,True
409,"t=22.08,h=36.45,p=1011.24",46292,246.60,True
410,"t=22.09,h=36.44,p=1011.28",46292,219.60,True
411,"t=22.09,h=36.44,p=1011.28",46278,359.60,True
412,"t=22.10,h=36.46,p=1011.30",46289,340.80,True
413,"t=22.10,h=36.46,p=1011.30",46289,363.80,True
414,"t=22.10,h=36.44,p=1011.30",46287,413.20,True
415,"t=22.10,h=36.44,p=1011.30",46280,102.20,True
416,"t=22.10,h=36.43,p=1011.27",46283,95.60,True
417,"t=22.10,h=36.43,p=1011.27",46278,94.00,True
418,"t=22.11,h=36.44,p=1011.25",46288,378.20,True
419,"t=22.11,h=36.44,p=1011.25",46287,211.10,True
420,"t=22.10,h=36.44,p=1011.28",46289,287.30,True
421,"t=22.10,h=36.44,p=1011.28",46294,210.70,True
422,"t=22.11,h=36.43,p=1011.27",46282,353.20,True
423,"t=22.11,h=36.43,p=1011.27",46285,153.50,True
424,"t=22.10,h=36.44,p=1011.29",46282,275.90,True
425,"t=22.10,h=36.44,p=1011.29",46291,209.70,True
426,"t=22.11,h=36.43,p=1011.30",46275,214.80,True
427,"t=22.11,h=36.43,p=1011.30",46278,145.10,True
428,"t=22.10,h=36.44,p=1011.28",46297,94.90,True
429,"t=22.10,h=36.44,p=1011.28",46293,381.50,True
430,"t=22.10,h=36.43,p=1011.30",46288,297.50,True
431,"t=22.10,h=36.43,p=1011.30",46288,269.00,True
432,"t=22.10,h=36.43,p=1011.28",46284,244.10,True
433,"t=22.10,h=36.43,p=1011.28",46294,350.30,True
434,"t=22.10,h=36.42,p=1011.32",46282,239.30,True
435,"t=22.10,h=36.42,p=1011.32",46275,154.20,True
436,"t=22.10,h=36.43,p=1011.29",46282,97.50,True
437,"t=22.10,h=36.43,p=1011.29",46274,93.70,True
438,"t=22.10,h=36.43,p=1011.32",46291,275.80,True
439,"t=22.10,h=36.43,p=1011.32",46290,143.50,True
440,"t=22.08,h=36.43,p=1011.27",46306,96.80,True
441,"t=22.08,h=36.43,p=1011.27",46290,95.90,True
442,"t=22.09,h=36.43,p=1011.28",46281,142.30,True
443,"t=22.09,h=36.43,p=1011.28",46286,95.20,True
444,"t=22.08,h=36.43,p=1011.25",46277,349.70,True
445,"t=22.08,h=36.43,p=1011.25",46281,185.80,True
446,"t=22.08,h=36.44,p=1011.27",46280,330.70,True
447,"t=22.08,h=36.44,p=1011.27",46284,160.00,True
448,"t=22.08,h=36.44,p=1011.27",46289,243.80,True
449,"t=22.08,h=36.44,p=1011.27",46285,135.40,True
450,"t=22.10,h=36.44,p=1011.29",46292,265.00,True
451,"t=22.10,h=36.44,p=1011.29",46292,352.50,True
452,"t=22.10,h=36.44,p=1011.31",46292,96.40,True
453,"t=22.10,h=36.44,p=1011.31",46284,394.70,True
454,"t=22.10,h=36.44,p=1011.31",46296,171.50,True
455,"t=22.10,h=36.44,p=1011.34",46273,331.20,True
456,"t=22.10,h=36.44,p=1011.34",46282,144.60,True
457,"t=22.10,h=36.43,p=1011.33",46287,348.20,True
458,"t=22.10,h=36.43,p=1011.33",46290,151.50,True
459,"t=22.10,h=36.43,p=1011.30",46291,190.50,True
460,"t=22.10,h=36.43,p=1011.30",46293,97.00,True
461,"t=22.10,h=36.42,p=1011.32",46282,265.00,True
462,"t=22.10,h=36.42,p=1011.32",46283,350.00,True
463,"t=22.10,h=36.42,p=1011.29",46294,243.50,True
464,"t=22.10,h=36.42,p=1011.29",46295,224.70,True
465,"t=22.11,h=36.43,p=1011.32",46279,217.90,True
466,"t=22.11,h=36.43,p=1011.32",46279,122.70,True
467,"t=22.11,h=36.44,p=1011.29",46287,96.40,True
468,"t=22.11,h=36.44,p=1011.29",46273,351.00,True
469,"t=22.10,h=36.44,p=1011.30",46287,96.10,True
470,"t=22.10,h=36.44,p=1011.30",46274,327.00,True
471,"t=22.10,h=36.45,p=1011.27",46283,236.80,True
472,"t=22.10,h=36.45,p=1011.27",46274,351.70,True
473,"t=22.10,h=36.48,p=1011.28",46297,136.60,True
474,"t=22.10,h=36.48,p=1011.28",46294,349.00,True
475,"t=22.10,h=36.48,p=1011.30",46287,274.80,True
476,"t=22.10,h=36.48,p=1011.30",46281,213.90,True
477,"t=22.09,h=36.48,p=1011.25",46271,126.90,True
478,"t=22.09,h=36.48,p=1011.25",46275,266.40,True
479,"t=22.10,h=36.45,p=1011.29",46286,215.10,True
480,"t=22.10,h=36.45,p=1011.29",46280,351.30,True
481,"t=22.08,h=36.46,p=1011.25",46280,96.40,True
482,"t=22.08,h=36.46,p=1011.25",46272,95.30,True
483,"t=22.09,h=36.46,p=1011.28",46271,342.70,True
484,"t=22.09,h=36.46,p=1011.28",46284,265.80,True
485,"t=22.08,h=36.45,p=1011.25",46285,213.70,True
486,"t=22.08,h=36.45,p=1011.25",46279,139.70,True
487,"t=22.10,h=36.45,p=1011.27",46270,124.20,True
488,"t=22.10,h=36.45,p=1011.27",46287,94.20,True
489,"t=22.10,h=36.46,p=1011.28",46275,178.80,True
490,"t=22.10,h=36.46,p=1011.28",46286,153.20,True
491,"t=22.11,h=36.48,p=1011.29",46293,336.60,True
492,"t=22.11,h=36.48,p=1011.29",46288,100.10,True
493,"t=22.11,h=36.48,p=1011.31",46279,229.30,True
494,"t=22.11,h=36.48,p=1011.31",46282,95.20,True
495,"t=22.10,h=36.48,p=1011.29",46279,95.80,True
496,"t=22.10,h=36.48,p=1011.29",46276,143.30,True
497,"t=22.10,h=36.48,p=1011.29",46287,253.40,True
498,"t=22.10,h=36.48,p=1011.29",46284,249.10,True
499,"t=22.10,h=36.49,p=1011.29",46292,212.50,True
500,"t=22.10,h=36.49,p=1011.29",46281,184.70,True
501,"t=22.10,h=36.48,p=1011.32",46290,95.30,True
502,"t=22.10,h=36.48,p=1011.32",46278,327.30,True
503,"t=22.10,h=36.49,p=1011.30",46286,174.00,True
504,"t=22.10,h=36.49,p=1011.30",46290,379.60,True
505,"t=22.11,h=36.48,p=1011.29",46288,266.20,True
506,"t=22.11,h=36.48,p=1011.29",46293,160.10,True
507,"t=22.11,h=36.48,p=1011.29",46287,91.90,True
508,"t=22.10,h=36.49,p=1011.29",46285,158.80,True
509,"t=22.10,h=36.49,p=1011.29",46289,93.90,True
510,"t=22.10,h=36.50,p=1011.26",46280,310.40,True
511,"t=22.10,h=36.50,p=1011.26",46287,356.80,True
512,"t=22.10,h=36.50,p=1011.28",46288,276.00,True
513,"t=22.10,h=36.50,p=1011.28",46280,187.20,True
514,"t=22.10,h=36.50,p=1011.28",46286,231.20,True
515,"t=22.10,h=36.50,p=1011.28",46290,106.70,True
516,"t=22.08,h=36.49,p=1011.26",46274,95.50,True
517,"t=22.08,h=36.49,p=1011.26",46282,119.10,True
518,"t=22.10,h=36.50,p=1011.28",46285,125.60,True
519,"t=22.10,h=36.50,p=1011.28",46292,95.10,True
520,"t=22.08,h=36.50,p=1011.26",46268,97.50,True
521,"t=22.08,h=36.50,p=1011.26",46276,374.10,True
522,"t=22.10,h=36.49,p=1011.28",46284,107.00,True
523,"t=22.10,h=36.49,p=1011.28",46277,350.90,True
524,"t=22.08,h=36.51,p=1011.22",46284,155.40,True
525,"t=22.08,h=36.51,p=1011.22",46277,96.00,True
526,"t=22.09,h=36.51,p=1011.26",46281,268.00,True
527,"t=22.09,h=36.51,p=1011.26",46289,217.40,True
528,"t=22.10,h=36.48,p=1011.28",46284,359.70,True
529,"t=22.10,h=36.48,p=1011.28",46291,140.80,True
530,"t=22.11,h=36.51,p=1011.28",46287,350.90,True
531,"t=22.11,h=36.51,p=1011.28",46291,328.20,True
532,"t=22.11,h=36.48,p=1011.29",46292,286.90,True
533,"t=22.11,h=36.48,p=1011.29",46279,92.80,True
534,"t=22.10,h=36.48,p=1011.29",46280,188.20,True
535,"t=22.10,h=36.48,p=1011.29",46285,95.20,True
536,"t=22.11,h=36.44,p=1011.30",46280,195.60,True
537,"t=22.11,h=36.44,p=1011.30",46282,95.50,True
538,"t=22.11,h=36.45,p=1011.32",46281,96.70,True
539,"t=22.11,h=36.45,p=1011.32",46290,280.00,True
540,"t=22.11,h=36.47,p=1011.32",46309,466.80,True
541,"t=22.11,h=36.47,p=1011.32",46301,376.40,True
542,"t=22.10,h=36.46,p=1011.24",46288,375.80,True
543,"t=22.10,h=36.46,p=1011.24",46290,294.40,True
544,"t=22.10,h=36.46,p=1011.29",46288,348.30,True
545,"t=22.10,h=36.46,p=1011.29",46288,349.30,True
546,"t=22.11,h=36.45,p=1011.31",46289,350.90,True
547,"t=22.11,h=36.45,p=1011.31",46286,352.80,True
548,"t=22.10,h=36.45,p=1011.27",46286,126.30,True
549,"t=22.10,h=36.45,p=1011.27",46271,352.60,True
550,"t=22.10,h=36.46,p=1011.26",46285,133.00,True
551,"t=22.10,h=36.46,p=1011.26",46276,278.50,True
552,"t=22.10,h=36.46,p=1011.26",46283,212.00,True
553,"t=22.10,h=36.46,p=1011.26",46282,346.10,True
554,"t=22.09,h=36.45,p=1011.25",46284,383.20,True
555,"t=22.09,h=36.45,p=1011.25",46286,186.30,True
556,"t=22.09,h=36.45,p=1011.29",46273,266.90,True
557,"t=22.09,h=36.45,p=1011.29",46283,348.70,True
558,"t=22.10,h=36.45,p=1011.30",46285,96.40,True
559,"t=22.10,h=36.45,p=1011.30",46281,145.90,True
560,"t=22.10,h=36.45,p=1011.30",46285,95.80,True
561,"t=22.10,h=36.44,p=1011.30",46270,94.30,True
562,"t=22.10,h=36.44,p=1011.30",46275,95.20,True
563,"t=22.10,h=36.46,p=1011.27",46277,353.40,True
564,"t=22.10,h=36.46,p=1011.27",46287,95.90,True
565,"t=22.10,h=36.44,p=1011.28",46304,94.50,True
566,"t=22.10,h=36.44,p=1011.28",46286,93.80,True
567,"t=22.11,h=36.44,p=1011.31",46304,197.30,True
568,"t=22.11,h=36.44,p=1011.31",46291,94.00,True
569,"t=22.11,h=36.42,p=1011.28",46284,352.00,True
570,"t=22.11,h=36.42,p=1011.28",46290,171.10,True
571,"t=22.11,h=36.44,p=1011.31",46281,347.10,True
572,"t=22.11,h=36.44,p=1011.31",46292,95.00,True
573,"t=22.11,h=36.45,p=1011.30",46276,257.70,True
574,"t=22.11,h=36.45,p=1011.30",46285,141.00,True
575,"t=22.10,h=36.42,p=1011.28",46271,144.80,True
576,"t=22.10,h=36.42,p=1011.28",46276,268.90,True
577,"t=22.10,h=36.42,p=1011.29",46291,136.60,True
578,"t=22.10,h=36.42,p=1011.29",46289,96.60,True
579,"t=22.10,h=36.46,p=1011.29",46278,110.60,True
580,"t=22.10,h=36.46,p=1011.29",46286,346.70,True
581,"t=22.11,h=36.42,p=1011.29",46286,353.30,True
582,"t=22.11,h=36.42,p=1011.29",46281,111.20,True
583,"t=22.11,h=36.43,p=1011.29",46282,94.90,True
584,"t=22.11,h=36.43,p=1011.29",46293,338.60,True
585,"t=22.10,h=36.42,p=1011.28",46283,253.00,True
586,"t=22.10,h=36.42,p=1011.28",46306,215.40,True
587,"t=22.10,h=36.41,p=1011.31",46272,212.70,True
588,"t=22.10,h=36.41,p=1011.31",46276,241.40,True
589,"t=22.10,h=36.43,p=1011.29",46283,351.40,True
590,"t=22.10,h=36.43,p=1011.29",46292,367.80,True
591,"t=22.09,h=36.42,p=1011.29",46284,298.40,True
592,"t=22.09,h=36.42,p=1011.29",46278,353.90,True
593,"t=22.09,h=36.43,p=1011.28",46283,118.10,True
594,"t=22.09,h=36.43,p=1011.28",46279,94.40,True
595,"t=22.09,h=36.44,p=1011.26",46305,352.10,True
596,"t=22.09,h=36.44,p=1011.26",46297,95.20,True
597,"t=22.08,h=36.44,p=1011.28",46278,144.30,True
598,"t=22.08,h=36.44,p=1011.28",46291,169.30,True
599,"t=22.08,h=36.44,p=1011.27",46286,349.60,True
600,"t=22.08,h=36.44,p=1011.27",46285,263.60,True
601,"t=22.10,h=36.44,p=1011.32",46283,211.30,True
602,"t=22.10,h=36.44,p=1011.32",46271,142.50,True
603,"t=22.10,h=36.44,p=1011.31",46283,264.90,True
604,"t=22.10,h=36.44,p=1011.31",46289,187.50,True
605,"t=22.10,h=36.44,p=1011.30",46286,315.10,True
606,"t=22.10,h=36.44,p=1011.30",46280,272.60,True
607,"t=22.11,h=36.44,p=1011.28",46294,216.80,True
608,"t=22.11,h=36.44,p=1011.28",46276,186.60,True
609,"t=22.10,h=36.44,p=1011.29",46279,93.90,True
610,"t=22.10,h=36.44,p=1011.29",46285,134.90,True
611,"t=22.11,h=36.44,p=1011.32",46282,99.00,True
612,"t=22.11,h=36.44,p=1011.32",46299,348.30,True
613,"t=22.11,h=36.44,p=1011.32",46284,356.00,True
614,"t=22.10,h=36.43,p=1011.33",46287,134.90,True
615,"t=22.10,h=36.43,p=1011.33",46289,162.50,True
616,"t=22.10,h=36.45,p=1011.31",46305,119.00,True
617,"t=22.10,h=36.45,p=1011.31",46281,95.30,True
618,"t=22.10,h=36.45,p=1011.34",46274,352.90,True
619,"t=22.10,h=36.45,p=1011.34",46284,218.80,True
620,"t=22.11,h=36.44,p=1011.35",46275,270.30,True
621,"t=22.11,h=36.44,p=1011.35",46281,93.90,True
622,"t=22.11,h=36.47,p=1011.34",46285,241.60,True
623,"t=22.11,h=36.47,p=1011.34",46281,340.90,True
624,"t=22.11,h=36.45,p=1011.30",46291,346.80,True
625,"t=22.11,h=36.45,p=1011.30",46286,310.60,True
626,"t=22.11,h=36.47,p=1011.31",46287,262.40,True
627,"t=22.11,h=36.47,p=1011.31",46282,212.40,True
628,"t=22.10,h=36.44,p=1011.31",46277,178.60,True
629,"t=22.10,h=36.44,p=1011.31",46280,149.90,True
630,"t=22.11,h=36.44,p=1011.32",46282,120.50,True
631,"t=22.11,h=36.44,p=1011.32",46276,332.20,True
632,"t=22.08,h=36.48,p=1011.26",46287,281.70,True
633,"t=22.08,h=36.48,p=1011.26",46279,226.20,True
634,"t=22.09,h=36.48,p=1011.27",46286,97.20,True
635,"t=22.09,h=36.48,p=1011.27",46278,134.80,True
636,"t=22.09,h=36.45,p=1011.27",46284,95.70,True
637,"t=22.09,h=36.45,p=1011.27",46279,93.80,True
638,"t=22.09,h=36.46,p=1011.31",46274,213.30,True
639,"t=22.09,h=36.46,p=1011.31",46285,346.00,True
640,"t=22.09,h=36.48,p=1011.28",46313,353.00,True
641,"t=22.09,h=36.48,p=1011.28",46286,316.80,True
642,"t=22.11,h=36.48,p=1011.32",46295,142.20,True
643,"t=22.11,h=36.48,p=1011.32",46293,275.70,True
644,"t=22.11,h=36.45,p=1011.32",46298,346.60,True
645,"t=22.11,h=36.45,p=1011.32",46287,265.50,True
646,"t=22.11,h=36.45,p=1011.31",46285,215.60,True
647,"t=22.11,h=36.45,p=1011.31",46273,143.40,True
648,"t=22.11,h=36.48,p=1011.29",46281,343.10,True
649,"t=22.11,h=36.48,p=1011.29",46292,258.70,True
650,"t=22.11,h=36.48,p=1011.32",46283,352.50,True
651,"t=22.11,h=36.48,p=1011.32",46298,96.20,True
652,"t=22.10,h=36.48,p=1011.31",46271,180.60,True
653,"t=22.10,h=36.48,p=1011.31",46284,135.20,True
654,"t=22.10,h=36.48,p=1011.30",46291,96.20,True
655,"t=22.10,h=36.48,p=1011.30",46278,244.70,True
656,"t=22.10,h=36.48,p=1011.33",46283,383.30,True
657,"t=22.10,h=36.48,p=1011.33",46287,142.10,True
658,"t=22.11,h=36.47,p=1011.30",46270,108.70,True
659,"t=22.11,h=36.47,p=1011.30",46279,292.40,True
660,"t=22.11,h=36.47,p=1011.31",46281,216.30,True
661,"t=22.11,h=36.47,p=1011.31",46274,288.30,True
662,"t=22.10,h=36.45,p=1011.30",46285,305.10,True
663,"t=22.10,h=36.45,p=1011.30",46284,216.10,True
664,"t=22.10,h=36.45,p=1011.34",46281,350.70,True
665,"t=22.10,h=36.45,p=1011.34",46282,271.50,True
666,"t=22.10,h=36.45,p=1011.30",46289,268.30,True
667,"t=22.10,h=36.46,p=1011.29",46286,216.30,True
668,"t=22.10,h=36.46,p=1011.29",46285,289.20,True
669,"t=22.10,h=36.45,p=1011.29",46288,213.50,True
670,"t=22.10,h=36.45,p=1011.29",46278,332.40,True
671,"t=22.09,h=36.46,p=1011.25",46285,290.30,True
672,"t=22.09,h=36.46,p=1011.25",46279,273.30,True
673,"t=22.08,h=36.45,p=1011.25",46289,211.30,True
674,"t=22.08,h=36.45,p=1011.25",46277,139.60,True
675,"t=22.08,h=36.46,p=1011.26",46292,97.20,True
676,"t=22.08,h=36.46,p=1011.26",46276,301.60,True
677,"t=22.09,h=36.43,p=1011.27",46293,276.80,True
678,"t=22.09,h=36.43,p=1011.27",46287,214.60,True
679,"t=22.09,h=36.45,p=1011.26",46275,211.00,True
680,"t=22.09,h=36.45,p=1011.26",46275,98.00,True
681,"t=22.10,h=36.44,p=1011.30",46281,291.80,True
682,"t=22.10,h=36.44,p=1011.30",46281,213.30,True
683,"t=22.10,h=36.45,p=1011.29",46283,341.50,True
684,"t=22.10,h=36.45,p=1011.29",46288,303.70,True
685,"t=22.10,h=36.48,p=1011.28",46291,214.70,True
686,"t=22.10,h=36.48,p=1011.28",46280,207.10,True
687,"t=22.10,h=36.46,p=1011.29",46285,239.90,True
688,"t=22.10,h=36.46,p=1011.29",46287,216.70,True
689,"t=22.10,h=36.46,p=1011.30",46278,286.00,True
690,"t=22.10,h=36.46,p=1011.30",46286,375.00,True
691,"t=22.10,h=36.46,p=1011.27",46284,98.80,True
692,"t=22.10,h=36.46,p=1011.27",46302,190.90,True
693,"t=22.10,h=36.46,p=1011.29",46291,387.10,True
694,"t=22.10,h=36.46,p=1011.29",46291,189.70,True
695,"t=22.10,h=36.48,p=1011.29",46285,359.90,True
696,"t=22.10,h=36.48,p=1011.29",46287,426.50,True
697,"t=22.10,h=36.46,p=1011.27",46291,351.60,True
698,"t=22.10,h=36.46,p=1011.27",46289,348.20,True
699,"t=22.10,h=36.46,p=1011.31",46295,243.50,True
700,"t=22.10,h=36.46,p=1011.31",46289,214.50,True
701,"t=22.09,h=36.46,p=1011.28",46270,385.40,True
702,"t=22.09,h=36.46,p=1011.28",46281,96.50,True
703,"t=22.10,h=36.48,p=1011.30",46270,93.30,True
704,"t=22.10,h=36.48,p=1011.30",46276,341.90,True
705,"t=22.10,h=36.46,p=1011.29",46285,257.00,True
706,"t=22.10,h=36.46,p=1011.29",46306,143.40,True
707,"t=22.08,h=36.46,p=1011.28",46281,275.40,True
708,"t=22.08,h=36.46,p=1011.28",46285,172.50,True
709,"t=22.09,h=36.48,p=1011.29",46286,96.30,True
710,"t=22.09,h=36.48,p=1011.29",46275,95.00,True
711,"t=22.10,h=36.48,p=1011.29",46276,347.80,True
712,"t=22.10,h=36.48,p=1011.29",46286,286.40,True
713,"t=22.08,h=36.48,p=1011.25",46280,356.90,True
714,"t=22.08,h=36.48,p=1011.25",46286,192.30,True
715,"t=22.09,h=36.46,p=1011.24",46274,331.60,True
716,"t=22.09,h=36.46,p=1011.24",46282,94.70,True
717,"t=22.10,h=36.48,p=1011.27",46282,353.60,True
718,"t=22.10,h=36.48,p=1011.27",46286,142.10,True
719,"t=22.10,h=36.48,p=1011.27",46296,286.70,True
720,"t=22.10,h=36.44,p=1011.31",46289,213.20,True
721,"t=22.10,h=36.44,p=1011.31",46285,325.30,True
722,"t=22.11,h=36.47,p=1011.31",46283,292.80,True
723,"t=22.11,h=36.47,p=1011.31",46279,149.40,True
724,"t=22.10,h=36.46,p=1011.27",46278,304.60,True
725,"t=22.10,h=36.46,p=1011.27",46287,216.10,True
726,"t=22.11,h=36.49,p=1011.30",46279,274.10,True
727,"t=22.11,h=36.49,p=1011.30",46291,297.20,True
728,"t=22.10,h=36.49,p=1011.27",46285,215.90,True
729,"t=22.10,h=36.49,p=1011.27",46272,210.90,True
730,"t=22.10,h=36.46,p=1011.29",46281,267.10,True
731,"t=22.10,h=36.46,p=1011.29",46286,213.30,True
732,"t=22.10,h=36.48,p=1011.29",46281,117.70,True
733,"t=22.10,h=36.48,p=1011.29",46281,94.30,True
734,"t=22.10,h=36.44,p=1011.28",46290,322.70,True
735,"t=22.10,h=36.44,p=1011.28",46292,288.80,True
736,"t=22.10,h=36.45,p=1011.27",46275,351.50,True
737,"t=22.10,h=36.45,p=1011.27",46279,145.00,True
738,"t=22.11,h=36.45,p=1011.28",46291,340.50,True
739,"t=22.11,h=36.45,p=1011.28",46287,213.00,True
740,"t=22.10,h=36.45,p=1011.30",46273,216.30,True
741,"t=22.10,h=36.45,p=1011.30",46279,389.90,True
742,"t=22.11,h=36.45,p=1011.27",46284,295.10,True
743,"t=22.11,h=36.45,p=1011.27",46282,267.60,True
744,"t=22.09,h=36.45,p=1011.25",46282,242.40,True
745,"t=22.09,h=36.45,p=1011.25",46288,142.80,True
746,"t=22.09,h=36.43,p=1011.23",46286,265.40,True
747,"t=22.09,h=36.43,p=1011.23",46285,214.60,True
748,"t=22.09,h=36.46,p=1011.23",46270,187.30,True
749,"t=22.09,h=36.46,p=1011.23",46270,93.20,True
750,"t=22.11,h=36.44,p=1011.25",46278,187.10,True
751,"t=22.11,h=36.44,p=1011.25",46288,95.60,True
752,"t=22.08,h=36.43,p=1011.24",46279,133.10,True
753,"t=22.08,h=36.43,p=1011.24",46287,94.50,True
754,"t=22.09,h=36.45,p=1011.23",46276,324.20,True
755,"t=22.09,h=36.45,p=1011.23",46282,171.90,True
756,"t=22.10,h=36.45,p=1011.27",46286,265.60,True
757,"t=22.10,h=36.45,p=1011.27",46279,369.90,True
758,"t=22.10,h=36.44,p=1011.26",46292,97.70,True
759,"t=22.10,h=36.44,p=1011.26",46273,93.70,True
760,"t=22.10,h=36.44,p=1011.24",46282,357.50,True
761,"t=22.10,h=36.44,p=1011.24",46285,303.30,True
762,"t=22.10,h=36.43,p=1011.29",46292,95.40,True
763,"t=22.10,h=36.43,p=1011.29",46276,175.20,True
764,"t=22.10,h=36.43,p=1011.30",46294,136.50,True
765,"t=22.10,h=36.43,p=1011.30",46289,97.10,True
766,"t=22.10,h=36.44,p=1011.26",46278,111.70,True
767,"t=22.10,h=36.44,p=1011.26",46278,325.40,True
768,"t=22.11,h=36.44,p=1011.28",46290,295.20,True
769,"t=22.11,h=36.44,p=1011.28",46287,265.30,True
770,"t=22.10,h=36.44,p=1011.26",46283,263.00,True
771,"t=22.10,h=36.44,p=1011.26",46284,227.80,True
772,"t=22.10,h=36.44,p=1011.26",46273,170.90,True
773,"t=22.10,h=36.44,p=1011.26",46276,325.20,True
774,"t=22.10,h=36.44,p=1011.26",46285,212.70,True
775,"t=22.10,h=36.44,p=1011.28",46292,323.90,True
776,"t=22.10,h=36.44,p=1011.28",46293,92.00,True
777,"t=22.11,h=36.44,p=1011.29",46284,94.90,True
778,"t=22.11,h=36.44,p=1011.29",46280,403.50,True
779,"t=22.11,h=36.45,p=1011.28",46286,209.20,True
780,"t=22.11,h=36.45,p=1011.28",46283,282.20,True
781,"t=22.11,h=36.45,p=1011.29",46288,214.90,True
782,"t=22.11,h=36.45,p=1011.29",46275,344.00,True
783,"t=22.09,h=36.46,p=1011.23",46287,272.30,True
784,"t=22.09,h=36.46,p=1011.23",46278,92.00,True
785,"t=22.09,h=36.43,p=1011.26",46277,94.60,True
786,"t=22.09,h=36.43,p=1011.26",46278,242.90,True
787,"t=22.10,h=36.45,p=1011.26",46285,214.70,True
788,"t=22.10,h=36.45,p=1011.26",46280,279.70,True
789,"t=22.08,h=36.45,p=1011.24",46283,324.80,True
790,"t=22.08,h=36.45,p=1011.24",46286,211.10,True
791,"t=22.10,h=36.46,p=1011.26",46277,374.70,True
792,"t=22.10,h=36.46,p=1011.26",46293,93.70,True
793,"t=22.10,h=36.43,p=1011.29",46275,353.10,True
794,"t=22.10,h=36.43,p=1011.29",46289,106.90,True
795,"t=22.10,h=36.44,p=1011.26",46275,117.40,True
796,"t=22.10,h=36.44,p=1011.26",46288,93.70,True
797,"t=22.10,h=36.43,p=1011.28",46279,94.20,True
798,"t=22.10,h=36.43,p=1011.28",46277,350.00,True
799,"t=22.11,h=36.43,p=1011.24",46281,223.00,True
800,"t=22.11,h=36.43,p=1011.24",46275,211.90,True
801,"t=22.11,h=36.42,p=1011.26",46279,217.00,True
802,"t=22.11,h=36.42,p=1011.26",46291,93.50,True
803,"t=22.11,h=36.42,p=1011.25",46277,383.90,True
804,"t=22.11,h=36.42,p=1011.25",46302,291.20,True
805,"t=22.10,h=36.42,p=1011.23",46281,207.90,True
806,"t=22.10,h=36.42,p=1011.23",46281,140.50,True
807,"t=22.10,h=36.43,p=1011.25",46281,97.70,True
808,"t=22.10,h=36.43,p=1011.25",46277,325.80,True
809,"t=22.10,h=36.42,p=1011.26",46286,216.70,True
810,"t=22.10,h=36.42,p=1011.26",46281,329.50,True
811,"t=22.11,h=36.42,p=1011.24",46287,328.10,True
812,"t=22.11,h=36.42,p=1011.24",46292,265.30,True
813,"t=22.11,h=36.42,p=1011.27",46282,213.80,True
814,"t=22.11,h=36.42,p=1011.27",46275,267.50,True
815,"t=22.10,h=36.43,p=1011.26",46282,209.40,True
816,"t=22.10,h=36.43,p=1011.26",46283,93.30,True
817,"t=22.09,h=36.43,p=1011.23",46273,94.70,True
818,"t=22.09,h=36.43,p=1011.23",46278,300.10,True
819,"t=22.11,h=36.42,p=1011.27",46284,292.00,True
820,"t=22.11,h=36.42,p=1011.27",46271,288.80,True
821,"t=22.09,h=36.43,p=1011.23",46277,352.80,True
822,"t=22.09,h=36.43,p=1011.23",46285,94.80,True
823,"t=22.09,h=36.43,p=1011.23",46280,350.70,True
824,"t=22.08,h=36.42,p=1011.21",46280,207.20,True
825,"t=22.08,h=36.42,p=1011.21",46279,347.80,True
826,"t=22.09,h=36.43,p=1011.22",46285,202.80,True
827,"t=22.09,h=36.43,p=1011.22",46283,150.80,True
828,"t=22.09,h=36.41,p=1011.23",46288,117.30,True
829,"t=22.09,h=36.41,p=1011.23",46285,352.10,True
830,"t=22.10,h=36.42,p=1011.26",46285,96.50,True
831,"t=22.10,h=36.42,p=1011.26",46283,151.90,True
832,"t=22.10,h=36.41,p=1011.24",46299,94.80,True
833,"t=22.10,h=36.41,p=1011.24",46279,93.40,True
834,"t=22.10,h=36.41,p=1011.25",46277,325.10,True
835,"t=22.10,h=36.41,p=1011.25",46285,293.30,True
836,"t=22.10,h=36.41,p=1011.23",46277,329.30,True
837,"t=22.10,h=36.41,p=1011.23",46286,353.20,True
838,"t=22.11,h=36.40,p=1011.28",46298,310.20,True
839,"t=22.11,h=36.40,p=1011.28",46289,212.40,True
840,"t=22.10,h=36.40,p=1011.24",46293,209.40,True
841,"t=22.10,h=36.40,p=1011.24",46286,94.70,True
842,"t=22.11,h=36.38,p=1011.24",46287,108.40,True
843,"t=22.11,h=36.38,p=1011.24",46288,331.60,True
844,"t=22.11,h=36.38,p=1011.26",46288,291.50,True
845,"t=22.11,h=36.38,p=1011.26",46273,104.70,True
846,"t=22.10,h=36.38,p=1011.25",46276,95.10,True
847,"t=22.10,h=36.38,p=1011.25",46271,185.10,True
848,"t=22.11,h=36.40,p=1011.28",46293,96.30,True
849,"t=22.11,h=36.40,p=1011.28",46280,296.80,True
850,"t=22.11,h=36.38,p=1011.27",46287,211.40,True
851,"t=22.11,h=36.38,p=1011.27",46277,188.90,True
852,"t=22.11,h=36.38,p=1011.26",46283,383.70,True
853,"t=22.11,h=36.38,p=1011.26",46285,147.70,True
854,"t=22.11,h=36.38,p=1011.29",46276,95.50,True
855,"t=22.11,h=36.38,p=1011.29",46280,350.70,True
856,"t=22.11,h=36.38,p=1011.25",46282,279.70,True
857,"t=22.11,h=36.38,p=1011.25",46312,343.10,True
858,"t=22.10,h=36.38,p=1011.21",46304,243.50,True
859,"t=22.10,h=36.38,p=1011.21",46297,340.20,True
860,"t=22.10,h=36.37,p=1011.25",46286,259.80,True
861,"t=22.10,h=36.37,p=1011.25",46287,265.90,True
862,"t=22.09,h=36.38,p=1011.21",46297,320.70,True
863,"t=22.09,h=36.38,p=1011.21",46291,96.50,True
864,"t=22.11,h=36.37,p=1011.27",46279,94.80,True
865,"t=22.11,h=36.37,p=1011.27",46277,93.30,True
866,"t=22.10,h=36.37,p=1011.24",46279,266.70,True
867,"t=22.10,h=36.37,p=1011.24",46289,254.40,True
868,"t=22.10,h=36.37,p=1011.23",46296,171.40,True
869,"t=22.10,h=36.37,p=1011.23",46301,348.60,True
870,"t=22.11,h=36.36,p=1011.25",46288,347.30,True
871,"t=22.11,h=36.36,p=1011.25",46286,260.20,True
872,"t=22.10,h=36.35,p=1011.25",46275,170.00,True
873,"t=22.10,h=36.35,p=1011.25",46283,96.30,True
874,"t=22.10,h=36.35,p=1011.25",46275,172.30,True
875,"t=22.10,h=36.35,p=1011.25",46285,95.80,True
876,"t=22.10,h=36.35,p=1011.25",46277,94.80,True
877,"t=22.10,h=36.35,p=1011.25",46275,263.50,True
878,"t=22.10,h=36.35,p=1011.25",46292,245.50,True
879,"t=22.10,h=36.37,p=1011.25",46284,189.00,True
880,"t=22.10,h=36.37,p=1011.25",46284,97.10,True
881,"t=22.10,h=36.35,p=1011.26",46289,342.10,True
882,"t=22.10,h=36.35,p=1011.26",46285,93.80,True
883,"t=22.10,h=36.33,p=1011.22",46282,268.80,True
884,"t=22.10,h=36.33,p=1011.22",46290,217.80,True
885,"t=22.10,h=36.35,p=1011.25",46277,320.20,True
886,"t=22.10,h=36.35,p=1011.25",46288,214.10,True
887,"t=22.10,h=36.35,p=1011.27",46271,209.40,True
888,"t=22.10,h=36.35,p=1011.27",46288,190.50,True
889,"t=22.10,h=36.34,p=1011.26",46286,136.50,True
890,"t=22.10,h=36.34,p=1011.26",46283,110.60,True
891,"t=22.11,h=36.36,p=1011.26",46278,94.70,True
892,"t=22.11,h=36.36,p=1011.26",46279,166.60,True
893,"t=22.10,h=36.34,p=1011.23",46282,269.80,True
894,"t=22.10,h=36.34,p=1011.23",46283,342.20,True
895,"t=22.09,h=36.36,p=1011.23",46290,144.30,True
896,"t=22.09,h=36.36,p=1011.23",46285,96.10,True
897,"t=22.09,h=36.36,p=1011.25",46281,95.40,True
898,"t=22.09,h=36.36,p=1011.25",46284,293.00,True
899,"t=22.11,h=36.33,p=1011.25",46289,217.40,True
900,"t=22.11,h=36.33,p=1011.25",46277,381.40,True
901,"t=22.08,h=36.34,p=1011.20",46285,293.80,True
902,"t=22.08,h=36.34,p=1011.20",46271,93.50,True
903,"t=22.09,h=36.31,p=1011.19",46276,94.70,True
904,"t=22.09,h=36.31,p=1011.19",46275,93.00,True
905,"t=22.10,h=36.34,p=1011.20",46284,388.10,True
906,"t=22.10,h=36.34,p=1011.20",46290,292.70,True
907,"t=22.08,h=36.31,p=1011.19",46287,97.20,True
908,"t=22.08,h=36.31,p=1011.19",46270,95.30,True
909,"t=22.11,h=36.32,p=1011.22",46282,323.30,True
910,"t=22.11,h=36.32,p=1011.22",46281,287.00,True
911,"t=22.11,h=36.33,p=1011.26",46288,350.40,True
912,"t=22.11,h=36.33,p=1011.26",46291,351.60,True
913,"t=22.11,h=36.33,p=1011.28",46285,267.60,True
914,"t=22.11,h=36.33,p=1011.28",46281,143.00,True
915,"t=22.11,h=36.33,p=1011.24",46285,389.30,True
916,"t=22.11,h=36.33,p=1011.24",46299,255.10,True
917,"t=22.10,h=36.31,p=1011.25",46283,96.30,True
918,"t=22.10,h=36.31,p=1011.25",46280,173.70,True
919,"t=22.10,h=36.31,p=1011.26",46291,277.60,True
920,"t=22.10,h=36.31,p=1011.26",46289,214.00,True
921,"t=22.10,h=36.33,p=1011.25",46272,150.50,True
922,"t=22.10,h=36.33,p=1011.25",46277,281.30,True
923,"t=22.10,h=36.33,p=1011.25",46282,367.90,True
924,"t=22.10,h=36.33,p=1011.25",46283,350.70,True
925,"t=22.11,h=36.32,p=1011.25",46291,278.70,True
926,"t=22.11,h=36.32,p=1011.25",46289,95.90,True
927,"t=22.11,h=36.33,p=1011.26",46282,94.40,True
928,"t=22.11,h=36.33,p=1011.26",46281,385.80,True
929,"t=22.11,h=36.33,p=1011.26",46293,94.40,True
930,"t=22.11,h=36.30,p=1011.25",46282,349.70,True
931,"t=22.11,h=36.30,p=1011.25",46293,174.30,True
932,"t=22.11,h=36.32,p=1011.26",46277,330.80,True
933,"t=22.11,h=36.32,p=1011.26",46284,164.50,True
934,"t=22.10,h=36.33,p=1011.23",46276,94.30,True
935,"t=22.10,h=36.33,p=1011.23",46281,344.30,True
936,"t=22.11,h=36.32,p=1011.27",46286,317.00,True
937,"t=22.11,h=36.32,p=1011.27",46285,356.20,True
938,"t=22.10,h=36.33,p=1011.26",46297,270.80,True
939,"t=22.10,h=36.33,p=1011.26",46284,214.70,True
940,"t=22.11,h=36.33,p=1011.28",46310,345.30,True
941,"t=22.11,h=36.33,p=1011.28",46283,355.00,True
942,"t=22.11,h=36.29,p=1011.26",46287,361.80,True
943,"t=22.11,h=36.29,p=1011.26",46288,352.70,True
944,"t=22.11,h=36.32,p=1011.25",46289,233.90,True
945,"t=22.11,h=36.32,p=1011.25",46279,94.30,True
946,"t=22.10,h=36.31,p=1011.24",46274,350.50,True
947,"t=22.10,h=36.31,p=1011.24",46284,151.00,True
948,"t=22.11,h=36.33,p=1011.25",46279,354.40,True
949,"t=22.11,h=36.33,p=1011.25",46293,96.20,True
950,"t=22.11,h=36.29,p=1011.27",46278,326.50,True
951,"t=22.11,h=36.29,p=1011.27",46290,348.00,True
952,"t=22.11,h=36.30,p=1011.28",46290,348.00,True
953,"t=22.11,h=36.30,p=1011.28",46285,95.30,True
954,"t=22.11,h=36.34,p=1011.27",46289,390.20,True
955,"t=22.11,h=36.34,p=1011.27",46298,137.20,True
956,"t=22.11,h=36.30,p=1011.26",46296,121.70,True
957,"t=22.11,h=36.30,p=1011.26",46287,344.00,True
958,"t=22.11,h=36.32,p=1011.28",46291,347.40,True
959,"t=22.11,h=36.32,p=1011.28",46290,93.80,True
960,"t=22.10,h=36.33,p=1011.26",46282,354.70,True
961,"t=22.10,h=36.33,p=1011.26",46289,213.90,True
962,"t=22.11,h=36.30,p=1011.26",46275,208.00,True
963,"t=22.11,h=36.30,p=1011.26",46289,334.40,True
964,"t=22.11,h=36.30,p=1011.25",46286,292.10,True
965,"t=22.11,h=36.30,p=1011.25",46286,264.50,True
966,"t=22.11,h=36.30,p=1011.27",46286,308.70,True
967,"t=22.11,h=36.30,p=1011.27",46292,210.20,True
968,"t=22.11,h=36.30,p=1011.26",46275,209.60,True
969,"t=22.11,h=36.30,p=1011.26",46289,287.30,True
970,"t=22.11,h=36.32,p=1011.26",46282,215.00,True
971,"t=22.11,h=36.32,p=1011.26",46279,144.10,True
972,"t=22.10,h=36.31,p=1011.25",46283,97.70,True
973,"t=22.10,h=36.31,p=1011.25",46277,95.30,True
974,"t=22.11,h=36.30,p=1011.27",46277,325.50,True
975,"t=22.11,h=36.30,p=1011.27",46295,343.40,True
976,"t=22.09,h=36.32,p=1011.23",46288,353.80,True
977,"t=22.09,h=36.32,p=1011.23",46287,393.30,True
978,"t=22.10,h=36.30,p=1011.24",46287,97.10,True
979,"t=22.10,h=36.30,p=1011.24",46275,96.70,True
980,"t=22.10,h=36.30,p=1011.24",46282,276.60,True
981,"t=22.11,h=36.32,p=1011.27",46286,145.70,True
982,"t=22.11,h=36.32,p=1011.27",46294,347.50,True
983,"t=22.09,h=36.31,p=1011.25",46282,349.90,True
984,"t=22.09,h=36.31,p=1011.25",46285,209.90,True
985,"t=22.11,h=36.30,p=1011.29",46279,269.70,True
986,"t=22.11,h=36.30,p=1011.29",46290,277.10,True
987,"t=22.11,h=36.32,p=1011.28",46285,347.70,True
988,"t=22.11,h=36.32,p=1011.28",46283,101.30,True
989,"t=22.11,h=36.30,p=1011.27",46280,94.50,True
990,"t=22.11,h=36.30,p=1011.27",46278,92.60,True
991,"t=22.11,h=36.32,p=1011.27",46280,164.70,True
992,"t=22.11,h=36.32,p=1011.27",46285,120.30,True
993,"t=22.11,h=36.30,p=1011.28",46277,351.10,True
994,"t=22.11,h=36.30,p=1011.28",46290,348.20,True
995,"t=22.11,h=36.29,p=1011.26",46292,350.90,True
996,"t=22.11,h=36.29,p=1011.26",46289,268.00,True
997,"t=22.11,h=36.29,p=1011.27",46284,169.80,True
998,"t=22.11,h=36.29,p=1011.27",46273,93.80,True
999,"t=22.11,h=36.32,p=1011.27",46282,270.80,True
1000,"t=22.11,h=36.32,p=1011.27",46288,330.50,True
1001,"t=22.11,h=36.28,p=1011.30",46288,290.40,True
1002,"t=22.11,h=36.28,p=1011.30",46278,252.70,True
1003,"t=22.11,h=36.32,p=1011.26",46284,273.10,True
1004,"t=22.11,h=36.32,p=1011.26",46291,149.10,True
1005,"t=22.11,h=36.32,p=1011.26",46285,387.40,True
1006,"t=22.11,h=36.32,p=1011.26",46284,330.70,True
1007,"t=22.11,h=36.29,p=1011.29",46288,295.20,True
1008,"t=22.11,h=36.29,p=1011.29",46276,297.60,True
1009,"t=22.11,h=36.30,p=1011.26",46291,283.70,True
1010,"t=22.11,h=36.30,p=1011.26",46286,208.00,True
1011,"t=22.11,h=36.30,p=1011.26",46278,205.00,True
1012,"t=22.11,h=36.30,p=1011.26",46287,345.40,True
1013,"t=22.11,h=36.29,p=1011.26",46289,205.50,True
1014,"t=22.11,h=36.29,p=1011.26",46283,264.90,True
1015,"t=22.09,h=36.30,p=1011.24",46294,217.40,True
1016,"t=22.09,h=36.30,p=1011.24",46274,353.60,True
1017,"t=22.09,h=36.31,p=1011.22",46286,237.20,True
1018,"t=22.09,h=36.31,p=1011.22",46272,95.50,True
1019,"t=22.11,h=36.30,p=1011.29",46284,122.20,True
1020,"t=22.11,h=36.30,p=1011.29",46285,96.80,True
1021,"t=22.09,h=36.31,p=1011.23",46278,330.30,True
1022,"t=22.09,h=36.31,p=1011.23",46287,166.80,True
1023,"t=22.11,h=36.30,p=1011.25",46278,343.70,True
1024,"t=22.11,h=36.30,p=1011.25",46284,291.70,True
1025,"t=22.11,h=36.30,p=1011.28",46281,143.80,True
1026,"t=22.11,h=36.30,p=1011.28",46290,94.90,True
1027,"t=22.11,h=36.29,p=1011.30",46290,138.70,True
1028,"t=22.11,h=36.29,p=1011.30",46306,95.50,True
1029,"t=22.11,h=36.30,p=1011.28",46277,104.90,True
1030,"t=22.11,h=36.30,p=1011.28",46282,366.50,True
1031,"t=22.11,h=36.29,p=1011.28",46289,293.00,True
1032,"t=22.11,h=36.29,p=1011.28",46281,141.10,True
1033,"t=22.11,h=36.29,p=1011.28",46294,95.00,True
1034,"t=22.11,h=36.29,p=1011.29",46281,244.90,True
1035,"t=22.11,h=36.29,p=1011.29",46285,356.20,True
1036,"t=22.11,h=36.26,p=1011.30",46280,190.70,True
1037,"t=22.11,h=36.26,p=1011.30",46270,96.00,True
1038,"t=22.11,h=36.28,p=1011.30",46281,348.30,True
1039,"t=22.11,h=36.28,p=1011.30",46286,348.80,True
1040,"t=22.11,h=36.28,p=1011.27",46288,379.10,True
1041,"t=22.11,h=36.28,p=1011.27",46288,352.40,True
1042,"t=22.11,h=36.30,p=1011.24",46282,280.40,True
1043,"t=22.11,h=36.30,p=1011.24",46271,354.10,True
1044,"t=22.11,h=36.28,p=1011.28",46293,144.40,True
1045,"t=22.11,h=36.28,p=1011.28",46290,323.20,True
1046,"t=22.11,h=36.28,p=1011.27",46292,353.90,True
1047,"t=22.11,h=36.28,p=1011.27",46284,219.90,True
1048,"t=22.10,h=36.27,p=1011.24",46288,95.10,True
1049,"t=22.10,h=36.27,p=1011.24",46285,94.40,True
1050,"t=22.10,h=36.28,p=1011.25",46279,351.00,True
1051,"t=22.10,h=36.28,p=1011.25",46289,310.90,True
1052,"t=22.11,h=36.27,p=1011.30",46279,96.50,True
1053,"t=22.11,h=36.27,p=1011.30",46273,265.40,True
1054,"t=22.10,h=36.28,p=1011.26",46292,215.50,True
1055,"t=22.10,h=36.28,p=1011.26",46280,144.60,True
1056,"t=22.09,h=36.28,p=1011.28",46287,96.30,True
1057,"t=22.09,h=36.28,p=1011.28",46283,351.50,True
1058,"t=22.10,h=36.26,p=1011.24",46283,291.20,True
1059,"t=22.10,h=36.26,p=1011.24",46279,98.00,True
1060,"t=22.11,h=36.26,p=1011.29",46276,302.30,True
1061,"t=22.11,h=36.26,p=1011.29",46281,96.70,True
1062,"t=22.11,h=36.27,p=1011.28",46276,349.70,True
1063,"t=22.11,h=36.27,p=1011.28",46285,340.50,True
1064,"t=22.11,h=36.27,p=1011.28",46293,239.80,True
1065,"t=22.11,h=36.27,p=1011.28",46285,274.80,True
1066,"t=22.11,h=36.27,p=1011.26",46290,373.30,True
1067,"t=22.11,h=36.27,p=1011.26",46286,346.40,True
1068,"t=22.11,h=36.26,p=1011.26",46281,199.20,True
1069,"t=22.11,h=36.26,p=1011.26",46269,94.00,True
1070,"t=22.11,h=36.26,p=1011.28",46277,349.40,True
1071,"t=22.11,h=36.26,p=1011.28",46282,95.20,True
1072,"t=22.11,h=36.26,p=1011.28",46275,299.00,True
1073,"t=22.11,h=36.26,p=1011.28",46286,212.20,True
1074,"t=22.11,h=36.26,p=1011.24",46278,213.70,True
1075,"t=22.11,h=36.26,p=1011.24",46285,286.20,True
1076,"t=22.11,h=36.26,p=1011.27",46281,215.10,True
1077,"t=22.11,h=36.26,p=1011.27",46272,266.00,True
1078,"t=22.11,h=36.26,p=1011.29",46281,218.20,True
1079,"t=22.11,h=36.26,p=1011.29",46283,352.70,True
1080,"t=22.11,h=36.25,p=1011.27",46282,161.80,True
1081,"t=22.11,h=36.25,p=1011.27",46286,95.90,True
1082,"t=22.11,h=36.25,p=1011.29",46275,266.30,True
1083,"t=22.11,h=36.25,p=1011.29",46292,349.20,True
1084,"t=22.11,h=36.25,p=1011.29",46287,328.80,True
1085,"t=22.11,h=36.25,p=1011.29",46288,351.50,True
1086,"t=22.11,h=36.25,p=1011.29",46285,174.90,True
1087,"t=22.10,h=36.23,p=1011.27",46287,96.70,True
1088,"t=22.10,h=36.23,p=1011.27",46276,94.30,True
1089,"t=22.11,h=36.23,p=1011.28",46285,94.00,True
1090,"t=22.11,h=36.23,p=1011.28",46286,349.10,True
1091,"t=22.12,h=36.22,p=1011.29",46286,385.50,True
1092,"t=22.12,h=36.22,p=1011.29",46289,268.60,True
1093,"t=22.09,h=36.22,p=1011.24",46282,317.90,True
1094,"t=22.09,h=36.22,p=1011.24",46290,363.90,True
1095,"t=22.10,h=36.23,p=1011.23",46280,294.60,True
1096,"t=22.10,h=36.23,p=1011.23",46277,111.20,True
1097,"t=22.11,h=36.21,p=1011.26",46282,357.90,True
1098,"t=22.11,h=36.21,p=1011.26",46286,291.60,True
1099,"t=22.11,h=36.22,p=1011.26",46288,146.80,True
1100,"t=22.11,h=36.22,p=1011.26",46291,330.30,True
1101,"t=22.11,h=36.22,p=1011.27",46296,345.20,True
1102,"t=22.11,h=36.22,p=1011.27",46288,106.50,True
1103,"t=22.11,h=36.19,p=1011.28",46294,386.00,True
1104,"t=22.11,h=36.19,p=1011.28",46291,95.60,True
1105,"t=22.11,h=36.22,p=1011.27",46283,344.40,True
1106,"t=22.11,h=36.22,p=1011.27",46290,357.40,True
1107,"t=22.12,h=36.21,p=1011.26",46294,266.00,True
1108,"t=22.12,h=36.21,p=1011.26",46283,349.00,True
1109,"t=22.11,h=36.19,p=1011.25",46281,294.50,True
1110,"t=22.11,h=36.19,p=1011.25",46284,95.00,True
1111,"t=22.11,h=36.20,p=1011.26",46286,349.40,True
1112,"t=22.11,h=36.20,p=1011.26",46297,95.90,True
1113,"t=22.12,h=36.20,p=1011.28",46270,350.20,True
1114,"t=22.12,h=36.20,p=1011.28",46285,338.20,True
1115,"t=22.11,h=36.21,p=1011.27",46292,278.30,True
1116,"t=22.11,h=36.21,p=1011.27",46290,95.90,True
1117,"t=22.11,h=36.19,p=1011.25",46274,98.50,True
1118,"t=22.11,h=36.19,p=1011.25",46280,366.10,True
1119,"t=22.11,h=36.18,p=1011.27",46291,353.00,True
1120,"t=22.11,h=36.18,p=1011.27",46290,292.10,True
1121,"t=22.11,h=36.18,p=1011.29",46272,96.30,True
1122,"t=22.11,h=36.18,p=1011.29",46277,145.10,True
1123,"t=22.11,h=36.18,p=1011.30",46281,264.20,True
1124,"t=22.11,h=36.18,p=1011.30",46284,325.80,True
1125,"t=22.10,h=36.17,p=1011.22",46290,214.50,True
1126,"t=22.10,h=36.17,p=1011.22",46280,245.50,True
1127,"t=22.10,h=36.17,p=1011.26",46306,349.00,True
1128,"t=22.10,h=36.17,p=1011.26",46291,188.50,True
1129,"t=22.11,h=36.16,p=1011.27",46280,93.70,True
1130,"t=22.11,h=36.16,p=1011.27",46277,93.80,True
1131,"t=22.11,h=36.15,p=1011.25",46278,93.60,True
1132,"t=22.11,h=36.15,p=1011.25",46273,92.50,True
1133,"t=22.11,h=36.17,p=1011.26",46280,169.70,True
1134,"t=22.11,h=36.17,p=1011.26",46284,215.20,True
1135,"t=22.08,h=36.16,p=1011.22",46280,142.60,True
1136,"t=22.08,h=36.16,p=1011.22",46283,141.70,True
1137,"t=22.08,h=36.16,p=1011.22",46284,94.90,True
1138,"t=22.10,h=36.15,p=1011.25",46276,96.30,True
1139,"t=22.10,h=36.15,p=1011.25",46278,363.70,True
1140,"t=22.11,h=36.15,p=1011.25",46294,389.20,True
1141,"t=22.11,h=36.15,p=1011.25",46287,291.20,True
1142,"t=22.11,h=36.15,p=1011.28",46276,113.60,True
1143,"t=22.11,h=36.15,p=1011.28",46275,94.00,True
1144,"t=22.12,h=36.14,p=1011.26",46275,263.30,True
1145,"t=22.12,h=36.14,p=1011.26",46286,213.70,True
1146,"t=22.11,h=36.15,p=1011.28",46278,352.70,True
1147,"t=22.11,h=36.15,p=1011.28",46284,94.80,True
1148,"t=22.11,h=36.14,p=1011.27",46281,344.00,True
1149,"t=22.11,h=36.14,p=1011.27",46292,225.00,True
1150,"t=22.11,h=36.17,p=1011.28",46280,266.80,True
1151,"t=22.11,h=36.17,p=1011.28",46292,210.00,True
1152,"t=22.11,h=36.13,p=1011.28",46278,176.60,True
1153,"t=22.11,h=36.13,p=1011.28",46292,123.80,True
1154,"t=22.12,h=36.14,p=1011.29",46281,154.00,True
1155,"t=22.12,h=36.14,p=1011.29",46290,94.00,True
1156,"t=22.11,h=36.15,p=1011.29",46276,142.30,True
1157,"t=22.11,h=36.15,p=1011.29",46285,96.00,True
1158,"t=22.12,h=36.14,p=1011.26",46273,95.40,True
1159,"t=22.12,h=36.14,p=1011.26",46289,181.30,True
1160,"t=22.12,h=36.12,p=1011.28",46284,95.10,True
1161,"t=22.12,h=36.12,p=1011.28",46278,149.00,True
1162,"t=22.11,h=36.13,p=1011.25",46294,96.00,True
1163,"t=22.11,h=36.13,p=1011.25",46287,327.70,True
1164,"t=22.11,h=36.13,p=1011.27",46286,146.00,True
1165,"t=22.11,h=36.13,p=1011.27",46285,118.10,True
1166,"t=22.10,h=36.16,p=1011.24",46270,95.30,True
1167,"t=22.10,h=36.16,p=1011.24",46274,126.70,True
1168,"t=22.11,h=36.12,p=1011.27",46286,96.30,True
1169,"t=22.11,h=36.12,p=1011.27",46275,100.30,True
1170,"t=22.09,h=36.12,p=1011.22",46274,349.30,True
1171,"t=22.09,h=36.12,p=1011.22",46282,350.70,True
1172,"t=22.09,h=36.13,p=1011.23",46289,283.70,True
1173,"t=22.09,h=36.13,p=1011.23",46276,92.40,True
1174,"t=22.11,h=36.12,p=1011.30",46274,347.10,True
1175,"t=22.11,h=36.12,p=1011.30",46308,349.40,True
1176,"t=22.11,h=36.13,p=1011.26",46283,113.40,True
1177,"t=22.11,h=36.13,p=1011.26",46272,92.90,True
1178,"t=22.11,h=36.13,p=1011.26",46279,292.70,True
1179,"t=22.11,h=36.13,p=1011.26",46286,304.30,True
1180,"t=22.11,h=36.13,p=1011.26",46282,94.20,True
1181,"t=22.11,h=36.13,p=1011.26",46271,92.40,True
1182,"t=22.11,h=36.13,p=1011.23",46271,351.10,True
1183,"t=22.11,h=36.13,p=1011.23",46282,146.80,True
1184,"t=22.12,h=36.13,p=1011.27",46305,364.00,True
1185,"t=22.12,h=36.13,p=1011.27",46293,267.80,True
1186,"t=22.12,h=36.13,p=1011.27",46290,344.90,True
1187,"t=22.12,h=36.13,p=1011.27",46296,345.30,True
1188,"t=22.11,h=36.13,p=1011.25",46297,344.20,True
1189,"t=22.11,h=36.13,p=1011.25",46317,243.80,True
1190,"t=22.11,h=36.13,p=1011.25",46298,239.10,True
1191,"t=22.11,h=36.13,p=1011.29",46278,348.20,True
1192,"t=22.11,h=36.13,p=1011.29",46289,357.10,True
1193,"t=22.12,h=36.14,p=1011.28",46287,193.80,True
1194,"t=22.12,h=36.14,p=1011.28",46285,304.00,True
1195,"t=22.11,h=36.13,p=1011.29",46283,213.90,True
1196,"t=22.11,h=36.13,p=1011.29",46274,209.20,True
1197,"t=22.11,h=36.12,p=1011.27",46275,126.70,True
1198,"t=22.11,h=36.12,p=1011.27",46277,350.60,True
1199,"t=22.11,h=36.12,p=1011.29",46286,329.20,True
1200,"t=22.11,h=36.12,p=1011.29",46285,96.10,True
1201,"t=22.12,h=36.11,p=1011.26",46272,94.80,True
1202,"t=22.12,h=36.11,p=1011.26",46273,331.00,True
1203,"t=22.12,h=36.13,p=1011.25",46288,280.20,True
1204,"t=22.12,h=36.13,p=1011.25",46287,352.10,True
1205,"t=22.10,h=36.14,p=1011.25",46287,168.40,True
1206,"t=22.10,h=36.14,p=1011.25",46284,354.00,True
1207,"t=22.11,h=36.13,p=1011.24",46285,223.50,True
1208,"t=22.11,h=36.13,p=1011.24",46283,305.60,True
1209,"t=22.10,h=36.15,p=1011.25",46287,331.70,True
1210,"t=22.10,h=36.15,p=1011.25",46307,342.70,True
1211,"t=22.11,h=36.13,p=1011.25",46293,291.20,True
1212,"t=22.11,h=36.13,p=1011.25",46288,209.20,True
1213,"t=22.12,h=36.13,p=1011.30",46283,170.30,True
1214,"t=22.12,h=36.13,p=1011.30",46295,95.90,True
1215,"t=22.12,h=36.13,p=1011.26",46279,179.20,True
1216,"t=22.12,h=36.13,p=1011.26",46287,144.50,True
1217,"t=22.12,h=36.11,p=1011.27",46324,382.30,True
1218,"t=22.12,h=36.11,p=1011.27",46287,350.60,True
1219,"t=22.12,h=36.14,p=1011.28",46290,352.70,True
1220,"t=22.12,h=36.14,p=1011.28",46285,95.50,True
1221,"t=22.11,h=36.13,p=1011.24",46278,319.50,True
1222,"t=22.11,h=36.13,p=1011.24",46284,136.30,True
1223,"t=22.12,h=36.13,p=1011.27",46292,241.60,True
1224,"t=22.12,h=36.13,p=1011.27",46288,213.50,True
1225,"t=22.12,h=36.13,p=1011.26",46278,343.90,True
1226,"t=22.12,h=36.13,p=1011.26",46290,165.30,True
1227,"t=22.11,h=36.13,p=1011.27",46288,363.20,True
1228,"t=22.11,h=36.13,p=1011.27",46290,170.40,True
1229,"t=22.11,h=36.13,p=1011.27",46286,279.70,True
1230,"t=22.11,h=36.13,p=1011.27",46285,354.10,True
1231,"t=22.12,h=36.14,p=1011.30",46288,294.60,True
1232,"t=22.12,h=36.14,p=1011.30",46280,178.60,True
1233,"t=22.12,h=36.13,p=1011.27",46280,346.30,True
1234,"t=22.12,h=36.13,p=1011.27",46289,164.00,True
1235,"t=22.10,h=36.14,p=1011.25",46294,143.40,True
1236,"t=22.10,h=36.14,p=1011.25",46288,287.80,True
1237,"t=22.11,h=36.13,p=1011.25",46293,215.30,True
1238,"t=22.11,h=36.13,p=1011.25",46285,235.80,True
1239,"t=22.10,h=36.13,p=1011.25",46284,96.10,True
1240,"t=22.10,h=36.13,p=1011.25",46275,94.40,True
1241,"t=22.12,h=36.13,p=1011.30",46283,164.60,True
1242,"t=22.12,h=36.13,p=1011.30",46292,349.80,True
1243,"t=22.12,h=36.13,p=1011.30",46293,167.00,True
1244,"t=22.10,h=36.15,p=1011.25",46275,95.70,True
1245,"t=22.10,h=36.15,p=1011.25",46306,270.30,True
1246,"t=22.12,h=36.18,p=1011.29",46287,213.70,True
1247,"t=22.12,h=36.18,p=1011.29",46276,152.20,True
1248,"t=22.10,h=36.14,p=1011.23",46288,97.30,True
1249,"t=22.10,h=36.14,p=1011.23",46275,356.70,True
1250,"t=22.10,h=36.14,p=1011.25",46285,276.90,True
1251,"t=22.10,h=36.14,p=1011.25",46284,358.80,True
1252,"t=22.10,h=36.14,p=1011.26",46281,267.70,True
1253,"t=22.10,h=36.14,p=1011.26",46275,94.50,True
1254,"t=22.12,h=36.14,p=1011.28",46280,122.70,True
1255,"t=22.12,h=36.14,p=1011.28",46285,240.60,True
1256,"t=22.12,h=36.13,p=1011.28",46288,213.50,True
1257,"t=22.12,h=36.13,p=1011.28",46280,211.10,True
1258,"t=22.12,h=36.14,p=1011.27",46278,322.40,True
1259,"t=22.12,h=36.14,p=1011.27",46286,256.40,True
1260,"t=22.12,h=36.13,p=1011.27",46287,215.80,True
1261,"t=22.12,h=36.13,p=1011.27",46279,211.10,True
1262,"t=22.12,h=36.14,p=1011.31",46290,375.00,True
1263,"t=22.12,h=36.14,p=1011.31",46294,252.10,True
1264,"t=22.12,h=36.14,p=1011.27",46278,266.80,True
1265,"t=22.12,h=36.14,p=1011.27",46287,210.20,True
1266,"t=22.12,h=36.14,p=1011.26",46294,267.20,True
1267,"t=22.12,h=36.14,p=1011.26",46285,338.80,True
1268,"t=22.12,h=36.13,p=1011.28",46295,242.00,True
1269,"t=22.12,h=36.13,p=1011.28",46279,94.60,True
1270,"t=22.11,h=36.14,p=1011.27",46279,94.50,True
1271,"t=22.11,h=36.14,p=1011.27",46280,353.30,True
1272,"t=22.12,h=36.15,p=1011.29",46283,98.70,True
1273,"t=22.12,h=36.15,p=1011.29",46304,350.90,True
1274,"t=22.12,h=36.15,p=1011.29",46289,144.50,True
1275,"t=22.12,h=36.15,p=1011.29",46284,95.00,True
1276,"t=22.12,h=36.17,p=1011.27",46279,94.60,True
1277,"t=22.12,h=36.17,p=1011.27",46277,325.60,True
1278,"t=22.12,h=36.15,p=1011.28",46293,364.70,True
1279,"t=22.12,h=36.15,p=1011.28",46291,296.70,True
1280,"t=22.11,h=36.15,p=1011.28",46278,324.50,True
1281,"t=22.11,h=36.15,p=1011.28",46287,380.10,True
1282,"t=22.10,h=36.15,p=1011.26",46284,330.50,True
1283,"t=22.10,h=36.15,p=1011.26",46291,293.20,True
1284,"t=22.12,h=36.15,p=1011.28",46288,352.20,True
1285,"t=22.12,h=36.15,p=1011.28",46295,166.10,True
1286,"t=22.12,h=36.15,p=1011.29",46278,183.50,True
1287,"t=22.12,h=36.15,p=1011.29",46285,94.80,True
1288,"t=22.10,h=36.15,p=1011.27",46276,144.40,True
1289,"t=22.10,h=36.15,p=1011.27",46283,238.70,True
1290,"t=22.12,h=36.14,p=1011.31",46297,216.70,True
1291,"t=22.12,h=36.14,p=1011.31",46282,385.20,True
1292,"t=22.12,h=36.15,p=1011.30",46290,213.20,True
1293,"t=22.12,h=36.15,p=1011.30",46275,208.20,True
1294,"t=22.12,h=36.15,p=1011.31",46280,353.20,True
1295,"t=22.12,h=36.15,p=1011.31",46292,95.80,True
1296,"t=22.12,h=36.15,p=1011.31",46278,93.70,True
1297,"t=22.12,h=36.15,p=1011.28",46285,192.90,True
1298,"t=22.12,h=36.15,p=1011.28",46289,268.40,True
1299,"t=22.12,h=36.15,p=1011.29",46283,213.80,True
1300,"t=22.12,h=36.15,p=1011.29",46275,162.40,True
1301,"t=22.12,h=36.15,p=1011.27",46295,350.30,True
1302,"t=22.12,h=36.15,p=1011.27",46296,95.80,True
1303,"t=22.12,h=36.19,p=1011.29",46283,381.10,True
1304,"t=22.12,h=36.19,p=1011.29",46292,309.50,True
1305,"t=22.12,h=36.15,p=1011.28",46293,243.30,True
1306,"t=22.12,h=36.15,p=1011.28",46295,262.50,True
1307,"t=22.12,h=36.14,p=1011.25",46287,96.20,True
1308,"t=22.12,h=36.14,p=1011.25",46283,142.00,True
1309,"t=22.12,h=36.15,p=1011.30",46287,95.20,True
1310,"t=22.12,h=36.15,p=1011.30",46309,268.50,True
1311,"t=22.12,h=36.20,p=1011.30",46292,164.30,True
1312,"t=22.12,h=36.20,p=1011.30",46289,305.70,True
1313,"t=22.12,h=36.14,p=1011.28",46285,211.90,True
1314,"t=22.12,h=36.14,p=1011.28",46277,151.50,True
1315,"t=22.12,h=36.15,p=1011.28",46288,97.20,True
1316,"t=22.12,h=36.15,p=1011.28",46280,331.10,True
1317,"t=22.12,h=36.15,p=1011.30",46288,177.70,True
1318,"t=22.12,h=36.15,p=1011.30",46289,93.90,True
1319,"t=22.10,h=36.15,p=1011.26",46274,95.30,True
1320,"t=22.10,h=36.15,p=1011.26",46276,352.30,True
1321,"t=22.12,h=36.17,p=1011.29",46281,227.30,True
1322,"t=22.12,h=36.17,p=1011.29",46280,94.60,True
1323,"t=22.10,h=36.16,p=1011.26",46278,265.90,True
1324,"t=22.10,h=36.16,p=1011.26",46288,259.00,True
1325,"t=22.10,h=36.17,p=1011.26",46288,260.90,True
1326,"t=22.10,h=36.17,p=1011.26",46289,201.80,True
1327,"t=22.12,h=36.15,p=1011.30",46287,344.70,True
1328,"t=22.12,h=36.15,p=1011.30",46288,377.10,True
1329,"t=22.11,h=36.15,p=1011.29",46299,325.00,True
1330,"t=22.11,h=36.15,p=1011.29",46283,292.00,True
1331,"t=22.12,h=36.17,p=1011.30",46304,388.10,True
1332,"t=22.12,h=36.17,p=1011.30",46286,142.30,True
1333,"t=22.12,h=36.15,p=1011.32",46288,142.40,True
1334,"t=22.12,h=36.15,p=1011.32",46285,186.30,True
1335,"t=22.12,h=36.15,p=1011.29",46286,362.90,True
1336,"t=22.12,h=36.15,p=1011.29",46286,124.30,True
1337,"t=22.12,h=36.15,p=1011.28",46281,330.30,True
1338,"t=22.12,h=36.15,p=1011.28",46311,297.80,True
1339,"t=22.12,h=36.15,p=1011.29",46280,107.30,True
1340,"t=22.12,h=36.15,p=1011.29",46275,376.60,True
1341,"t=22.12,h=36.15,p=1011.25",46286,290.70,True
1342,"t=22.12,h=36.15,p=1011.25",46276,141.80,True
1343,"t=22.12,h=36.15,p=1011.28",46289,350.10,True
1344,"t=22.12,h=36.15,p=1011.28",46296,141.00,True
1345,"t=22.12,h=36.14,p=1011.29",46286,276.00,True
1346,"t=22.12,h=36.14,p=1011.29",46294,139.10,True
1347,"t=22.12,h=36.14,p=1011.30",46289,96.20,True
1348,"t=22.12,h=36.14,p=1011.30",46287,265.80,True
1349,"t=22.12,h=36.14,p=1011.30",46289,328.90,True
1350,"t=22.12,h=36.17,p=1011.30",46284,349.00,True
1351,"t=22.12,h=36.17,p=1011.30",46285,215.40,True
1352,"t=22.12,h=36.14,p=1011.28",46276,356.70,True
1353,"t=22.12,h=36.14,p=1011.28",46289,208.80,True
1354,"t=22.12,h=36.14,p=1011.31",46284,94.40,True
1355,"t=22.12,h=36.14,p=1011.31",46289,121.10,True
1356,"t=22.12,h=36.14,p=1011.29",46287,94.90,True
1357,"t=22.12,h=36.14,p=1011.29",46283,335.50,True
1358,"t=22.10,h=36.13,p=1011.27",46280,289.60,True
1359,"t=22.10,h=36.13,p=1011.27",46274,277.30,True
1360,"t=22.10,h=36.13,p=1011.25",46284,216.70,True
1361,"t=22.10,h=36.13,p=1011.25",46274,264.30,True
1362,"t=22.10,h=36.14,p=1011.25",46282,211.90,True
1363,"t=22.10,h=36.14,p=1011.25",46275,140.50,True
1364,"t=22.10,h=36.13,p=1011.25",46284,141.70,True
1365,"t=22.10,h=36.13,p=1011.25",46285,96.20,True
1366,"t=22.10,h=36.14,p=1011.27",46280,356.10,True
1367,"t=22.10,h=36.14,p=1011.27",46283,348.00,True
1368,"t=22.12,h=36.13,p=1011.29",46288,279.10,True
1369,"t=22.12,h=36.13,p=1011.29",46281,99.80,True
1370,"t=22.12,h=36.13,p=1011.28",46291,323.40,True
1371,"t=22.12,h=36.13,p=1011.28",46289,161.20,True
1372,"t=22.11,h=36.14,p=1011.28",46291,354.10,True
1373,"t=22.11,h=36.14,p=1011.28",46294,196.20,True
1374,"t=22.12,h=36.14,p=1011.29",46275,93.70,True
1375,"t=22.12,h=36.14,p=1011.29",46276,92.70,True
1376,"t=22.11,h=36.14,p=1011.28",46283,405.50,True
1377,"t=22.11,h=36.14,p=1011.28",46291,96.40,True
1378,"t=22.12,h=36.13,p=1011.30",46287,248.60,True
1379,"t=22.12,h=36.13,p=1011.30",46296,207.60,True
1380,"t=22.11,h=36.12,p=1011.31",46278,144.10,True
1381,"t=22.11,h=36.12,p=1011.31",46285,93.70,True
1382,"t=22.11,h=36.14,p=1011.28",46280,95.30,True
1383,"t=22.11,h=36.14,p=1011.28",46285,180.90,True
1384,"t=22.12,h=36.13,p=1011.31",46287,97.30,True
1385,"t=22.12,h=36.13,p=1011.31",46282,143.90,True
1386,"t=22.12,h=36.13,p=1011.28",46292,96.00,True
1387,"t=22.12,h=36.13,p=1011.28",46282,352.60,True
1388,"t=22.12,h=36.13,p=1011.29",46284,95.20,True
1389,"t=22.12,h=36.13,p=1011.29",46274,202.90,True
1390,"t=22.12,h=36.13,p=1011.31",46290,320.30,True
1391,"t=22.12,h=36.13,p=1011.31",46293,348.00,True
1392,"t=22.12,h=36.13,p=1011.29",46286,331.50,True
1393,"t=22.12,h=36.13,p=1011.29",46282,94.40,True
1394,"t=22.11,h=36.12,p=1011.29",46274,96.60,True
1395,"t=22.11,h=36.12,p=1011.29",46275,95.50,True
1396,"t=22.12,h=36.12,p=1011.31",46280,143.00,True
1397,"t=22.12,h=36.12,p=1011.31",46285,338.60,True
1398,"t=22.09,h=36.13,p=1011.25",46289,351.70,True
1399,"t=22.09,h=36.13,p=1011.25",46286,324.30,True
1400,"t=22.11,h=36.12,p=1011.28",46282,196.30,True
1401,"t=22.11,h=36.12,p=1011.28",46291,276.50,True
1402,"t=22.11,h=36.12,p=1011.28",46291,203.60,True
1403,"t=22.12,h=36.13,p=1011.30",46292,96.60,True
1404,"t=22.12,h=36.13,p=1011.30",46282,94.00,True
1405,"t=22.12,h=36.13,p=1011.32",46283,349.60,True
1406,"t=22.12,h=36.13,p=1011.32",46290,288.10,True
1407,"t=22.12,h=36.11,p=1011.30",46279,94.50,True
1408,"t=22.12,h=36.11,p=1011.30",46280,94.30,True
1409,"t=22.12,h=36.13,p=1011.26",46281,324.30,True
1410,"t=22.12,h=36.13,p=1011.26",46287,350.80,True
1411,"t=22.12,h=36.14,p=1011.30",46287,346.30,True
1412,"t=22.12,h=36.14,p=1011.30",46300,275.30,True
1413,"t=22.12,h=36.13,p=1011.30",46290,211.90,True
1414,"t=22.12,h=36.13,p=1011.30",46284,213.40,True
1415,"t=22.12,h=36.13,p=1011.28",46284,260.80,True
1416,"t=22.12,h=36.13,p=1011.28",46295,93.60,True
1417,"t=22.12,h=36.11,p=1011.31",46278,214.10,True
1418,"t=22.12,h=36.11,p=1011.31",46284,288.20,True
1419,"t=22.12,h=36.11,p=1011.30",46288,218.30,True
1420,"t=22.12,h=36.11,p=1011.30",46278,214.30,True
1421,"t=22.12,h=36.10,p=1011.30",46269,368.20,True
1422,"t=22.12,h=36.10,p=1011.30",46285,157.10,True
1423,"t=22.12,h=36.12,p=1011.31",46279,95.00,True
1424,"t=22.12,h=36.12,p=1011.31",46277,171.70,True
1425,"t=22.12,h=36.13,p=1011.30",46298,325.20,True
1426,"t=22.12,h=36.13,p=1011.30",46293,264.10,True
1427,"t=22.12,h=36.12,p=1011.29",46286,213.80,True
1428,"t=22.12,h=36.12,p=1011.29",46278,394.20,True
1429,"t=22.11,h=36.12,p=1011.25",46282,106.60,True
1430,"t=22.11,h=36.12,p=1011.25",46275,350.50,True
1431,"t=22.12,h=36.13,p=1011.26",46286,178.90,True
1432,"t=22.12,h=36.13,p=1011.26",46278,275.40,True
1433,"t=22.11,h=36.11,p=1011.25",46293,95.10,True
1434,"t=22.11,h=36.11,p=1011.25",46287,256.40,True
1435,"t=22.10,h=36.11,p=1011.25",46280,213.30,True
1436,"t=22.10,h=36.11,p=1011.25",46307,263.10,True
1437,"t=22.10,h=36.13,p=1011.26",46281,217.60,True
1438,"t=22.10,h=36.13,p=1011.26",46277,171.60,True
1439,"t=22.12,h=36.11,p=1011.29",46277,349.10,True
1440,"t=22.12,h=36.11,p=1011.29",46285,118.90,True
1441,"t=22.10,h=36.12,p=1011.23",46284,121.80,True
1442,"t=22.10,h=36.12,p=1011.23",46284,304.10,True
1443,"t=22.10,h=36.11,p=1011.25",46286,212.80,True
1444,"t=22.10,h=36.11,p=1011.25",46272,209.70,True
1445,"t=22.12,h=36.12,p=1011.30",46274,118.00,True
1446,"t=22.12,h=36.12,p=1011.30",46283,135.60,True
1447,"t=22.12,h=36.11,p=1011.27",46293,317.60,True
1448,"t=22.12,h=36.11,p=1011.27",46290,264.70,True
1449,"t=22.12,h=36.11,p=1011.28",46286,216.70,True
1450,"t=22.12,h=36.11,p=1011.28",46275,181.90,True
1451,"t=22.12,h=36.11,p=1011.27",46278,93.20,True
1452,"t=22.12,h=36.11,p=1011.27",46281,349.50,True
1453,"t=22.12,h=36.11,p=1011.27",46290,294.20,True
1454,"t=22.12,h=36.13,p=1011.29",46282,94.00,True
1455,"t=22.12,h=36.13,p=1011.29",46270,93.70,True
1456,"t=22.12,h=36.13,p=1011.30",46286,294.80,True
1457,"t=22.12,h=36.13,p=1011.30",46291,348.70,True
1458,"t=22.12,h=36.11,p=1011.29",46286,229.30,True
1459,"t=22.12,h=36.11,p=1011.29",46271,93.40,True
1460,"t=22.12,h=36.11,p=1011.28",46279,368.20,True
1461,"t=22.12,h=36.11,p=1011.28",46285,184.00,True
1462,"t=22.12,h=36.14,p=1011.31",46289,347.20,True
1463,"t=22.12,h=36.14,p=1011.31",46293,345.90,True
1464,"t=22.12,h=36.12,p=1011.29",46291,96.00,True
1465,"t=22.12,h=36.12,p=1011.29",46277,354.80,True
1466,"t=22.12,h=36.12,p=1011.28",46289,377.20,True
1467,"t=22.12,h=36.12,p=1011.28",46284,199.50,True
1468,"t=22.12,h=36.12,p=1011.30",46285,276.30,True
1469,"t=22.12,h=36.12,p=1011.30",46293,351.20,True
1470,"t=22.11,h=36.17,p=1011.28",46287,102.10,True
1471,"t=22.11,h=36.17,p=1011.28",46279,255.80,True
1472,"t=22.11,h=36.16,p=1011.28",46286,215.20,True
1473,"t=22.11,h=36.16,p=1011.28",46278,145.20,True
1474,"t=22.10,h=36.16,p=1011.23",46286,343.50,True
1475,"t=22.10,h=36.16,p=1011.23",46289,226.20,True
1476,"t=22.11,h=36.14,p=1011.24",46279,211.50,True
1477,"t=22.11,h=36.14,p=1011.24",46283,141.40,True
1478,"t=22.12,h=36.15,p=1011.30",46302,93.80,True
1479,"t=22.12,h=36.15,p=1011.30",46277,110.90,True
1480,"t=22.10,h=36.16,p=1011.24",46279,329.90,True
1481,"t=22.10,h=36.16,p=1011.24",46281,271.70,True
1482,"t=22.11,h=36.18,p=1011.27",46287,139.70,True
1483,"t=22.11,h=36.18,p=1011.27",46289,94.80,True
1484,"t=22.12,h=36.17,p=1011.29",46277,285.40,True
1485,"t=22.12,h=36.17,p=1011.29",46285,361.70,True
1486,"t=22.12,h=36.17,p=1011.27",46289,276.70,True
1487,"t=22.12,h=36.17,p=1011.27",46276,93.50,True
1488,"t=22.13,h=36.18,p=1011.30",46282,280.70,True
1489,"t=22.13,h=36.18,p=1011.30",46288,214.20,True
1490,"t=22.13,h=36.18,p=1011.31",46286,239.70,True
1491,"t=22.13,h=36.18,p=1011.31",46296,189.00,True
1492,"t=22.12,h=36.18,p=1011.31",46268,92.40,True
1493,"t=22.12,h=36.18,p=1011.31",46270,250.30,True
1494,"t=22.12,h=36.18,p=1011.31",46302,351.30,True
1495,"t=22.12,h=36.18,p=1011.31",46280,95.30,True
1496,"t=22.12,h=36.18,p=1011.29",46274,94.60,True
1497,"t=22.12,h=36.18,p=1011.29",46283,349.10,True
1498,"t=22.13,h=36.17,p=1011.30",46282,357.30,True
1499,"t=22.13,h=36.17,p=1011.30",46280,331.40,True
1500,"t=22.12,h=36.18,p=1011.30",46287,332.30,True
1501,"t=22.12,h=36.18,p=1011.30",46286,95.60,True
1502,"t=22.13,h=36.17,p=1011.31",46280,103.50,True
1503,"t=22.13,h=36.17,p=1011.31",46279,349.50,True
1504,"t=22.13,h=36.17,p=1011.31",46287,291.70,True
1505,"t=22.13,h=36.17,p=1011.31",46293,354.20,True
1506,"t=22.13,h=36.17,p=1011.31",46300,287.40,True
1507,"t=22.12,h=36.17,p=1011.30",46285,285.60,True
1508,"t=22.12,h=36.17,p=1011.30",46284,214.70,True
1509,"t=22.12,h=36.17,p=1011.30",46272,209.50,True
1510,"t=22.12,h=36.17,p=1011.30",46275,156.70,True
1511,"t=22.13,h=36.19,p=1011.30",46285,252.50,True
1512,"t=22.13,h=36.19,p=1011.30",46286,213.50,True
1513,"t=22.10,h=36.17,p=1011.27",46271,213.60,True
1514,"t=22.10,h=36.17,p=1011.27",46277,349.40,True
1515,"t=22.12,h=36.18,p=1011.28",46287,96.30,True
1516,"t=22.12,h=36.18,p=1011.28",46279,93.30,True
1517,"t=22.10,h=36.17,p=1011.28",46280,165.70,True
1518,"t=22.10,h=36.17,p=1011.28",46283,355.90,True
1519,"t=22.12,h=36.19,p=1011.31",46286,348.10,True
1520,"t=22.12,h=36.19,p=1011.31",46282,236.10,True
1521,"t=22.12,h=36.17,p=1011.31",46278,332.50,True
1522,"t=22.12,h=36.17,p=1011.31",46287,139.60,True
1523,"t=22.13,h=36.17,p=1011.31",46285,355.20,True
1524,"t=22.13,h=36.17,p=1011.31",46289,356.10,True
1525,"t=22.12,h=36.19,p=1011.30",46282,96.40,True
1526,"t=22.12,h=36.19,p=1011.30",46274,95.80,True
1527,"t=22.12,h=36.18,p=1011.32",46275,377.10,True
1528,"t=22.12,h=36.18,p=1011.32",46284,292.80,True
1529,"t=22.13,h=36.18,p=1011.31",46290,322.00,True
1530,"t=22.13,h=36.18,p=1011.31",46300,360.40,True
1531,"t=22.13,h=36.15,p=1011.32",46301,143.30,True
1532,"t=22.13,h=36.15,p=1011.32",46299,95.00,True
1533,"t=22.12,h=36.18,p=1011.32",46274,269.60,True
1534,"t=22.12,h=36.18,p=1011.32",46286,336.30,True
1535,"t=22.12,h=36.20,p=1011.31",46286,213.00,True
1536,"t=22.12,h=36.20,p=1011.31",46285,357.70,True
1537,"t=22.12,h=36.18,p=1011.30",46290,113.50,True
1538,"t=22.12,h=36.18,p=1011.30",46275,95.20,True
1539,"t=22.12,h=36.20,p=1011.26",46276,92.10,True
1540,"t=22.12,h=36.20,p=1011.26",46279,237.90,True
1541,"t=22.12,h=36.20,p=1011.30",46291,127.60,True
1542,"t=22.12,h=36.20,p=1011.30",46289,95.50,True
1543,"t=22.10,h=36.20,p=1011.26",46279,258.00,True
1544,"t=22.10,h=36.20,p=1011.26",46286,212.10,True
1545,"t=22.12,h=36.20,p=1011.35",46279,175.40,True
1546,"t=22.12,h=36.20,p=1011.35",46275,241.20,True
1547,"t=22.13,h=36.20,p=1011.30",46286,219.80,True
1548,"t=22.13,h=36.20,p=1011.30",46275,211.10,True
1549,"t=22.11,h=36.20,p=1011.28",46281,117.80,True
1550,"t=22.11,h=36.20,p=1011.28",46286,265.60,True
1551,"t=22.10,h=36.21,p=1011.30",46280,394.60,True
1552,"t=22.10,h=36.21,p=1011.30",46282,151.80,True
1553,"t=22.12,h=36.20,p=1011.29",46274,94.70,True
1554,"t=22.12,h=36.20,p=1011.29",46274,92.50,True
1555,"t=22.13,h=36.20,p=1011.33",46279,186.00,True
1556,"t=22.13,h=36.20,p=1011.33",46287,95.20,True
1557,"t=22.10,h=36.21,p=1011.24",46279,349.70,True
1558,"t=22.10,h=36.21,p=1011.24",46290,170.40,True
1559,"t=22.10,h=36.21,p=1011.24",46278,167.20,True
1560,"t=22.13,h=36.20,p=1011.31",46291,97.50,True
1561,"t=22.13,h=36.20,p=1011.31",46283,246.70,True
1562,"t=22.13,h=36.20,p=1011.29",46286,211.80,True
1563,"t=22.13,h=36.20,p=1011.29",46273,373.50,True
1564,"t=22.13,h=36.19,p=1011.32",46299,96.80,True
1565,"t=22.13,h=36.19,p=1011.32",46285,94.80,True
1566,"t=22.13,h=36.20,p=1011.34",46278,326.90,True
1567,"t=22.13,h=36.20,p=1011.34",46281,194.60,True
1568,"t=22.13,h=36.20,p=1011.31",46281,352.00,True
1569,"t=22.13,h=36.20,p=1011.31",46290,146.60,True
1570,"t=22.13,h=36.20,p=1011.32",46286,96.60,True
1571,"t=22.13,h=36.20,p=1011.32",46276,93.80,True
1572,"t=22.13,h=36.21,p=1011.32",46276,354.40,True
1573,"t=22.13,h=36.21,p=1011.32",46282,352.80,True
1574,"t=22.13,h=36.20,p=1011.32",46291,365.90,True
1575,"t=22.13,h=36.20,p=1011.32",46290,258.80,True
1576,"t=22.12,h=36.19,p=1011.32",46272,96.10,True
1577,"t=22.12,h=36.19,p=1011.32",46276,273.70,True
1578,"t=22.13,h=36.21,p=1011.34",46296,389.70,True
1579,"t=22.13,h=36.21,p=1011.34",46295,365.80,True
1580,"t=22.13,h=36.20,p=1011.35",46298,327.10,True
1581,"t=22.13,h=36.20,p=1011.35",46289,217.10,True
1582,"t=22.12,h=36.23,p=1011.31",46277,213.00,True
1583,"t=22.12,h=36.23,p=1011.31",46291,145.50,True
1584,"t=22.13,h=36.20,p=1011.33",46290,97.30,True
1585,"t=22.13,h=36.20,p=1011.33",46279,262.90,True
1586,"t=22.12,h=36.21,p=1011.30",46290,281.70,True
1587,"t=22.12,h=36.21,p=1011.30",46286,217.10,True
1588,"t=22.11,h=36.20,p=1011.30",46282,214.90,True
1589,"t=22.11,h=36.20,p=1011.30",46279,272.40,True
1590,"t=22.13,h=36.20,p=1011.30",46282,215.30,True
1591,"t=22.13,h=36.20,p=1011.30",46279,265.10,True
1592,"t=22.11,h=36.21,p=1011.29",46300,351.10,True
1593,"t=22.11,h=36.21,p=1011.29",46290,311.40,True
1594,"t=22.11,h=36.20,p=1011.28",46288,267.40,True
1595,"t=22.11,h=36.20,p=1011.28",46292,213.60,True
1596,"t=22.13,h=36.20,p=1011.30",46275,142.80,True
1597,"t=22.13,h=36.20,p=1011.30",46288,365.10,True
1598,"t=22.13,h=36.21,p=1011.30",46292,350.00,True
1599,"t=22.13,h=36.21,p=1011.30",46289,211.40,True
1600,"t=22.13,h=36.20,p=1011.30",46276,214.90,True
1601,"t=22.13,h=36.20,p=1011.30",46276,308.30,True
1602,"t=22.13,h=36.20,p=1011.31",46296,95.80,True
1603,"t=22.13,h=36.20,p=1011.31",46279,94.80,True
1604,"t=22.13,h=36.21,p=1011.30",46282,92.60,True
1605,"t=22.13,h=36.21,p=1011.30",46282,264.80,True
1606,"t=22.13,h=36.21,p=1011.28",46286,261.40,True
1607,"t=22.13,h=36.21,p=1011.28",46283,95.20,True
1608,"t=22.13,h=36.21,p=1011.29",46272,95.10,True
1609,"t=22.13,h=36.21,p=1011.29",46275,357.10,True
1610,"t=22.13,h=36.21,p=1011.29",46282,292.00,True
1611,"t=22.12,h=36.21,p=1011.30",46285,97.20,True
1612,"t=22.12,h=36.21,p=1011.30",46278,95.00,True
1613,"t=22.13,h=36.20,p=1011.30",46275,164.00,True
1614,"t=22.13,h=36.20,p=1011.30",46286,389.10,True
1615,"t=22.12,h=36.21,p=1011.27",46286,210.50,True
1616,"t=22.12,h=36.21,p=1011.27",46280,94.00,True
1617,"t=22.12,h=36.21,p=1011.25",46286,268.10,True
1618,"t=22.12,h=36.21,p=1011.25",46292,215.30,True
1619,"t=22.13,h=36.21,p=1011.27",46287,366.30,True
1620,"t=22.13,h=36.21,p=1011.27",46279,95.00,True
1621,"t=22.12,h=36.22,p=1011.27",46271,96.20,True
1622,"t=22.12,h=36.22,p=1011.27",46281,354.70,True
1623,"t=22.13,h=36.21,p=1011.28",46290,254.80,True
1624,"t=22.13,h=36.21,p=1011.28",46283,163.20,True
1625,"t=22.11,h=36.21,p=1011.26",46283,96.90,True
1626,"t=22.11,h=36.21,p=1011.26",46279,349.70,True
1627,"t=22.12,h=36.21,p=1011.32",46287,143.30,True
1628,"t=22.12,h=36.21,p=1011.32",46283,335.80,True
1629,"t=22.10,h=36.23,p=1011.25",46285,356.00,True
1630,"t=22.10,h=36.23,p=1011.25",46284,107.70,True
1631,"t=22.11,h=36.22,p=1011.25",46273,94.50,True
1632,"t=22.11,h=36.22,p=1011.25",46273,94.30,True
1633,"t=22.12,h=36.21,p=1011.30",46282,354.60,True
1634,"t=22.12,h=36.21,p=1011.30",46287,244.00,True
1635,"t=22.11,h=36.22,p=1011.23",46283,145.70,True
1636,"t=22.11,h=36.22,p=1011.23",46275,95.20,True
1637,"t=22.13,h=36.22,p=1011.33",46275,353.80,True
1638,"t=22.13,h=36.22,p=1011.33",46285,261.90,True
1639,"t=22.13,h=36.21,p=1011.29",46274,265.40,True
1640,"t=22.13,h=36.21,p=1011.29",46285,322.80,True
1641,"t=22.13,h=36.21,p=1011.31",46282,215.60,True
1642,"t=22.13,h=36.21,p=1011.31",46275,210.80,True
1643,"t=22.13,h=36.22,p=1011.30",46273,193.70,True
1644,"t=22.13,h=36.22,p=1011.30",46284,95.00,True
1645,"t=22.13,h=36.22,p=1011.31",46285,94.90,True
1646,"t=22.13,h=36.22,p=1011.31",46291,263.60,True
1647,"t=22.13,h=36.22,p=1011.31",46293,233.10,True
1648,"t=22.13,h=36.22,p=1011.31",46292,282.90,True
1649,"t=22.13,h=36.22,p=1011.30",46283,167.20,True
1650,"t=22.13,h=36.22,p=1011.30",46285,345.90,True
1651,"t=22.13,h=36.21,p=1011.32",46288,291.10,True
1652,"t=22.13,h=36.21,p=1011.32",46283,212.80,True
1653,"t=22.13,h=36.22,p=1011.30",46274,170.60,True
1654,"t=22.13,h=36.22,p=1011.30",46273,161.50,True
1655,"t=22.13,h=36.22,p=1011.30",46285,95.80,True
1656,"t=22.13,h=36.22,p=1011.30",46271,351.20,True
1657,"t=22.13,h=36.21,p=1011.30",46292,160.50,True
1658,"t=22.13,h=36.21,p=1011.30",46289,95.60,True
1659,"t=22.12,h=36.21,p=1011.29",46278,96.80,True
1660,"t=22.12,h=36.21,p=1011.29",46278,95.50,True
1661,"t=22.12,h=36.21,p=1011.29",46280,328.10,True
1662,"t=22.13,h=36.21,p=1011.30",46291,347.70,True
1663,"t=22.13,h=36.21,p=1011.30",46292,146.50,True
1664,"t=22.12,h=36.23,p=1011.29",46290,274.20,True
1665,"t=22.12,h=36.23,p=1011.29",46278,215.80,True
1666,"t=22.11,h=36.21,p=1011.29",46284,114.20,True
1667,"t=22.11,h=36.21,p=1011.29",46282,327.10,True
1668,"t=22.12,h=36.20,p=1011.29",46290,292.50,True
1669,"t=22.12,h=36.20,p=1011.29",46278,257.40,True
1670,"t=22.11,h=36.21,p=1011.27",46289,329.20,True
1671,"t=22.11,h=36.21,p=1011.27",46290,349.30,True
1672,"t=22.11,h=36.21,p=1011.29",46292,264.60,True
1673,"t=22.11,h=36.21,p=1011.29",46298,244.30,True
1674,"t=22.12,h=36.20,p=1011.29",46273,192.80,True
1675,"t=22.12,h=36.20,p=1011.29",46280,93.90,True
1676,"t=22.13,h=36.19,p=1011.31",46271,264.80,True
1677,"t=22.13,h=36.19,p=1011.31",46285,121.50,True
1678,"t=22.13,h=36.21,p=1011.29",46280,95.70,True
1679,"t=22.13,h=36.21,p=1011.29",46274,95.20,True
1680,"t=22.13,h=36.21,p=1011.31",46272,340.60,True
1681,"t=22.13,h=36.21,p=1011.31",46286,287.30,True
1682,"t=22.13,h=36.20,p=1011.33",46278,135.80,True
1683,"t=22.13,h=36.20,p=1011.33",46285,95.90,True
1684,"t=22.13,h=36.20,p=1011.33",46277,142.50,True
1685,"t=22.13,h=36.20,p=1011.33",46293,272.00,True
1686,"t=22.13,h=36.19,p=1011.31",46279,215.60,True
1687,"t=22.13,h=36.19,p=1011.31",46269,213.20,True
1688,"t=22.13,h=36.20,p=1011.31",46277,213.50,True
1689,"t=22.13,h=36.20,p=1011.31",46281,382.90,True
1690,"t=22.13,h=36.21,p=1011.31",46283,94.70,True
1691,"t=22.13,h=36.21,p=1011.31",46277,349.70,True
1692,"t=22.13,h=36.21,p=1011.29",46286,345.20,True
1693,"t=22.13,h=36.21,p=1011.29",46282,225.90,True
1694,"t=22.13,h=36.18,p=1011.31",46299,96.10,True
1695,"t=22.13,h=36.18,p=1011.31",46293,313.30,True
1696,"t=22.13,h=36.20,p=1011.29",46291,349.00,True
1697,"t=22.13,h=36.20,p=1011.29",46281,199.50,True
1698,"t=22.13,h=36.19,p=1011.31",46268,95.30,True
1699,"t=22.13,h=36.19,p=1011.31",46273,242.10,True
1700,"t=22.13,h=36.19,p=1011.29",46286,214.10,True
1701,"t=22.13,h=36.19,p=1011.29",46277,210.90,True
1702,"t=22.11,h=36.19,p=1011.25",46296,463.10,True
1703,"t=22.11,h=36.19,p=1011.25",46287,376.90,True
1704,"t=22.10,h=36.19,p=1011.27",46288,213.50,True
1705,"t=22.10,h=36.19,p=1011.27",46284,208.90,True
1706,"t=22.13,h=36.19,p=1011.30",46288,265.50,True
1707,"t=22.13,h=36.19,p=1011.30",46291,214.70,True
1708,"t=22.11,h=36.18,p=1011.30",46273,376.10,True
1709,"t=22.11,h=36.18,p=1011.30",46284,95.20,True
1710,"t=22.12,h=36.19,p=1011.30",46278,354.40,True
1711,"t=22.12,h=36.19,p=1011.30",46287,422.70,True
1712,"t=22.12,h=36.19,p=1011.30",46284,102.50,True
1713,"t=22.13,h=36.20,p=1011.33",46278,135.70,True
1714,"t=22.13,h=36.20,p=1011.33",46287,267.30,True
1715,"t=22.13,h=36.19,p=1011.34",46283,382.90,True
1716,"t=22.13,h=36.19,p=1011.34",46290,272.70,True
1717,"t=22.13,h=36.15,p=1011.33",46288,351.10,True
1718,"t=22.13,h=36.15,p=1011.33",46290,96.10,True
1719,"t=22.13,h=36.18,p=1011.34",46280,180.00,True
1720,"t=22.13,h=36.18,p=1011.34",46286,266.70,True
1721,"t=22.13,h=36.18,p=1011.30",46293,141.20,True
1722,"t=22.13,h=36.18,p=1011.30",46292,97.60,True
1723,"t=22.13,h=36.18,p=1011.34",46288,355.90,True
1724,"t=22.13,h=36.18,p=1011.34",46283,213.50,True
1725,"t=22.13,h=36.19,p=1011.30",46283,242.90,True
1726,"t=22.13,h=36.19,p=1011.30",46285,230.20,True
1727,"t=22.13,h=36.15,p=1011.31",46281,232.10,True
1728,"t=22.13,h=36.15,p=1011.31",46278,145.00,True
1729,"t=22.13,h=36.19,p=1011.33",46281,95.80,True
1730,"t=22.13,h=36.19,p=1011.33",46273,360.40,True
1731,"t=22.11,h=36.18,p=1011.27",46302,183.50,True
1732,"t=22.11,h=36.18,p=1011.27",46288,285.50,True
1733,"t=22.12,h=36.17,p=1011.29",46283,214.00,True
1734,"t=22.12,h=36.17,p=1011.29",46281,270.20,True
1735,"t=22.13,h=36.17,p=1011.36",46282,215.70,True
1736,"t=22.13,h=36.17,p=1011.36",46280,352.80,True
1737,"t=22.12,h=36.17,p=1011.32",46289,349.70,True
1738,"t=22.12,h=36.17,p=1011.32",46294,349.80,True
1739,"t=22.11,h=36.15,p=1011.30",46283,273.50,True
1740,"t=22.11,h=36.15,p=1011.30",46281,345.30,True
1741,"t=22.12,h=36.18,p=1011.31",46278,141.30,True
1742,"t=22.12,h=36.18,p=1011.31",46271,265.00,True
1743,"t=22.12,h=36.17,p=1011.29",46282,266.10,True
1744,"t=22.12,h=36.17,p=1011.29",46281,194.90,True
1745,"t=22.11,h=36.19,p=1011.25",46274,95.50,True
1746,"t=22.11,h=36.19,p=1011.25",46273,94.10,True
1747,"t=22.13,h=36.17,p=1011.31",46279,276.80,True
1748,"t=22.13,h=36.17,p=1011.31",46287,216.90,True
1749,"t=22.11,h=36.16,p=1011.28",46282,142.90,True
1750,"t=22.11,h=36.16,p=1011.28",46288,284.30,True
1751,"t=22.13,h=36.18,p=1011.33",46289,328.60,True
1752,"t=22.13,h=36.18,p=1011.33",46286,366.10,True
1753,"t=22.13,h=36.17,p=1011.33",46293,109.70,True
1754,"t=22.13,h=36.17,p=1011.33",46286,95.70,True
1755,"t=22.13,h=36.17,p=1011.35",46279,353.00,True
1756,"t=22.13,h=36.17,p=1011.35",46292,162.40,True
1757,"t=22.13,h=36.15,p=1011.33",46279,122.20,True
1758,"t=22.13,h=36.15,p=1011.33",46292,95.50,True
1759,"t=22.13,h=36.17,p=1011.33",46283,95.90,True
1760,"t=22.13,h=36.17,p=1011.33",46283,358.40,True
1761,"t=22.13,h=36.17,p=1011.29",46285,349.50,True
1762,"t=22.13,h=36.17,p=1011.29",46281,184.90,True
1763,"t=22.13,h=36.15,p=1011.30",46281,96.80,True
1764,"t=22.13,h=36.15,p=1011.30",46281,346.00,True
1765,"t=22.13,h=36.15,p=1011.30",46291,257.80,True
1766,"t=22.13,h=36.15,p=1011.31",46283,166.10,True
1767,"t=22.13,h=36.15,p=1011.31",46278,94.00,True
1768,"t=22.13,h=36.15,p=1011.30",46278,137.20,True
1769,"t=22.13,h=36.15,p=1011.30",46293,96.40,True
1770,"t=22.13,h=36.18,p=1011.29",46276,284.70,True
1771,"t=22.13,h=36.18,p=1011.29",46290,330.50,True
1772,"t=22.13,h=36.15,p=1011.31",46282,292.50,True
1773,"t=22.13,h=36.15,p=1011.31",46280,257.90,True
1774,"t=22.13,h=36.17,p=1011.32",46289,216.60,True
1775,"t=22.13,h=36.17,p=1011.32",46280,279.10,True
1776,"t=22.13,h=36.15,p=1011.33",46291,153.00,True
1777,"t=22.13,h=36.15,p=1011.33",46288,294.30,True
1778,"t=22.12,h=36.15,p=1011.30",46291,289.30,True
1779,"t=22.12,h=36.15,p=1011.30",46287,94.30,True
1780,"t=22.12,h=36.14,p=1011.31",46285,94.90,True
1781,"t=22.12,h=36.14,p=1011.31",46284,323.90,True
1782,"t=22.13,h=36.15,p=1011.32",46293,194.40,True
1783,"t=22.13,h=36.15,p=1011.32",46286,327.20,True
1784,"t=22.12,h=36.17,p=1011.29",46280,228.00,True
1785,"t=22.12,h=36.17,p=1011.29",46273,350.60,True
1786,"t=22.12,h=36.15,p=1011.29",46299,291.50,True
1787,"t=22.12,h=36.15,p=1011.29",46274,92.20,True
1788,"t=22.11,h=36.15,p=1011.28",46280,144.50,True
1789,"t=22.11,h=36.15,p=1011.28",46287,260.80,True
1790,"t=22.13,h=36.15,p=1011.32",46296,216.30,True
1791,"t=22.13,h=36.15,p=1011.32",46282,157.30,True
1792,"t=22.13,h=36.14,p=1011.33",46280,241.80,True
1793,"t=22.13,h=36.14,p=1011.33",46283,350.90,True
1794,"t=22.13,h=36.13,p=1011.29",46281,263.20,True
1795,"t=22.13,h=36.13,p=1011.29",46280,380.90,True
1796,"t=22.13,h=36.14,p=1011.33",46282,110.10,True
1797,"t=22.13,h=36.14,p=1011.33",46273,94.50,True
1798,"t=22.13,h=36.13,p=1011.34",46277,354.70,True
1799,"t=22.13,h=36.13,p=1011.34",46289,96.40,True
1800,"t=22.13,h=36.14,p=1011.34",46278,93.00,True
1801,"t=22.13,h=36.14,p=1011.34",46286,266.60,True
1802,"t=22.13,h=36.13,p=1011.34",46286,351.10,True
1803,"t=22.13,h=36.13,p=1011.34",46293,381.70,True
1804,"t=22.13,h=36.13,p=1011.31",46286,143.80,True
1805,"t=22.13,h=36.13,p=1011.31",46287,141.30,True
1806,"t=22.13,h=36.13,p=1011.32",46286,351.40,True
1807,"t=22.13,h=36.13,p=1011.32",46288,309.60,True
1808,"t=22.13,h=36.13,p=1011.30",46292,350.60,True
1809,"t=22.13,h=36.13,p=1011.30",46288,354.50,True
1810,"t=22.13,h=36.14,p=1011.34",46289,238.50,True
1811,"t=22.13,h=36.14,p=1011.34",46311,348.10,True
1812,"t=22.13,h=36.14,p=1011.30",46286,295.30,True
1813,"t=22.13,h=36.14,p=1011.30",46281,350.90,True
1814,"t=22.13,h=36.13,p=1011.34",46284,237.90,True
1815,"t=22.13,h=36.13,p=1011.34",46281,213.40,True
1816,"t=22.12,h=36.13,p=1011.30",46284,155.70,True
1817,"t=22.12,h=36.13,p=1011.30",46297,142.00,True
1818,"t=22.12,h=36.13,p=1011.30",46295,328.50,True
1819,"t=22.12,h=36.13,p=1011.30",46290,341.70,True
1820,"t=22.12,h=36.13,p=1011.30",46324,94.20,True
1821,"t=22.13,h=36.15,p=1011.33",46276,95.50,True
1822,"t=22.13,h=36.15,p=1011.33",46278,264.40,True
1823,"t=22.13,h=36.13,p=1011.34",46284,217.30,True
1824,"t=22.13,h=36.13,p=1011.34",46279,213.40,True
1825,"t=22.11,h=36.13,p=1011.28",46283,183.80,True
1826,"t=22.11,h=36.13,p=1011.28",46290,93.90,True
1827,"t=22.13,h=36.12,p=1011.31",46268,95.80,True
1828,"t=22.13,h=36.12,p=1011.31",46270,94.30,True
1829,"t=22.13,h=36.13,p=1011.33",46278,258.50,True
1830,"t=22.13,h=36.13,p=1011.33",46292,212.60,True
1831,"t=22.13,h=36.12,p=1011.33",46286,140.40,True
1832,"t=22.13,h=36.12,p=1011.33",46299,97.80,True
1833,"t=22.13,h=36.14,p=1011.30",46277,352.20,True
1834,"t=22.13,h=36.14,p=1011.30",46290,156.40,True
1835,"t=22.13,h=36.12,p=1011.34",46284,96.00,True
1836,"t=22.13,h=36.12,p=1011.34",46279,95.30,True
1837,"t=22.13,h=36.12,p=1011.32",46276,375.90,True
1838,"t=22.13,h=36.12,p=1011.32",46287,97.00,True
1839,"t=22.13,h=36.12,p=1011.32",46276,376.10,True
1840,"t=22.13,h=36.12,p=1011.32",46285,154.00,True
1841,"t=22.13,h=36.14,p=1011.30",46288,98.00,True
1842,"t=22.13,h=36.14,p=1011.30",46273,94.10,True
1843,"t=22.13,h=36.12,p=1011.33",46290,94.30,True
1844,"t=22.13,h=36.12,p=1011.33",46287,325.90,True
1845,"t=22.13,h=36.12,p=1011.32",46288,258.80,True
1846,"t=22.13,h=36.12,p=1011.32",46284,215.20,True
1847,"t=22.13,h=36.11,p=1011.30",46281,215.50,True
1848,"t=22.13,h=36.11,p=1011.30",46284,123.20,True
1849,"t=22.13,h=36.11,p=1011.34",46296,327.50,True
1850,"t=22.13,h=36.11,p=1011.34",46292,274.00,True
1851,"t=22.13,h=36.13,p=1011.35",46278,352.10,True
1852,"t=22.13,h=36.13,p=1011.35",46278,145.90,True
1853,"t=22.13,h=36.11,p=1011.31",46281,94.70,True
1854,"t=22.13,h=36.11,p=1011.31",46274,324.10,True
1855,"t=22.13,h=36.12,p=1011.29",46292,291.00,True
1856,"t=22.13,h=36.12,p=1011.29",46279,141.50,True
1857,"t=22.12,h=36.12,p=1011.30",46275,318.30,True
1858,"t=22.12,h=36.12,p=1011.30",46292,241.00,True
1859,"t=22.12,h=36.12,p=1011.30",46282,211.50,True
1860,"t=22.12,h=36.12,p=1011.30",46278,149.00,True
1861,"t=22.12,h=36.12,p=1011.32",46289,330.00,True
1862,"t=22.12,h=36.12,p=1011.32",46289,268.30,True
1863,"t=22.13,h=36.12,p=1011.32",46284,274.90,True
1864,"t=22.13,h=36.12,p=1011.32",46290,340.80,True
1865,"t=22.13,h=36.12,p=1011.32",46287,387.90,True
1866,"t=22.13,h=36.12,p=1011.32",46282,120.70,True
1867,"t=22.13,h=36.12,p=1011.32",46280,352.90,True
1868,"t=22.13,h=36.12,p=1011.32",46282,96.50,True
1869,"t=22.13,h=36.12,p=1011.33",46293,92.40,True
1870,"t=22.13,h=36.12,p=1011.33",46287,259.60,True
1871,"t=22.13,h=36.12,p=1011.33",46295,208.00,True
1872,"t=22.13,h=36.11,p=1011.30",46281,211.30,True
1873,"t=22.13,h=36.11,p=1011.30",46293,266.90,True
1874,"t=22.13,h=36.12,p=1011.33",46299,323.50,True
1875,"t=22.13,h=36.12,p=1011.33",46302,348.90,True
1876,"t=22.13,h=36.13,p=1011.28",46301,173.60,True
1877,"t=22.13,h=36.13,p=1011.28",46287,116.20,True
1878,"t=22.13,h=36.14,p=1011.33",46277,94.40,True
1879,"t=22.13,h=36.14,p=1011.33",46273,93.40,True
1880,"t=22.13,h=36.14,p=1011.31",46283,339.00,True
1881,"t=22.13,h=36.14,p=1011.31",46292,326.10,True
1882,"t=22.13,h=36.14,p=1011.33",46282,306.40,True
1883,"t=22.13,h=36.14,p=1011.33",46285,406.30,True
1884,"t=22.13,h=36.11,p=1011.30",46285,293.90,True
1885,"t=22.13,h=36.11,p=1011.30",46283,94.60,True
1886,"t=22.13,h=36.13,p=1011.31",46275,93.30,True
1887,"t=22.13,h=36.13,p=1011.31",46277,144.80,True
1888,"t=22.13,h=36.12,p=1011.33",46295,157.30,True
1889,"t=22.13,h=36.12,p=1011.33",46300,141.60,True
1890,"t=22.13,h=36.13,p=1011.33",46287,96.40,True
1891,"t=22.13,h=36.13,p=1011.33",46285,264.20,True
1892,"t=22.12,h=36.11,p=1011.31",46283,221.20,True
1893,"t=22.12,h=36.11,p=1011.31",46280,352.10,True
1894,"t=22.13,h=36.12,p=1011.33",46295,94.80,True
1895,"t=22.13,h=36.12,p=1011.33",46286,325.20,True
1896,"t=22.12,h=36.11,p=1011.32",46287,274.70,True
1897,"t=22.12,h=36.11,p=1011.32",46276,95.00,True
1898,"t=22.12,h=36.11,p=1011.33",46294,353.60,True
1899,"t=22.12,h=36.11,p=1011.33",46282,247.10,True
1900,"t=22.08,h=36.13,p=1011.23",46287,190.70,True
1901,"t=22.08,h=36.13,p=1011.23",46291,261.70,True
1902,"t=22.12,h=36.08,p=1011.30",46292,344.60,True
1903,"t=22.12,h=36.08,p=1011.30",46287,191.80,True
1904,"t=22.13,h=36.10,p=1011.30",46287,381.10,True
1905,"t=22.13,h=36.10,p=1011.30",46286,293.00,True
1906,"t=22.13,h=36.12,p=1011.32",46293,356.40,True
1907,"t=22.13,h=36.12,p=1011.32",46288,157.50,True
1908,"t=22.13,h=36.11,p=1011.30",46289,96.60,True
1909,"t=22.13,h=36.11,p=1011.30",46282,94.40,True
1910,"t=22.13,h=36.12,p=1011.30",46281,344.30,True
1911,"t=22.13,h=36.12,p=1011.30",46292,285.90,True
1912,"t=22.13,h=36.12,p=1011.32",46282,97.20,True
1913,"t=22.13,h=36.12,p=1011.32",46286,327.20,True
1914,"t=22.13,h=36.12,p=1011.32",46284,388.10,True
1915,"t=22.13,h=36.12,p=1011.32",46283,98.30,True
1916,"t=22.13,h=36.12,p=1011.34",46274,95.20,True
1917,"t=22.13,h=36.12,p=1011.34",46278,352.00,True
1918,"t=22.13,h=36.12,p=1011.33",46297,145.80,True
1919,"t=22.13,h=36.12,p=1011.33",46295,94.20,True
1920,"t=22.13,h=36.12,p=1011.32",46272,95.90,True
1921,"t=22.13,h=36.12,p=1011.32",46277,166.70,True
1922,"t=22.13,h=36.12,p=1011.34",46290,97.70,True
1923,"t=22.13,h=36.12,p=1011.34",46279,352.70,True
1924,"t=22.13,h=36.12,p=1011.34",46291,314.00,True
1925,"t=22.13,h=36.13,p=1011.30",46288,106.10,True
1926,"t=22.13,h=36.13,p=1011.30",46279,94.00,True
1927,"t=22.13,h=36.13,p=1011.32",46276,93.70,True
1928,"t=22.13,h=36.13,p=1011.32",46282,329.50,True
1929,"t=22.13,h=36.13,p=1011.33",46287,298.10,True
1930,"t=22.13,h=36.13,p=1011.33",46283,143.50,True
1931,"t=22.12,h=36.13,p=1011.33",46285,97.70,True
1932,"t=22.12,h=36.13,p=1011.33",46279,287.90,True
1933,"t=22.12,h=36.13,p=1011.29",46282,203.50,True
1934,"t=22.12,h=36.13,p=1011.29",46283,125.90,True
1935,"t=22.12,h=36.12,p=1011.32",46287,353.50,True
1936,"t=22.12,h=36.12,p=1011.32",46286,104.80,True
1937,"t=22.13,h=36.13,p=1011.34",46273,97.10,True
1938,"t=22.13,h=36.13,p=1011.34",46276,355.00,True
1939,"t=22.13,h=36.13,p=1011.33",46293,388.20,True
1940,"t=22.13,h=36.13,p=1011.33",46287,185.10,True
1941,"t=22.12,h=36.13,p=1011.30",46287,93.50,True
1942,"t=22.12,h=36.13,p=1011.30",46281,92.40,True
1943,"t=22.13,h=36.12,p=1011.31",46275,256.20,True
1944,"t=22.13,h=36.12,p=1011.31",46278,214.90,True
1945,"t=22.13,h=36.11,p=1011.32",46281,137.70,True
1946,"t=22.13,h=36.11,p=1011.32",46285,94.00,True
1947,"t=22.13,h=36.12,p=1011.30",46285,238.40,True
1948,"t=22.13,h=36.12,p=1011.30",46289,93.10,True
1949,"t=22.13,h=36.13,p=1011.32",46279,345.50,True
1950,"t=22.13,h=36.13,p=1011.32",46285,361.50,True
1951,"t=22.14,h=36.14,p=1011.33",46285,289.00,True
1952,"t=22.14,h=36.14,p=1011.33",46273,92.20,True
1953,"t=22.13,h=36.14,p=1011.34",46281,348.00,True
1954,"t=22.13,h=36.14,p=1011.34",46290,93.10,True
1955,"t=22.14,h=36.12,p=1011.33",46281,93.50,True
1956,"t=22.14,h=36.12,p=1011.33",46280,263.60,True
1957,"t=22.13,h=36.14,p=1011.35",46285,212.00,True
1958,"t=22.13,h=36.14,p=1011.35",46280,332.40,True
1959,"t=22.14,h=36.13,p=1011.37",46291,94.60,True
1960,"t=22.14,h=36.13,p=1011.37",46284,174.70,True
1961,"t=22.13,h=36.13,p=1011.34",46286,356.60,True
1962,"t=22.13,h=36.13,p=1011.34",46288,232.30,True
1963,"t=22.14,h=36.13,p=1011.36",46270,97.00,True
1964,"t=22.14,h=36.13,p=1011.36",46279,331.80,True
1965,"t=22.14,h=36.13,p=1011.35",46286,95.90,True
1966,"t=22.14,h=36.13,p=1011.35",46281,148.40,True
1967,"t=22.14,h=36.13,p=1011.35",46286,95.40,True
1968,"t=22.14,h=36.13,p=1011.35",46286,94.40,True
1969,"t=22.12,h=36.13,p=1011.36",46276,349.10,True
1970,"t=22.12,h=36.13,p=1011.36",46284,252.40,True
1971,"t=22.12,h=36.13,p=1011.34",46277,448.20,True
1972,"t=22.12,h=36.13,p=1011.34",46288,177.90,True
1973,"t=22.12,h=36.13,p=1011.33",46275,218.50,True
1974,"t=22.12,h=36.13,p=1011.33",46284,152.20,True
1975,"t=22.12,h=36.13,p=1011.33",46293,356.50,True
1976,"t=22.12,h=36.11,p=1011.33",46281,379.30,True
1977,"t=22.12,h=36.11,p=1011.33",46287,266.70,True
1978,"t=22.13,h=36.12,p=1011.35",46289,292.40,True
1979,"t=22.13,h=36.12,p=1011.35",46289,188.50,True
1980,"t=22.15,h=36.14,p=1011.38",46294,97.10,True
1981,"t=22.15,h=36.14,p=1011.38",46278,323.90,True
1982,"t=22.14,h=36.14,p=1011.39",46289,257.30,True
1983,"t=22.14,h=36.14,p=1011.39",46283,347.20,True
1984,"t=22.13,h=36.12,p=1011.35",46291,294.40,True
1985,"t=22.13,h=36.12,p=1011.35",46291,144.10,True
1986,"t=22.14,h=36.11,p=1011.37",46291,143.50,True
1987,"t=22.14,h=36.11,p=1011.37",46293,94.80,True
1988,"t=22.14,h=36.13,p=1011.37",46282,263.80,True
1989,"t=22.14,h=36.13,p=1011.37",46293,184.60,True
1990,"t=22.14,h=36.13,p=1011.38",46272,328.30,True
1991,"t=22.14,h=36.13,p=1011.38",46291,213.40,True
1992,"t=22.14,h=36.12,p=1011.37",46273,346.60,True
1993,"t=22.14,h=36.12,p=1011.37",46287,251.30,True
1994,"t=22.13,h=36.14,p=1011.35",46278,353.00,True
1995,"t=22.13,h=36.14,p=1011.35",46286,222.40,True
1996,"t=22.13,h=36.14,p=1011.34",46289,210.30,True
1997,"t=22.13,h=36.14,p=1011.34",46278,245.30,True
1998,"t=22.13,h=36.13,p=1011.33",46292,286.10,True
1999,"t=22.13,h=36.13,p=1011.33",46288,146.10,True
2000,"t=22.14,h=36.11,p=1011.34",46292,360.40,True
2001,"t=22.14,h=36.11,p=1011.34",46285,93.60,True
2002,"t=22.13,h=36.13,p=1011.35",46274,95.30,True
2003,"t=22.13,h=36.13,p=1011.35",46268,144.60,True
2004,"t=22.13,h=36.12,p=1011.35",46291,96.50,True
2005,"t=22.13,h=36.12,p=1011.35",46279,267.30,True
2006,"t=22.14,h=36.11,p=1011.36",46299,243.40,True
2007,"t=22.14,h=36.11,p=1011.36",46283,213.30,True
2008,"t=22.12,h=36.13,p=1011.33",46272,216.80,True
2009,"t=22.12,h=36.13,p=1011.33",46276,304.80,True
2010,"t=22.13,h=36.13,p=1011.39",46289,96.80,True
2011,"t=22.13,h=36.13,p=1011.39",46282,95.50,True
2012,"t=22.12,h=36.13,p=1011.32",46281,201.50,True
2013,"t=22.12,h=36.13,p=1011.32",46289,148.00,True
2014,"t=22.12,h=36.13,p=1011.34",46285,95.20,True
2015,"t=22.12,h=36.13,p=1011.34",46275,106.90,True
2016,"t=22.14,h=36.13,p=1011.36",46274,322.20,True
2017,"t=22.14,h=36.13,p=1011.36",46285,216.00,True
2018,"t=22.12,h=36.14,p=1011.36",46272,192.30,True
2019,"t=22.12,h=36.14,p=1011.36",46283,349.80,True
2020,"t=22.14,h=36.14,p=1011.37",46285,322.50,True
2021,"t=22.14,h=36.14,p=1011.37",46278,93.80,True
2022,"t=22.14,h=36.14,p=1011.35",46279,150.50,True
2023,"t=22.14,h=36.14,p=1011.35",46287,94.90,True
2024,"t=22.15,h=36.13,p=1011.38",46284,97.10,True
2025,"t=22.15,h=36.13,p=1011.38",46287,354.10,True
2026,"t=22.15,h=36.13,p=1011.38",46290,243.40,True
2027,"t=22.14,h=36.16,p=1011.39",46291,364.20,True
2028,"t=22.14,h=36.16,p=1011.39",46286,382.50,True
2029,"t=22.14,h=36.13,p=1011.37",46291,236.20,True
2030,"t=22.14,h=36.13,p=1011.37",46294,339.10,True
2031,"t=22.14,h=36.13,p=1011.39",46282,348.30,True
2032,"t=22.14,h=36.13,p=1011.39",46285,300.30,True
2033,"t=22.14,h=36.12,p=1011.40",46293,96.80,True
2034,"t=22.14,h=36.12,p=1011.40",46274,96.80,True
2035,"t=22.14,h=36.13,p=1011.41",46274,284.00,True
2036,"t=22.14,h=36.13,p=1011.41",46283,355.40,True
2037,"t=22.14,h=36.13,p=1011.41",46285,364.30,True
2038,"t=22.14,h=36.13,p=1011.41",46281,130.20,True
2039,"t=22.13,h=36.13,p=1011.38",46280,95.00,True
2040,"t=22.13,h=36.13,p=1011.38",46277,374.60,True
2041,"t=22.14,h=36.17,p=1011.39",46291,158.90,True
2042,"t=22.14,h=36.17,p=1011.39",46284,95.80,True
2043,"t=22.14,h=36.14,p=1011.36",46280,94.40,True
2044,"t=22.14,h=36.14,p=1011.36",46278,347.90,True
2045,"t=22.14,h=36.16,p=1011.36",46288,180.00,True
2046,"t=22.14,h=36.16,p=1011.36",46277,351.60,True
2047,"t=22.12,h=36.14,p=1011.34",46288,152.20,True
2048,"t=22.12,h=36.14,p=1011.34",46286,184.80,True
2049,"t=22.13,h=36.15,p=1011.39",46282,95.40,True
2050,"t=22.13,h=36.15,p=1011.39",46273,349.40,True
2051,"t=22.13,h=36.15,p=1011.37",46278,97.10,True
2052,"t=22.13,h=36.15,p=1011.37",46285,96.00,True
2053,"t=22.12,h=36.14,p=1011.36",46270,424.00,True
2054,"t=22.12,h=36.14,p=1011.36",46279,131.30,True
2055,"t=22.12,h=36.14,p=1011.36",46269,274.90,True
2056,"t=22.12,h=36.14,p=1011.36",46286,214.70,True
2057,"t=22.12,h=36.15,p=1011.36",46279,302.50,True
2058,"t=22.12,h=36.15,p=1011.36",46291,286.80,True
2059,"t=22.14,h=36.17,p=1011.42",46274,335.30,True
2060,"t=22.14,h=36.17,p=1011.42",46286,165.80,True
2061,"t=22.14,h=36.16,p=1011.39",46277,142.80,True
2062,"t=22.14,h=36.16,p=1011.39",46286,95.20,True
2063,"t=22.14,h=36.16,p=1011.37",46281,351.20,True
2064,"t=22.14,h=36.16,p=1011.37",46297,205.80,True
2065,"t=22.13,h=36.14,p=1011.36",46277,383.80,True
2066,"t=22.13,h=36.14,p=1011.36",46287,345.40,True
2067,"t=22.13,h=36.14,p=1011.37",46297,143.50,True
2068,"t=22.13,h=36.14,p=1011.37",46291,265.10,True
2069,"t=22.13,h=36.14,p=1011.37",46299,347.30,True
2070,"t=22.13,h=36.14,p=1011.37",46294,264.80,True
2071,"t=22.13,h=36.14,p=1011.39",46282,347.90,True
2072,"t=22.13,h=36.14,p=1011.39",46284,352.20,True
2073,"t=22.13,h=36.14,p=1011.38",46284,192.60,True
2074,"t=22.13,h=36.14,p=1011.38",46290,94.60,True
2075,"t=22.13,h=36.16,p=1011.38",46274,96.50,True
2076,"t=22.13,h=36.16,p=1011.38",46278,345.30,True
2077,"t=22.13,h=36.16,p=1011.38",46282,168.10,True
2078,"t=22.13,h=36.16,p=1011.38",46288,96.60,True
2079,"t=22.13,h=36.16,p=1011.38",46271,94.40,True
2080,"t=22.14,h=36.14,p=1011.37",46279,93.90,True
2081,"t=22.14,h=36.14,p=1011.37",46279,142.80,True
2082,"t=22.14,h=36.13,p=1011.37",46297,243.50,True
2083,"t=22.14,h=36.13,p=1011.37",46290,191.80,True
2084,"t=22.12,h=36.14,p=1011.35",46286,329.20,True
2085,"t=22.12,h=36.14,p=1011.35",46302,351.20,True
2086,"t=22.12,h=36.17,p=1011.38",46292,145.80,True
2087,"t=22.12,h=36.17,p=1011.38",46294,95.30,True
2088,"t=22.12,h=36.15,p=1011.35",46269,93.90,True
2089,"t=22.12,h=36.15,p=1011.35",46275,364.40,True
2090,"t=22.13,h=36.18,p=1011.36",46283,261.60,True
2091,"t=22.13,h=36.18,p=1011.36",46279,215.20,True
2092,"t=22.12,h=36.17,p=1011.34",46272,216.90,True
2093,"t=22.12,h=36.17,p=1011.34",46281,350.10,True
2094,"t=22.13,h=36.15,p=1011.36",46282,313.80,True
2095,"t=22.13,h=36.15,p=1011.36",46281,211.80,True
2096,"t=22.13,h=36.17,p=1011.38",46287,365.90,True
2097,"t=22.13,h=36.17,p=1011.38",46288,182.00,True
2098,"t=22.14,h=36.18,p=1011.37",46283,386.70,True
2099,"t=22.14,h=36.18,p=1011.37",46287,233.70,True
2100,"t=22.14,h=36.18,p=1011.39",46284,286.70,True
2101,"t=22.14,h=36.18,p=1011.39",46288,363.00,True
2102,"t=22.14,h=36.18,p=1011.36",46291,285.70,True
2103,"t=22.14,h=36.18,p=1011.36",46275,91.50,True
2104,"t=22.14,h=36.19,p=1011.38",46284,301.20,True
2105,"t=22.14,h=36.19,p=1011.38",46288,212.50,True
2106,"t=22.13,h=36.19,p=1011.38",46280,144.70,True
2107,"t=22.13,h=36.19,p=1011.38",46285,97.10,True
2108,"t=22.14,h=36.21,p=1011.39",46273,96.80,True
2109,"t=22.14,h=36.21,p=1011.39",46275,348.00,True
2110,"t=22.13,h=36.19,p=1011.39",46285,94.70,True
2111,"t=22.13,h=36.19,p=1011.39",46273,92.60,True
2112,"t=22.13,h=36.21,p=1011.36",46288,95.20,True
2113,"t=22.13,h=36.21,p=1011.36",46288,163.60,True
2114,"t=22.13,h=36.21,p=1011.36",46297,150.10,True
2115,"t=22.13,h=36.21,p=1011.36",46305,386.60,True
2116,"t=22.14,h=36.21,p=1011.34",46279,145.50,True
2117,"t=22.14,h=36.21,p=1011.34",46283,97.50,True
2118,"t=22.14,h=36.22,p=1011.38",46275,95.50,True
2119,"t=22.14,h=36.22,p=1011.38",46282,356.00,True
2120,"t=22.14,h=36.22,p=1011.41",46285,95.00,True
2121,"t=22.14,h=36.22,p=1011.41",46284,142.40,True
2122,"t=22.12,h=36.23,p=1011.34",46280,342.60,True
2123,"t=22.12,h=36.23,p=1011.34",46276,209.80,True
2124,"t=22.12,h=36.23,p=1011.35",46276,212.60,True
2125,"t=22.12,h=36.23,p=1011.35",46275,196.90,True
2126,"t=22.14,h=36.24,p=1011.34",46276,357.40,True
2127,"t=22.14,h=36.24,p=1011.34",46284,172.60,True
2128,"t=22.12,h=36.23,p=1011.34",46268,346.70,True
2129,"t=22.12,h=36.23,p=1011.34",46300,295.60,True
2130,"t=22.12,h=36.23,p=1011.32",46285,217.60,True
2131,"t=22.12,h=36.23,p=1011.32",46273,212.00,True
2132,"t=22.12,h=36.23,p=1011.32",46283,267.90,True
2133,"t=22.13,h=36.24,p=1011.34",46280,212.30,True
2134,"t=22.13,h=36.24,p=1011.34",46282,348.30,True
2135,"t=22.14,h=36.26,p=1011.38",46283,96.30,True
2136,"t=22.14,h=36.26,p=1011.38",46276,93.40,True
2137,"t=22.14,h=36.25,p=1011.38",46276,338.50,True
2138,"t=22.14,h=36.25,p=1011.38",46292,142.80,True
2139,"t=22.14,h=36.26,p=1011.37",46287,117.80,True
2140,"t=22.14,h=36.26,p=1011.37",46272,92.50,True
2141,"t=22.14,h=36.25,p=1011.38",46275,274.10,True
2142,"t=22.14,h=36.25,p=1011.38",46284,351.30,True
2143,"t=22.14,h=36.24,p=1011.35",46290,94.10,True
2144,"t=22.14,h=36.24,p=1011.35",46275,93.00,True
2145,"t=22.13,h=36.27,p=1011.36",46282,213.10,True
2146,"t=22.13,h=36.27,p=1011.36",46289,202.30,True
2147,"t=22.14,h=36.26,p=1011.36",46289,251.70,True
2148,"t=22.14,h=36.26,p=1011.36",46283,213.40,True
2149,"t=22.13,h=36.27,p=1011.35",46295,212.80,True
2150,"t=22.13,h=36.27,p=1011.35",46275,350.80,True
2151,"t=22.13,h=36.27,p=1011.34",46283,191.00,True
2152,"t=22.13,h=36.27,p=1011.34",46282,95.60,True
2153,"t=22.12,h=36.26,p=1011.33",46274,95.60,True
2154,"t=22.12,h=36.26,p=1011.33",46275,264.30,True
2155,"t=22.13,h=36.26,p=1011.34",46288,96.80,True
2156,"t=22.13,h=36.26,p=1011.34",46280,252.80,True
2157,"t=22.14,h=36.25,p=1011.36",46284,238.90,True
2158,"t=22.14,h=36.25,p=1011.36",46291,206.60,True
2159,"t=22.12,h=36.25,p=1011.37",46270,212.40,True
2160,"t=22.12,h=36.25,p=1011.37",46276,328.10,True
2161,"t=22.14,h=36.26,p=1011.37",46283,279.30,True
2162,"t=22.14,h=36.26,p=1011.37",46279,348.40,True
2163,"t=22.12,h=36.23,p=1011.31",46289,104.30,True
2164,"t=22.12,h=36.23,p=1011.31",46306,94.40,True
2165,"t=22.12,h=36.25,p=1011.31",46279,320.10,True
2166,"t=22.12,h=36.25,p=1011.31",46294,276.70,True
2167,"t=22.12,h=36.25,p=1011.30",46281,215.90,True
2168,"t=22.12,h=36.25,p=1011.30",46279,171.10,True
2169,"t=22.13,h=36.25,p=1011.32",46278,326.20,True
2170,"t=22.13,h=36.25,p=1011.32",46292,292.90,True
2171,"t=22.12,h=36.26,p=1011.30",46280,183.70,True
2172,"t=22.12,h=36.26,p=1011.30",46286,109.40,True
2173,"t=22.14,h=36.25,p=1011.37",46275,258.80,True
2174,"t=22.14,h=36.25,p=1011.37",46285,95.80,True
2175,"t=22.14,h=36.25,p=1011.33",46277,260.20,True
2176,"t=22.14,h=36.25,p=1011.33",46285,236.60,True
2177,"t=22.14,h=36.25,p=1011.36",46289,234.40,True
2178,"t=22.14,h=36.25,p=1011.36",46274,176.10,True
2179,"t=22.14,h=36.26,p=1011.31",46283,94.70,True
2180,"t=22.14,h=36.26,p=1011.31",46279,352.20,True
2181,"t=22.14,h=36.26,p=1011.32",46289,346.20,True
2182,"t=22.14,h=36.26,p=1011.32",46281,237.40,True
2183,"t=22.14,h=36.26,p=1011.32",46275,92.40,True
2184,"t=22.14,h=36.24,p=1011.31",46273,355.50,True
2185,"t=22.14,h=36.24,p=1011.31",46289,356.00,True
2186,"t=22.14,h=36.26,p=1011.33",46290,96.70,True
2187,"t=22.14,h=36.26,p=1011.33",46284,95.10,True
2188,"t=22.14,h=36.25,p=1011.33",46276,296.10,True
2189,"t=22.14,h=36.25,p=1011.33",46286,209.80,True
2190,"t=22.14,h=36.25,p=1011.30",46278,353.30,True
2191,"t=22.14,h=36.25,p=1011.30",46289,352.70,True
2192,"t=22.14,h=36.26,p=1011.33",46290,294.90,True
2193,"t=22.14,h=36.26,p=1011.33",46282,103.90,True
2194,"t=22.14,h=36.25,p=1011.34",46276,94.00,True
2195,"t=22.14,h=36.25,p=1011.34",46277,344.20,True
2196,"t=22.14,h=36.27,p=1011.33",46287,190.20,True
2197,"t=22.14,h=36.27,p=1011.33",46282,344.90,True
2198,"t=22.14,h=36.29,p=1011.33",46295,262.00,True
2199,"t=22.14,h=36.29,p=1011.33",46285,367.30,True
2200,"t=22.13,h=36.26,p=1011.30",46280,138.60,True
2201,"t=22.13,h=36.26,p=1011.30",46282,93.90,True
2202,"t=22.12,h=36.26,p=1011.29",46282,94.00,True
2203,"t=22.12,h=36.26,p=1011.29",46283,247.40,True
2204,"t=22.14,h=36.27,p=1011.33",46283,333.20,True
2205,"t=22.14,h=36.27,p=1011.33",46282,298.30,True
2206,"t=22.12,h=36.27,p=1011.32",46274,246.50,True
2207,"t=22.12,h=36.27,p=1011.32",46273,210.70,True
2208,"t=22.14,h=36.26,p=1011.36",46281,353.10,True
2209,"t=22.14,h=36.26,p=1011.36",46285,271.60,True
2210,"t=22.12,h=36.28,p=1011.30",46284,362.10,True
2211,"t=22.12,h=36.28,p=1011.30",46293,96.00,True
2212,"t=22.14,h=36.25,p=1011.32",46274,351.20,True
2213,"t=22.14,h=36.25,p=1011.32",46288,298.70,True
2214,"t=22.13,h=36.27,p=1011.31",46280,226.40,True
2215,"t=22.13,h=36.27,p=1011.31",46275,163.70,True
2216,"t=22.13,h=36.27,p=1011.34",46275,329.40,True
2217,"t=22.13,h=36.27,p=1011.34",46288,350.70,True
2218,"t=22.13,h=36.27,p=1011.32",46284,334.30,True
2219,"t=22.13,h=36.27,p=1011.32",46281,240.20,True
2220,"t=22.13,h=36.28,p=1011.33",46274,94.30,True
2221,"t=22.13,h=36.28,p=1011.33",46274,166.40,True
2222,"t=22.13,h=36.28,p=1011.31",46284,342.50,True
2223,"t=22.13,h=36.28,p=1011.31",46283,238.40,True
2224,"t=22.13,h=36.28,p=1011.32",46274,212.00,True
2225,"t=22.13,h=36.28,p=1011.32",46274,350.00,True
2226,"t=22.14,h=36.29,p=1011.32",46295,264.10,True
2227,"t=22.14,h=36.29,p=1011.32",46284,376.70,True
2228,"t=22.14,h=36.29,p=1011.32",46284,324.00,True
2229,"t=22.14,h=36.29,p=1011.32",46285,290.30,True
2230,"t=22.14,h=36.29,p=1011.32",46273,235.80,True
2231,"t=22.14,h=36.29,p=1011.32",46275,336.30,True
2232,"t=22.14,h=36.29,p=1011.31",46282,298.50,True
2233,"t=22.14,h=36.29,p=1011.31",46277,353.70,True
2234,"t=22.14,h=36.29,p=1011.31",46297,102.70,True
2235,"t=22.14,h=36.29,p=1011.33",46286,94.90,True
2236,"t=22.14,h=36.29,p=1011.33",46287,348.90,True
2237,"t=22.13,h=36.32,p=1011.32",46290,346.10,True
2238,"t=22.13,h=36.32,p=1011.32",46283,352.00,True
2239,"t=22.13,h=36.30,p=1011.32",46283,250.90,True
2240,"t=22.13,h=36.30,p=1011.32",46285,142.80,True
2241,"t=22.14,h=36.31,p=1011.32",46287,95.40,True
2242,"t=22.14,h=36.31,p=1011.32",46287,93.20,True
2243,"t=22.14,h=36.32,p=1011.32",46278,134.40,True
2244,"t=22.14,h=36.32,p=1011.32",46291,95.60,True
2245,"t=22.14,h=36.32,p=1011.30",46276,157.90,True
2246,"t=22.14,h=36.32,p=1011.30",46290,354.20,True
2247,"t=22.14,h=36.32,p=1011.30",46285,333.40,True
2248,"t=22.14,h=36.32,p=1011.30",46286,95.90,True
2249,"t=22.14,h=36.32,p=1011.30",46271,108.10,True
2250,"t=22.14,h=36.32,p=1011.30",46277,93.50,True
2251,"t=22.14,h=36.33,p=1011.31",46284,144.90,True
2252,"t=22.14,h=36.33,p=1011.31",46301,108.70,True
2253,"t=22.13,h=36.33,p=1011.26",46282,143.80,True
2254,"t=22.13,h=36.33,p=1011.26",46299,267.00,True
2255,"t=22.14,h=36.33,p=1011.30",46298,210.00,True
2256,"t=22.14,h=36.33,p=1011.30",46283,93.30,True
2257,"t=22.13,h=36.33,p=1011.30",46280,283.60,True
2258,"t=22.13,h=36.33,p=1011.30",46287,267.30,True
2259,"t=22.14,h=36.35,p=1011.29",46291,215.20,True
2260,"t=22.14,h=36.35,p=1011.29",46277,208.80,True
2261,"t=22.14,h=36.33,p=1011.29",46274,349.30,True
2262,"t=22.14,h=36.33,p=1011.29",46278,264.10,True
2263,"t=22.14,h=36.36,p=1011.33",46275,291.10,True
2264,"t=22.14,h=36.36,p=1011.33",46285,98.30,True
2265,"t=22.13,h=36.34,p=1011.29",46278,93.90,True
2266,"t=22.13,h=36.34,p=1011.29",46278,181.10,True
2267,"t=22.14,h=36.35,p=1011.30",46289,340.00,True
2268,"t=22.14,h=36.35,p=1011.30",46293,354.90,True
2269,"t=22.14,h=36.35,p=1011.32",46283,342.70,True
2270,"t=22.14,h=36.35,p=1011.32",46285,106.20,True
2271,"t=22.14,h=36.35,p=1011.28",46267,96.10,True
2272,"t=22.14,h=36.35,p=1011.28",46274,353.80,True
2273,"t=22.14,h=36.35,p=1011.25",46281,95.40,True
2274,"t=22.14,h=36.35,p=1011.25",46278,267.20,True
2275,"t=22.13,h=36.35,p=1011.26",46290,212.20,True
2276,"t=22.13,h=36.35,p=1011.26",46281,282.40,True
2277,"t=22.12,h=36.35,p=1011.25",46287,352.30,True
2278,"t=22.12,h=36.35,p=1011.25",46288,95.10,True
2279,"t=22.13,h=36.36,p=1011.29",46301,267.50,True
2280,"t=22.13,h=36.36,p=1011.29",46289,147.60,True
2281,"t=22.11,h=36.35,p=1011.25",46286,321.70,True
2282,"t=22.11,h=36.35,p=1011.25",46281,356.80,True
2283,"t=22.12,h=36.36,p=1011.26",46287,97.40,True
2284,"t=22.12,h=36.36,p=1011.26",46276,95.30,True
2285,"t=22.12,h=36.36,p=1011.26",46279,268.00,True
2286,"t=22.13,h=36.38,p=1011.32",46314,212.20,True
2287,"t=22.13,h=36.38,p=1011.32",46323,349.40,True
2288,"t=22.14,h=36.35,p=1011.29",46289,95.70,True
2289,"t=22.14,h=36.35,p=1011.29",46284,388.10,True
2290,"t=22.14,h=36.36,p=1011.28",46287,96.70,True
2291,"t=22.14,h=36.36,p=1011.28",46280,267.60,True
2292,"t=22.13,h=36.35,p=1011.29",46292,237.80,True
2293,"t=22.13,h=36.35,p=1011.29",46295,212.20,True
2294,"t=22.14,h=36.38,p=1011.29",46288,327.20,True
2295,"t=22.14,h=36.38,p=1011.29",46296,95.80,True
2296,"t=22.14,h=36.40,p=1011.30",46277,359.00,True
2297,"t=22.14,h=36.40,p=1011.30",46286,93.40,True
2298,"t=22.13,h=36.36,p=1011.27",46284,354.70,True
2299,"t=22.13,h=36.36,p=1011.27",46291,360.10,True
2300,"t=22.13,h=36.36,p=1011.27",46294,307.10,True
2301,"t=22.13,h=36.36,p=1011.27",46279,94.20,True
2302,"t=22.14,h=36.40,p=1011.28",46277,134.60,True
2303,"t=22.14,h=36.40,p=1011.28",46285,98.20,True
2304,"t=22.14,h=36.39,p=1011.30",46282,114.50,True
2305,"t=22.14,h=36.39,p=1011.30",46282,329.10,True
2306,"t=22.13,h=36.36,p=1011.30",46295,96.00,True
2307,"t=22.13,h=36.36,p=1011.30",46284,299.70,True
2308,"t=22.13,h=36.35,p=1011.30",46296,96.20,True
2309,"t=22.13,h=36.35,p=1011.30",46280,265.40,True
2310,"t=22.15,h=36.38,p=1011.28",46293,244.10,True
2311,"t=22.15,h=36.38,p=1011.28",46286,215.70,True
2312,"t=22.15,h=36.36,p=1011.30",46278,214.50,True
2313,"t=22.15,h=36.36,p=1011.30",46281,320.30,True
2314,"t=22.14,h=36.36,p=1011.29",46287,140.70,True
2315,"t=22.14,h=36.36,p=1011.29",46283,95.50,True
2316,"t=22.12,h=36.36,p=1011.25",46275,94.70,True
2317,"t=22.12,h=36.36,p=1011.25",46279,353.00,True
2318,"t=22.13,h=36.35,p=1011.26",46293,137.70,True
2319,"t=22.13,h=36.35,p=1011.26",46286,93.70,True
2320,"t=22.12,h=36.35,p=1011.26",46279,317.50,True
2321,"t=22.12,h=36.35,p=1011.26",46293,96.30,True
2322,"t=22.11,h=36.34,p=1011.24",46280,163.60,True
2323,"t=22.11,h=36.34,p=1011.24",46294,153.30,True
2324,"t=22.12,h=36.35,p=1011.26",46286,118.50,True
2325,"t=22.12,h=36.35,p=1011.26",46289,245.90,True
2326,"t=22.14,h=36.35,p=1011.29",46288,183.40,True
2327,"t=22.14,h=36.35,p=1011.29",46279,94.90,True
2328,"t=22.14,h=36.34,p=1011.26",46283,326.00,True
2329,"t=22.14,h=36.34,p=1011.26",46288,355.80,True
2330,"t=22.14,h=36.34,p=1011.28",46287,294.40,True
2331,"t=22.14,h=36.34,p=1011.28",46275,112.50,True
2332,"t=22.14,h=36.34,p=1011.29",46283,93.90,True
2333,"t=22.14,h=36.34,p=1011.29",46280,265.30,True
2334,"t=22.14,h=36.33,p=1011.29",46283,327.90,True
2335,"t=22.14,h=36.33,p=1011.29",46296,320.80,True
2336,"t=22.14,h=36.33,p=1011.28",46303,93.80,True
2337,"t=22.14,h=36.33,p=1011.28",46287,350.30,True
2338,"t=22.14,h=36.33,p=1011.28",46297,223.60,True
2339,"t=22.14,h=36.33,p=1011.29",46277,181.10,True
2340,"t=22.14,h=36.33,p=1011.29",46280,95.20,True
2341,"t=22.14,h=36.33,p=1011.26",46283,352.90,True
2342,"t=22.14,h=36.33,p=1011.26",46288,136.00,True
2343,"t=22.14,h=36.34,p=1011.27",46291,95.20,True
2344,"t=22.14,h=36.34,p=1011.27",46278,323.10,True
2345,"t=22.14,h=36.33,p=1011.30",46302,267.80,True
2346,"t=22.14,h=36.33,p=1011.30",46297,270.90,True
2347,"t=22.14,h=36.31,p=1011.25",46287,233.40,True
2348,"t=22.14,h=36.31,p=1011.25",46274,194.80,True
2349,"t=22.14,h=36.32,p=1011.30",46275,95.40,True
2350,"t=22.14,h=36.32,p=1011.30",46277,142.30,True
2351,"t=22.14,h=36.33,p=1011.28",46293,335.60,True
2352,"t=22.14,h=36.33,p=1011.28",46295,277.20,True
2353,"t=22.12,h=36.32,p=1011.22",46286,95.80,True
2354,"t=22.12,h=36.32,p=1011.22",46285,94.00,True
2355,"t=22.13,h=36.32,p=1011.26",46278,299.10,True
2356,"t=22.13,h=36.32,p=1011.26",46298,213.30,True
2357,"t=22.14,h=36.31,p=1011.24",46274,213.20,True
2358,"t=22.14,h=36.31,p=1011.24",46282,158.80,True
2359,"t=22.14,h=36.32,p=1011.24",46287,278.70,True
2360,"t=22.14,h=36.32,p=1011.24",46292,209.60,True
2361,"t=22.14,h=36.35,p=1011.26",46273,211.20,True
2362,"t=22.14,h=36.35,p=1011.26",46276,117.30,True
2363,"t=22.15,h=36.34,p=1011.27",46283,325.70,True
2364,"t=22.15,h=36.34,p=1011.27",46297,272.60,True
2365,"t=22.14,h=36.32,p=1011.28",46275,352.90,True
2366,"t=22.14,h=36.32,p=1011.28",46289,156.40,True
2367,"t=22.14,h=36.35,p=1011.27",46290,248.60,True
2368,"t=22.14,h=36.35,p=1011.27",46288,212.70,True
2369,"t=22.14,h=36.33,p=1011.28",46283,146.90,True
2370,"t=22.14,h=36.33,p=1011.28",46300,95.40,True
2371,"t=22.14,h=36.32,p=1011.26",46277,344.40,True
2372,"t=22.14,h=36.32,p=1011.26",46284,285.20,True
2373,"t=22.14,h=36.32,p=1011.27",46281,354.30,True
2374,"t=22.14,h=36.32,p=1011.27",46290,291.10,True
2375,"t=22.15,h=36.32,p=1011.26",46278,116.40,True
2376,"t=22.15,h=36.32,p=1011.26",46279,346.80,True
2377,"t=22.14,h=36.32,p=1011.23",46293,330.10,True
2378,"t=22.14,h=36.32,p=1011.23",46297,139.20,True
2379,"t=22.14,h=36.32,p=1011.25",46283,95.60,True
2380,"t=22.14,h=36.32,p=1011.25",46286,350.60,True
2381,"t=22.14,h=36.32,p=1011.27",46291,353.60,True
2382,"t=22.14,h=36.32,p=1011.27",46291,330.20,True
2383,"t=22.14,h=36.31,p=1011.27",46286,149.20,True
2384,"t=22.14,h=36.31,p=1011.27",46286,143.50,True
2385,"t=22.14,h=36.31,p=1011.26",46292,94.50,True
2386,"t=22.14,h=36.31,p=1011.26",46281,345.60,True
2387,"t=22.14,h=36.31,p=1011.27",46290,278.50,True
2388,"t=22.14,h=36.31,p=1011.27",46284,215.10,True
2389,"t=22.14,h=36.31,p=1011.27",46279,213.60,True
2390,"t=22.14,h=36.29,p=1011.26",46276,97.40,True
2391,"t=22.14,h=36.29,p=1011.26",46281,266.00,True
2392,"t=22.14,h=36.32,p=1011.25",46287,241.80,True
2393,"t=22.14,h=36.32,p=1011.25",46283,217.90,True
2394,"t=22.12,h=36.28,p=1011.23",46276,211.10,True
2395,"t=22.12,h=36.28,p=1011.23",46282,320.50,True
2396,"t=22.14,h=36.29,p=1011.28",46289,342.70,True
2397,"t=22.14,h=36.29,p=1011.28",46291,351.50,True
2398,"t=22.13,h=36.28,p=1011.23",46287,95.20,True
2399,"t=22.13,h=36.28,p=1011.23",46275,143.50,True
2400,"t=22.14,h=36.28,p=1011.27",46290,96.80,True
2401,"t=22.14,h=36.28,p=1011.27",46278,351.10,True
2402,"t=22.12,h=36.28,p=1011.25",46287,177.20,True
2403,"t=22.12,h=36.28,p=1011.25",46275,113.00,True
2404,"t=22.14,h=36.29,p=1011.26",46277,332.90,True
2405,"t=22.14,h=36.29,p=1011.26",46286,95.30,True
2406,"t=22.14,h=36.28,p=1011.26",46273,351.10,True
2407,"t=22.14,h=36.28,p=1011.26",46282,181.60,True
2408,"t=22.15,h=36.28,p=1011.31",46286,349.40,True
2409,"t=22.15,h=36.28,p=1011.31",46295,278.00,True
2410,"t=22.14,h=36.29,p=1011.28",46288,219.50,True
2411,"t=22.14,h=36.29,p=1011.28",46278,215.70,True
2412,"t=22.14,h=36.28,p=1011.25",46286,144.60,True
2413,"t=22.14,h=36.28,p=1011.25",46289,95.70,True
2414,"t=22.14,h=36.28,p=1011.24",46281,385.50,True
2415,"t=22.14,h=36.28,p=1011.24",46286,352.50,True
2416,"t=22.14,h=36.29,p=1011.23",46280,247.30,True
2417,"t=22.14,h=36.29,p=1011.23",46273,213.90,True
2418,"t=22.14,h=36.29,p=1011.23",46276,208.50,True
2419,"t=22.14,h=36.29,p=1011.23",46301,185.70,True
2420,"t=22.14,h=36.28,p=1011.25",46290,96.30,True
2421,"t=22.14,h=36.28,p=1011.25",46277,94.50,True
2422,"t=22.12,h=36.28,p=1011.24",46280,96.20,True
2423,"t=22.12,h=36.28,p=1011.24",46277,353.20,True
2424,"t=22.14,h=36.28,p=1011.29",46285,173.70,True
2425,"t=22.14,h=36.28,p=1011.29",46281,382.80,True
2426,"t=22.14,h=36.29,p=1011.29",46291,188.00,True
2427,"t=22.14,h=36.29,p=1011.29",46279,93.30,True
2428,"t=22.14,h=36.29,p=1011.28",46279,120.40,True
2429,"t=22.14,h=36.29,p=1011.28",46292,354.40,True
2430,"t=22.14,h=36.28,p=1011.26",46280,95.90,True
2431,"t=22.14,h=36.28,p=1011.26",46274,95.10,True
2432,"t=22.14,h=36.28,p=1011.25",46282,148.90,True
2433,"t=22.14,h=36.28,p=1011.25",46294,355.10,True
2434,"t=22.12,h=36.29,p=1011.26",46292,350.60,True
2435,"t=22.12,h=36.29,p=1011.26",46300,265.90,True
2436,"t=22.14,h=36.29,p=1011.25",46286,96.90,True
2437,"t=22.14,h=36.29,p=1011.25",46276,95.00,True
2438,"t=22.14,h=36.27,p=1011.28",46279,352.30,True
2439,"t=22.14,h=36.27,p=1011.28",46286,294.20,True
2440,"t=22.13,h=36.27,p=1011.26",46284,123.50,True
2441,"t=22.13,h=36.27,p=1011.26",46286,208.90,True
2442,"t=22.13,h=36.27,p=1011.26",46287,96.90,True
2443,"t=22.14,h=36.26,p=1011.26",46274,94.20,True
2444,"t=22.14,h=36.26,p=1011.26",46275,92.90,True
2445,"t=22.14,h=36.28,p=1011.26",46276,243.10,True
2446,"t=22.14,h=36.28,p=1011.26",46316,354.30,True
2447,"t=22.14,h=36.28,p=1011.27",46313,277.10,True
2448,"t=22.14,h=36.28,p=1011.27",46287,216.00,True
2449,"t=22.14,h=36.27,p=1011.29",46283,353.30,True
2450,"t=22.14,h=36.27,p=1011.29",46281,193.70,True
2451,"t=22.14,h=36.27,p=1011.27",46284,96.30,True
2452,"t=22.14,h=36.27,p=1011.27",46276,93.90,True
2453,"t=22.14,h=36.26,p=1011.26",46279,289.80,True
2454,"t=22.14,h=36.26,p=1011.26",46281,214.70,True
2455,"t=22.14,h=36.25,p=1011.26",46280,353.00,True
2456,"t=22.14,h=36.25,p=1011.26",46285,97.30,True
2457,"t=22.15,h=36.26,p=1011.29",46279,171.00,True
2458,"t=22.15,h=36.26,p=1011.29",46300,241.00,True
2459,"t=22.14,h=36.26,p=1011.30",46282,166.60,True
2460,"t=22.14,h=36.26,p=1011.30",46282,92.90,True
2461,"t=22.14,h=36.27,p=1011.29",46270,92.80,True
2462,"t=22.14,h=36.27,p=1011.29",46274,310.60,True
2463,"t=22.14,h=36.26,p=1011.28",46286,215.20,True
2464,"t=22.14,h=36.26,p=1011.28",46290,384.70,True
2465,"t=22.14,h=36.26,p=1011.26",46281,197.00,True
2466,"t=22.14,h=36.26,p=1011.26",46278,352.70,True
2467,"t=22.13,h=36.26,p=1011.25",46284,355.60,True
2468,"t=22.13,h=36.26,p=1011.25",46285,151.20,True
2469,"t=22.13,h=36.24,p=1011.25",46270,95.00,True
2470,"t=22.13,h=36.24,p=1011.25",46285,341.30,True
2471,"t=22.14,h=36.25,p=1011.24",46282,94.60,True
2472,"t=22.14,h=36.25,p=1011.24",46295,92.80,True
2473,"t=22.13,h=36.26,p=1011.24",46277,325.50,True
2474,"t=22.13,h=36.26,p=1011.24",46286,344.80,True
2475,"t=22.13,h=36.26,p=1011.28",46285,266.80,True
2476,"t=22.13,h=36.26,p=1011.28",46287,207.20,True
2477,"t=22.14,h=36.26,p=1011.28",46281,411.60,True
2478,"t=22.14,h=36.26,p=1011.28",46289,98.80,True
2479,"t=22.14,h=36.26,p=1011.27",46281,332.70,True
2480,"t=22.14,h=36.26,p=1011.27",46282,99.50,True
2481,"t=22.15,h=36.26,p=1011.29",46283,95.00,True
2482,"t=22.15,h=36.26,p=1011.29",46278,92.30,True
2483,"t=22.15,h=36.26,p=1011.28",46282,267.70,True
2484,"t=22.15,h=36.26,p=1011.28",46283,214.20,True
2485,"t=22.14,h=36.25,p=1011.28",46280,370.60,True
2486,"t=22.14,h=36.25,p=1011.28",46282,349.00,True
2487,"t=22.14,h=36.25,p=1011.27",46281,196.50,True
2488,"t=22.14,h=36.25,p=1011.27",46274,318.20,True
2489,"t=22.14,h=36.25,p=1011.28",46282,352.20,True
2490,"t=22.14,h=36.25,p=1011.28",46280,382.40,True
2491,"t=22.14,h=36.25,p=1011.30",46283,96.70,True
2492,"t=22.14,h=36.25,p=1011.30",46282,353.30,True
2493,"t=22.14,h=36.25,p=1011.30",46284,217.70,True
2494,"t=22.14,h=36.24,p=1011.28",46285,94.60,True
2495,"t=22.14,h=36.24,p=1011.28",46272,94.80,True
2496,"t=22.14,h=36.26,p=1011.27",46285,331.60,True
2497,"t=22.14,h=36.26,p=1011.27",46282,96.40,True
2498,"t=22.14,h=36.27,p=1011.26",46293,382.10,True
2499,"t=22.14,h=36.27,p=1011.26",46275,212.80,True
2500,"t=22.14,h=36.23,p=1011.29",46293,102.00,True
2501,"t=22.14,h=36.23,p=1011.29",46274,385.20,True
2502,"t=22.14,h=36.25,p=1011.28",46283,214.10,True
2503,"t=22.14,h=36.25,p=1011.28",46273,347.80,True
2504,"t=22.14,h=36.25,p=1011.26",46288,112.70,True
2505,"t=22.14,h=36.25,p=1011.26",46281,382.10,True
2506,"t=22.13,h=36.26,p=1011.26",46301,349.40,True
2507,"t=22.13,h=36.26,p=1011.26",46298,346.50,True
2508,"t=22.13,h=36.22,p=1011.26",46276,301.80,True
2509,"t=22.13,h=36.22,p=1011.26",46282,266.40,True
2510,"t=22.14,h=36.26,p=1011.27",46288,97.20,True
2511,"t=22.14,h=36.26,p=1011.27",46284,136.90,True
2512,"t=22.15,h=36.23,p=1011.30",46290,94.20,True
2513,"t=22.15,h=36.23,p=1011.30",46282,92.20,True
2514,"t=22.13,h=36.24,p=1011.27",46278,355.10,True
2515,"t=22.13,h=36.24,p=1011.27",46282,96.60,True
2516,"t=22.14,h=36.23,p=1011.27",46282,345.40,True
2517,"t=22.14,h=36.23,p=1011.27",46293,234.90,True
2518,"t=22.15,h=36.23,p=1011.30",46288,342.60,True
2519,"t=22.15,h=36.23,p=1011.30",46287,146.80,True
2520,"t=22.15,h=36.24,p=1011.32",46288,94.20,True
2521,"t=22.15,h=36.24,p=1011.32",46281,93.20,True
2522,"t=22.15,h=36.23,p=1011.29",46276,354.20,True
2523,"t=22.15,h=36.23,p=1011.29",46282,257.90,True
2524,"t=22.14,h=36.21,p=1011.28",46282,262.00,True
2525,"t=22.14,h=36.21,p=1011.28",46289,219.40,True
2526,"t=22.14,h=36.21,p=1011.28",46283,206.60,True
2527,"t=22.14,h=36.21,p=1011.28",46283,389.20,True
2528,"t=22.14,h=36.24,p=1011.28",46282,109.90,True
2529,"t=22.14,h=36.24,p=1011.28",46274,151.90,True
2530,"t=22.14,h=36.24,p=1011.29",46290,228.50,True
2531,"t=22.14,h=36.24,p=1011.29",46288,95.90,True
2532,"t=22.14,h=36.22,p=1011.27",46272,93.90,True
2533,"t=22.14,h=36.22,p=1011.27",46281,267.10,True
2534,"t=22.14,h=36.24,p=1011.27",46289,357.70,True
2535,"t=22.14,h=36.24,p=1011.27",46292,96.80,True
2536,"t=22.14,h=36.22,p=1011.29",46271,93.90,True
2537,"t=22.14,h=36.22,p=1011.29",46281,346.30,True
2538,"t=22.14,h=36.23,p=1011.29",46286,353.20,True
2539,"t=22.14,h=36.23,p=1011.29",46278,198.30,True
2540,"t=22.14,h=36.22,p=1011.28",46272,96.20,True
2541,"t=22.14,h=36.22,p=1011.28",46280,154.80,True
2542,"t=22.14,h=36.24,p=1011.30",46285,94.20,True
2543,"t=22.14,h=36.24,p=1011.30",46277,92.80,True
2544,"t=22.12,h=36.23,p=1011.26",46277,270.20,True
2545,"t=22.12,h=36.23,p=1011.26",46286,329.50,True
2546,"t=22.12,h=36.23,p=1011.26",46285,95.90,True
2547,"t=22.12,h=36.26,p=1011.26",46276,94.30,True
2548,"t=22.12,h=36.26,p=1011.26",46275,346.90,True
2549,"t=22.14,h=36.24,p=1011.30",46287,238.20,True
2550,"t=22.14,h=36.24,p=1011.30",46289,93.70,True
2551,"t=22.12,h=36.25,p=1011.23",46274,95.10,True
2552,"t=22.12,h=36.25,p=1011.23",46283,265.70,True
2553,"t=22.14,h=36.27,p=1011.28",46282,214.50,True
2554,"t=22.14,h=36.27,p=1011.28",46280,184.80,True
2555,"t=22.12,h=36.26,p=1011.26",46293,371.40,True
2556,"t=22.12,h=36.26,p=1011.26",46287,137.00,True
2557,"t=22.13,h=36.27,p=1011.28",46288,350.80,True
2558,"t=22.13,h=36.27,p=1011.28",46294,142.20,True
2559,"t=22.14,h=36.32,p=1011.28",46291,349.20,True
2560,"t=22.14,h=36.32,p=1011.28",46284,351.80,True
2561,"t=22.14,h=36.33,p=1011.29",46280,180.00,True
2562,"t=22.14,h=36.33,p=1011.29",46269,246.70,True
2563,"t=22.13,h=36.31,p=1011.28",46296,193.90,True
2564,"t=22.13,h=36.31,p=1011.28",46289,114.60,True
2565,"t=22.14,h=36.31,p=1011.29",46284,349.50,True
2566,"t=22.14,h=36.31,p=1011.29",46284,94.30,True
2567,"t=22.14,h=36.32,p=1011.31",46281,96.50,True
2568,"t=22.14,h=36.32,p=1011.31",46274,95.00,True
2569,"t=22.14,h=36.33,p=1011.29",46277,351.70,True
2570,"t=22.14,h=36.33,p=1011.29",46287,308.80,True
2571,"t=22.14,h=36.31,p=1011.28",46281,331.60,True
2572,"t=22.14,h=36.31,p=1011.28",46287,294.20,True
2573,"t=22.14,h=36.32,p=1011.29",46287,159.30,True
2574,"t=22.14,h=36.32,p=1011.29",46289,260.90,True
2575,"t=22.14,h=36.34,p=1011.29",46286,349.90,True
2576,"t=22.14,h=36.34,p=1011.29",46288,379.00,True
2577,"t=22.14,h=36.33,p=1011.29",46278,201.80,True
2578,"t=22.14,h=36.33,p=1011.29",46284,345.40,True
2579,"t=22.14,h=36.34,p=1011.30",46283,277.50,True
2580,"t=22.14,h=36.34,p=1011.30",46281,352.90,True
2581,"t=22.14,h=36.34,p=1011.29",46284,240.40,True
2582,"t=22.14,h=36.34,p=1011.29",46280,94.80,True
2583,"t=22.13,h=36.34,p=1011.27",46282,94.90,True
2584,"t=22.13,h=36.34,p=1011.27",46285,93.70,True
2585,"t=22.15,h=36.34,p=1011.29",46276,263.00,True
2586,"t=22.15,h=36.34,p=1011.29",46287,209.00,True
2587,"t=22.12,h=36.34,p=1011.24",46282,255.50,True
2588,"t=22.12,h=36.34,p=1011.24",46287,93.80,True
2589,"t=22.13,h=36.34,p=1011.25",46288,386.80,True
2590,"t=22.13,h=36.34,p=1011.25",46284,355.20,True
2591,"t=22.13,h=36.35,p=1011.28",46280,298.30,True
2592,"t=22.13,h=36.35,p=1011.28",46271,255.90,True
2593,"t=22.15,h=36.35,p=1011.28",46281,393.80,True
2594,"t=22.15,h=36.35,p=1011.28",46286,96.20,True
2595,"t=22.14,h=36.35,p=1011.29",46288,93.90,True
2596,"t=22.14,h=36.35,p=1011.29",46293,147.80,True
2597,"t=22.14,h=36.35,p=1011.29",46291,325.00,True
2598,"t=22.14,h=36.35,p=1011.29",46289,95.70,True
2599,"t=22.14,h=36.35,p=1011.29",46279,93.90,True
2600,"t=22.14,h=36.36,p=1011.27",46277,356.20,True
2601,"t=22.14,h=36.36,p=1011.27",46287,145.10,True
2602,"t=22.14,h=36.36,p=1011.30",46283,119.00,True
2603,"t=22.14,h=36.36,p=1011.30",46275,93.60,True
2604,"t=22.14,h=36.35,p=1011.28",46274,353.00,True
2605,"t=22.14,h=36.35,p=1011.28",46277,230.30,True
2606,"t=22.15,h=36.35,p=1011.29",46276,337.80,True
2607,"t=22.15,h=36.35,p=1011.29",46278,298.30,True
2608,"t=22.14,h=36.38,p=1011.32",46280,350.00,True
2609,"t=22.14,h=36.38,p=1011.32",46282,212.10,True
2610,"t=22.14,h=36.35,p=1011.28",46274,304.90,True
2611,"t=22.14,h=36.35,p=1011.28",46277,148.40,True
2612,"t=22.15,h=36.35,p=1011.30",46282,97.10,True
2613,"t=22.15,h=36.35,p=1011.30",46277,349.30,True
2614,"t=22.14,h=36.36,p=1011.30",46283,259.70,True
2615,"t=22.14,h=36.36,p=1011.30",46285,214.10,True
2616,"t=22.14,h=36.38,p=1011.30",46277,219.10,True
2617,"t=22.14,h=36.38,p=1011.30",46281,243.10,True
2618,"t=22.14,h=36.38,p=1011.30",46286,267.80,True
2619,"t=22.14,h=36.38,p=1011.30",46287,193.10,True
2620,"t=22.13,h=36.35,p=1011.26",46291,348.90,True
2621,"t=22.13,h=36.35,p=1011.26",46293,118.00,True
2622,"t=22.13,h=36.36,p=1011.26",46294,356.50,True
2623,"t=22.13,h=36.36,p=1011.26",46280,176.00,True
2624,"t=22.13,h=36.34,p=1011.24",46279,93.50,True
2625,"t=22.13,h=36.34,p=1011.24",46273,91.30,True
2626,"t=22.14,h=36.36,p=1011.27",46308,346.10,True
2627,"t=22.14,h=36.36,p=1011.27",46283,363.70,True
2628,"t=22.12,h=36.35,p=1011.23",46282,274.00,True
2629,"t=22.12,h=36.35,p=1011.23",46276,95.30,True
2630,"t=22.14,h=36.36,p=1011.30",46281,267.50,True
2631,"t=22.14,h=36.36,p=1011.30",46284,212.10,True
2632,"t=22.14,h=36.38,p=1011.29",46299,144.30,True
2633,"t=22.14,h=36.38,p=1011.29",46307,325.80,True
2634,"t=22.14,h=36.36,p=1011.31",46291,96.20,True
2635,"t=22.14,h=36.36,p=1011.31",46285,341.80,True
2636,"t=22.14,h=36.35,p=1011.32",46284,349.70,True
2637,"t=22.14,h=36.35,p=1011.32",46286,151.30,True
2638,"t=22.14,h=36.35,p=1011.31",46282,322.40,True
2639,"t=22.14,h=36.35,p=1011.31",46288,215.60,True
2640,"t=22.14,h=36.35,p=1011.28",46282,286.80,True
2641,"t=22.14,h=36.35,p=1011.28",46279,245.20,True
2642,"t=22.14,h=36.36,p=1011.27",46287,239.50,True
2643,"t=22.14,h=36.36,p=1011.27",46283,277.00,True
2644,"t=22.14,h=36.35,p=1011.28",46285,120.20,True
2645,"t=22.14,h=36.35,p=1011.28",46279,95.00,True
2646,"t=22.14,h=36.35,p=1011.26",46275,212.00,True
2647,"t=22.14,h=36.35,p=1011.26",46276,121.20,True
2648,"t=22.15,h=36.35,p=1011.30",46282,178.10,True
2649,"t=22.15,h=36.35,p=1011.30",46282,330.70,True
2650,"t=22.15,h=36.35,p=1011.30",46285,336.80,True
2651,"t=22.14,h=36.38,p=1011.28",46302,301.00,True
2652,"t=22.14,h=36.38,p=1011.28",46297,95.20,True
2653,"t=22.14,h=36.34,p=1011.27",46283,344.00,True
2654,"t=22.14,h=36.34,p=1011.27",46296,350.30,True
2655,"t=22.14,h=36.35,p=1011.27",46286,217.30,True
2656,"t=22.14,h=36.35,p=1011.27",46282,355.50,True
2657,"t=22.13,h=36.35,p=1011.28",46283,370.90,True
2658,"t=22.13,h=36.35,p=1011.28",46288,96.40,True
2659,"t=22.14,h=36.39,p=1011.27",46275,95.00,True
2660,"t=22.14,h=36.39,p=1011.27",46281,349.10,True
2661,"t=22.14,h=36.36,p=1011.31",46290,242.10,True
2662,"t=22.14,h=36.36,p=1011.31",46291,266.50,True
2663,"t=22.12,h=36.39,p=1011.25",46288,213.80,True
2664,"t=22.12,h=36.39,p=1011.25",46290,177.80,True
2665,"t=22.14,h=36.36,p=1011.26",46275,339.80,True
2666,"t=22.14,h=36.36,p=1011.26",46285,218.60,True
2667,"t=22.14,h=36.36,p=1011.27",46275,344.70,True
2668,"t=22.14,h=36.36,p=1011.27",46283,292.80,True
2669,"t=22.15,h=36.35,p=1011.26",46283,212.90,True
2670,"t=22.15,h=36.35,p=1011.26",46275,210.60,True
2671,"t=22.14,h=36.38,p=1011.28",46294,337.90,True
2672,"t=22.14,h=36.38,p=1011.28",46302,266.90,True
2673,"t=22.14,h=36.36,p=1011.26",46287,244.70,True
2674,"t=22.14,h=36.36,p=1011.26",46293,375.60,True
2675,"t=22.15,h=36.40,p=1011.28",46283,94.40,True
2676,"t=22.15,h=36.40,p=1011.28",46274,94.80,True
2677,"t=22.14,h=36.38,p=1011.26",46277,151.80,True
2678,"t=22.14,h=36.38,p=1011.26",46284,92.70,True
2679,"t=22.14,h=36.36,p=1011.28",46283,325.30,True
2680,"t=22.14,h=36.36,p=1011.28",46286,97.40,True
2681,"t=22.15,h=36.35,p=1011.29",46274,191.80,True
2682,"t=22.15,h=36.35,p=1011.29",46286,287.60,True
2683,"t=22.14,h=36.38,p=1011.29",46290,97.00,True
2684,"t=22.14,h=36.38,p=1011.29",46295,95.00,True
2685,"t=22.14,h=36.36,p=1011.27",46273,94.30,True
2686,"t=22.14,h=36.36,p=1011.27",46279,352.20,True
2687,"t=22.14,h=36.36,p=1011.28",46286,221.70,True
2688,"t=22.14,h=36.36,p=1011.28",46287,277.70,True
2689,"t=22.14,h=36.36,p=1011.26",46284,309.90,True
2690,"t=22.14,h=36.36,p=1011.26",46282,95.30,True
2691,"t=22.14,h=36.36,p=1011.26",46274,95.00,True
2692,"t=22.14,h=36.36,p=1011.26",46280,355.10,True
2693,"t=22.14,h=36.36,p=1011.31",46286,199.50,True
2694,"t=22.14,h=36.36,p=1011.31",46308,281.30,True
2695,"t=22.13,h=36.36,p=1011.28",46289,215.20,True
2696,"t=22.13,h=36.36,p=1011.28",46276,121.60,True
2697,"t=22.14,h=36.36,p=1011.26",46281,143.30,True
2698,"t=22.14,h=36.36,p=1011.26",46284,354.20,True
2699,"t=22.12,h=36.36,p=1011.24",46294,354.30,True
2700,"t=22.12,h=36.36,p=1011.24",46291,354.50,True
2701,"t=22.12,h=36.36,p=1011.24",46293,313.70,True
2702,"t=22.13,h=36.36,p=1011.27",46292,261.60,True
2703,"t=22.13,h=36.36,p=1011.27",46285,215.10,True
2704,"t=22.14,h=36.36,p=1011.28",46282,215.20,True
2705,"t=22.14,h=36.36,p=1011.28",46278,244.70,True
2706,"t=22.15,h=36.36,p=1011.25",46295,215.60,True
2707,"t=22.15,h=36.36,p=1011.25",46283,342.70,True
2708,"t=22.13,h=36.36,p=1011.24",46292,162.70,True
2709,"t=22.13,h=36.36,p=1011.24",46283,96.10,True
2710,"t=22.15,h=36.39,p=1011.25",46278,97.10,True
2711,"t=22.15,h=36.39,p=1011.25",46274,94.50,True
2712,"t=22.14,h=36.38,p=1011.28",46280,339.60,True
2713,"t=22.14,h=36.38,p=1011.28",46283,95.00,True
2714,"t=22.14,h=36.35,p=1011.24",46285,321.30,True
2715,"t=22.14,h=36.35,p=1011.24",46285,93.40,True
2716,"t=22.14,h=36.36,p=1011.27",46277,363.80,True
2717,"t=22.14,h=36.36,p=1011.27",46290,96.60,True
2718,"t=22.14,h=36.35,p=1011.27",46286,351.20,True
2719,"t=22.14,h=36.35,p=1011.27",46288,135.90,True
2720,"t=22.14,h=36.38,p=1011.28",46295,99.30,True
2721,"t=22.14,h=36.38,p=1011.28",46301,154.10,True
2722,"t=22.14,h=36.38,p=1011.26",46299,338.60,True
2723,"t=22.14,h=36.38,p=1011.26",46300,344.20,True
2724,"t=22.14,h=36.40,p=1011.26",46295,97.80,True
2725,"t=22.14,h=36.40,p=1011.26",46279,94.90,True
2726,"t=22.14,h=36.34,p=1011.28",46309,386.40,True
2727,"t=22.14,h=36.34,p=1011.28",46290,158.70,True
2728,"t=22.12,h=36.40,p=1011.26",46287,311.00,True
2729,"t=22.12,h=36.40,p=1011.26",46290,95.00,True
2730,"t=22.14,h=36.36,p=1011.27",46276,95.30,True
2731,"t=22.14,h=36.36,p=1011.27",46275,353.50,True
2732,"t=22.14,h=36.39,p=1011.27",46283,264.20,True
2733,"t=22.14,h=36.39,p=1011.27",46276,141.00,True
2734,"t=22.14,h=36.39,p=1011.27",46282,345.40,True
2735,"t=22.14,h=36.39,p=1011.27",46288,300.30,True
2736,"t=22.13,h=36.38,p=1011.27",46295,213.70,True
2737,"t=22.13,h=36.38,p=1011.27",46305,395.20,True
2738,"t=22.13,h=36.39,p=1011.26",46286,145.40,True
2739,"t=22.13,h=36.39,p=1011.26",46285,95.20,True
2740,"t=22.13,h=36.38,p=1011.24",46294,327.30,True
2741,"t=22.13,h=36.38,p=1011.24",46311,253.60,True
2742,"t=22.13,h=36.38,p=1011.28",46298,142.50,True
2743,"t=22.13,h=36.38,p=1011.28",46298,95.30,True
2744,"t=22.14,h=36.38,p=1011.29",46280,94.80,True
2745,"t=22.14,h=36.38,p=1011.29",46269,95.40,True
2746,"t=22.15,h=36.38,p=1011.29",46288,347.90,True
2747,"t=22.15,h=36.38,p=1011.29",46292,161.50,True
2748,"t=22.14,h=36.38,p=1011.30",46283,352.40,True
2749,"t=22.14,h=36.38,p=1011.30",46284,285.20,True
2750,"t=22.14,h=36.38,p=1011.26",46283,255.00,True
2751,"t=22.14,h=36.38,p=1011.26",46282,206.00,True
2752,"t=22.15,h=36.38,p=1011.29",46285,211.70,True
2753,"t=22.15,h=36.38,p=1011.29",46286,254.80,True
2754,"t=22.15,h=36.38,p=1011.29",46293,270.40,True
2755,"t=22.14,h=36.39,p=1011.27",46286,117.60,True
2756,"t=22.14,h=36.39,p=1011.27",46285,341.20,True
2757,"t=22.14,h=36.35,p=1011.30",46290,271.80,True
2758,"t=22.14,h=36.35,p=1011.30",46291,141.00,True
2759,"t=22.14,h=36.34,p=1011.29",46286,364.90,True
2760,"t=22.14,h=36.34,p=1011.29",46289,360.70,True
2761,"t=22.14,h=36.38,p=1011.28",46282,147.60,True
2762,"t=22.14,h=36.38,p=1011.28",46284,352.90,True
2763,"t=22.14,h=36.35,p=1011.27",46319,355.00,True
2764,"t=22.14,h=36.35,p=1011.27",46291,144.20,True
2765,"t=22.14,h=36.40,p=1011.30",46291,141.50,True
2766,"t=22.14,h=36.40,p=1011.30",46285,365.70,True
2767,"t=22.15,h=36.38,p=1011.30",46288,213.20,True
2768,"t=22.15,h=36.38,p=1011.30",46278,352.20,True
2769,"t=22.14,h=36.38,p=1011.26",46285,140.10,True
2770,"t=22.14,h=36.38,p=1011.26",46288,93.30,True
2771,"t=22.14,h=36.35,p=1011.27",46277,95.80,True
2772,"t=22.14,h=36.35,p=1011.27",46313,259.60,True
2773,"t=22.15,h=36.38,p=1011.31",46285,212.60,True
2774,"t=22.15,h=36.38,p=1011.31",46280,141.50,True
2775,"t=22.13,h=36.38,p=1011.25",46301,97.10,True
2776,"t=22.13,h=36.38,p=1011.25",46299,352.80,True
2777,"t=22.14,h=36.38,p=1011.26",46300,285.00,True
2778,"t=22.14,h=36.38,p=1011.26",46298,343.30,True
2779,"t=22.13,h=36.39,p=1011.25",46288,123.60,True
2780,"t=22.13,h=36.39,p=1011.25",46290,95.40,True
2781,"t=22.14,h=36.38,p=1011.29",46269,96.10,True
2782,"t=22.14,h=36.38,p=1011.29",46270,93.40,True
2783,"t=22.14,h=36.38,p=1011.28",46285,242.10,True
2784,"t=22.14,h=36.38,p=1011.28",46284,239.10,True
2785,"t=22.14,h=36.38,p=1011.28",46285,264.00,True
2786,"t=22.14,h=36.38,p=1011.28",46287,93.70,True
2787,"t=22.14,h=36.35,p=1011.26",46281,95.80,True
2788,"t=22.14,h=36.35,p=1011.26",46270,94.20,True
2789,"t=22.14,h=36.38,p=1011.26",46276,141.30,True
2790,"t=22.14,h=36.38,p=1011.26",46285,93.10,True
2791,"t=22.15,h=36.36,p=1011.30",46283,144.80,True
2792,"t=22.15,h=36.36,p=1011.30",46290,356.20,True
2793,"t=22.14,h=36.36,p=1011.27",46282,298.90,True
2794,"t=22.14,h=36.36,p=1011.27",46276,250.40,True
2795,"t=22.14,h=36.35,p=1011.26",46271,217.80,True
2796,"t=22.14,h=36.35,p=1011.26",46272,141.70,True
2797,"t=22.14,h=36.35,p=1011.26",46282,261.00,True
2798,"t=22.14,h=36.35,p=1011.26",46286,95.20,True
2799,"t=22.14,h=36.35,p=1011.28",46270,97.20,True
2800,"t=22.14,h=36.35,p=1011.28",46309,183.70,True
2801,"t=22.15,h=36.35,p=1011.32",46291,117.40,True
2802,"t=22.15,h=36.35,p=1011.32",46288,344.40,True
2803,"t=22.14,h=36.35,p=1011.27",46288,146.60,True
2804,"t=22.14,h=36.35,p=1011.27",46292,96.50,True
2805,"t=22.14,h=36.35,p=1011.27",46280,466.70,True
2806,"t=22.14,h=36.35,p=1011.27",46290,330.90,True
2807,"t=22.14,h=36.35,p=1011.27",46293,152.30,True
2808,"t=22.13,h=36.34,p=1011.26",46279,94.80,True
2809,"t=22.13,h=36.34,p=1011.26",46276,349.00,True
2810,"t=22.15,h=36.34,p=1011.27",46291,267.60,True
2811,"t=22.15,h=36.34,p=1011.27",46280,145.30,True
2812,"t=22.13,h=36.34,p=1011.25",46276,94.80,True
2813,"t=22.13,h=36.34,p=1011.25",46278,331.40,True
2814,"t=22.14,h=36.36,p=1011.26",46284,298.20,True
2815,"t=22.14,h=36.36,p=1011.26",46276,312.60,True
2816,"t=22.12,h=36.35,p=1011.24",46291,95.30,True
2817,"t=22.12,h=36.35,p=1011.24",46282,349.90,True
2818,"t=22.13,h=36.35,p=1011.26",46292,343.40,True
2819,"t=22.13,h=36.35,p=1011.26",46302,317.80,True
2820,"t=22.14,h=36.35,p=1011.28",46280,116.10,True
2821,"t=22.14,h=36.35,p=1011.28",46277,161.20,True
2822,"t=22.14,h=36.36,p=1011.28",46288,97.10,True
2823,"t=22.14,h=36.36,p=1011.28",46280,94.80,True
2824,"t=22.14,h=36.36,p=1011.30",46277,179.90,True
2825,"t=22.14,h=36.36,p=1011.30",46286,355.70,True
2826,"t=22.15,h=36.34,p=1011.31",46283,264.20,True
2827,"t=22.15,h=36.34,p=1011.31",46274,213.60,True
2828,"t=22.15,h=36.39,p=1011.30",46298,318.90,True
2829,"t=22.15,h=36.39,p=1011.30",46291,311.50,True
2830,"t=22.15,h=36.34,p=1011.33",46293,327.00,True
2831,"t=22.15,h=36.34,p=1011.33",46284,292.50,True
2832,"t=22.14,h=36.39,p=1011.27",46281,321.20,True
2833,"t=22.14,h=36.39,p=1011.27",46292,278.90,True
2834,"t=22.14,h=36.39,p=1011.27",46290,323.10,True
2835,"t=22.14,h=36.39,p=1011.27",46285,239.20,True
2836,"t=22.15,h=36.38,p=1011.29",46299,323.80,True
2837,"t=22.15,h=36.38,p=1011.29",46300,323.40,True
2838,"t=22.15,h=36.35,p=1011.29",46283,323.80,True
2839,"t=22.15,h=36.35,p=1011.29",46287,240.70,True
2840,"t=22.15,h=36.36,p=1011.28",46288,248.00,True
2841,"t=22.15,h=36.36,p=1011.28",46289,330.60,True
2842,"t=22.15,h=36.38,p=1011.29",46298,118.10,True
2843,"t=22.15,h=36.38,p=1011.29",46294,162.40,True
2844,"t=22.15,h=36.38,p=1011.30",46294,142.70,True
2845,"t=22.15,h=36.38,p=1011.30",46292,343.40,True
2846,"t=22.16,h=36.38,p=1011.33",46288,211.40,True
2847,"t=22.16,h=36.38,p=1011.33",46282,348.40,True
2848,"t=22.15,h=36.39,p=1011.30",46291,361.50,True
2849,"t=22.15,h=36.39,p=1011.30",46290,101.20,True
2850,"t=22.14,h=36.38,p=1011.30",46280,95.10,True
2851,"t=22.14,h=36.38,p=1011.30",46277,94.10,True
2852,"t=22.16,h=36.38,p=1011.30",46276,243.10,True
2853,"t=22.16,h=36.38,p=1011.30",46285,354.60,True
2854,"t=22.13,h=36.39,p=1011.29",46298,269.40,True
2855,"t=22.13,h=36.39,p=1011.29",46298,212.70,True
2856,"t=22.16,h=36.38,p=1011.31",46295,142.90,True
2857,"t=22.16,h=36.38,p=1011.31",46291,143.80,True
2858,"t=22.14,h=36.39,p=1011.27",46305,318.90,True
2859,"t=22.14,h=36.39,p=1011.27",46286,94.60,True
2860,"t=22.14,h=36.39,p=1011.27",46278,349.80,True
2861,"t=22.14,h=36.39,p=1011.29",46298,284.70,True
2862,"t=22.14,h=36.39,p=1011.29",46293,215.70,True
2863,"t=22.14,h=36.38,p=1011.28",46278,153.50,True
2864,"t=22.14,h=36.38,p=1011.28",46275,94.20,True
2865,"t=22.15,h=36.40,p=1011.30",46298,228.50,True
2866,"t=22.15,h=36.40,p=1011.30",46290,97.40,True
2867,"t=22.15,h=36.38,p=1011.32",46283,236.10,True
2868,"t=22.15,h=36.38,p=1011.32",46291,352.70,True
2869,"t=22.15,h=36.36,p=1011.32",46297,351.40,True
2870,"t=22.15,h=36.36,p=1011.32",46295,249.70,True
2871,"t=22.14,h=36.39,p=1011.32",46291,213.50,True
2872,"t=22.14,h=36.39,p=1011.32",46280,204.60,True
2873,"t=22.15,h=36.39,p=1011.32",46284,285.80,True
2874,"t=22.15,h=36.39,p=1011.32",46287,229.40,True
2875,"t=22.15,h=36.38,p=1011.30",46282,342.60,True
2876,"t=22.15,h=36.38,p=1011.30",46290,385.70,True
2877,"t=22.14,h=36.38,p=1011.31",46292,210.90,True
2878,"t=22.14,h=36.38,p=1011.31",46288,95.50,True
2879,"t=22.15,h=36.40,p=1011.31",46278,94.10,True
2880,"t=22.15,h=36.40,p=1011.31",46279,352.20,True
2881,"t=22.14,h=36.36,p=1011.30",46287,95.70,True
2882,"t=22.14,h=36.36,p=1011.30",46279,119.70,True
2883,"t=22.15,h=36.38,p=1011.30",46293,413.30,True
2884,"t=22.15,h=36.38,p=1011.30",46290,351.10,True
2885,"t=22.14,h=36.39,p=1011.32",46290,204.50,True
2886,"t=22.14,h=36.39,p=1011.32",46313,134.60,True
2887,"t=22.16,h=36.37,p=1011.32",46285,142.70,True
2888,"t=22.16,h=36.37,p=1011.32",46292,118.90,True
2889,"t=22.13,h=36.36,p=1011.30",46288,385.30,True
2890,"t=22.13,h=36.36,p=1011.30",46292,95.80,True
2891,"t=22.14,h=36.39,p=1011.31",46276,95.10,True
2892,"t=22.14,h=36.39,p=1011.31",46283,345.90,True
2893,"t=22.15,h=36.35,p=1011.31",46299,95.00,True
2894,"t=22.15,h=36.35,p=1011.31",46282,246.70,True
2895,"t=22.13,h=36.36,p=1011.29",46293,328.30,True
2896,"t=22.13,h=36.36,p=1011.29",46287,94.80,True
2897,"t=22.14,h=36.36,p=1011.29",46278,270.00,True
2898,"t=22.14,h=36.36,p=1011.29",46286,146.90,True
2899,"t=22.14,h=36.36,p=1011.30",46284,97.00,True
2900,"t=22.14,h=36.36,p=1011.30",46274,94.10,True
2901,"t=22.15,h=36.36,p=1011.30",46281,385.70,True
2902,"t=22.15,h=36.36,p=1011.30",46288,187.20,True
2903,"t=22.16,h=36.37,p=1011.32",46285,96.00,True
2904,"t=22.16,h=36.37,p=1011.32",46277,95.60,True
2905,"t=22.15,h=36.36,p=1011.30",46277,379.00,True
2906,"t=22.15,h=36.36,p=1011.30",46298,248.40,True
2907,"t=22.16,h=36.35,p=1011.30",46309,217.10,True
2908,"t=22.16,h=36.35,p=1011.30",46284,331.90,True
2909,"t=22.14,h=36.35,p=1011.29",46291,355.40,True
2910,"t=22.14,h=36.35,p=1011.29",46310,346.60,True
2911,"t=22.15,h=36.35,p=1011.30",46285,353.70,True
2912,"t=22.15,h=36.35,p=1011.30",46291,343.90,True
2913,"t=22.15,h=36.35,p=1011.30",46284,289.00,True
2914,"t=22.14,h=36.35,p=1011.28",46281,400.50,True
2915,"t=22.14,h=36.35,p=1011.28",46280,96.80,True
2916,"t=22.15,h=36.34,p=1011.32",46279,328.60,True
2917,"t=22.15,h=36.34,p=1011.32",46297,355.80,True
2918,"t=22.14,h=36.38,p=1011.31",46303,166.70,True
2919,"t=22.14,h=36.38,p=1011.31",46305,95.00,True
2920,"t=22.14,h=36.34,p=1011.28",46278,95.20,True
2921,"t=22.14,h=36.34,p=1011.28",46281,329.30,True
2922,"t=22.15,h=36.35,p=1011.30",46285,143.50,True
2923,"t=22.15,h=36.35,p=1011.30",46288,262.00,True
2924,"t=22.15,h=36.35,p=1011.31",46290,213.70,True
2925,"t=22.15,h=36.35,p=1011.31",46286,348.80,True
2926,"t=22.14,h=36.35,p=1011.30",46291,251.10,True
2927,"t=22.14,h=36.35,p=1011.30",46289,212.00,True
2928,"t=22.14,h=36.36,p=1011.29",46275,215.80,True
2929,"t=22.14,h=36.36,p=1011.29",46280,140.20,True
2930,"t=22.15,h=36.35,p=1011.31",46287,94.90,True
2931,"t=22.15,h=36.35,p=1011.31",46281,350.30,True
2932,"t=22.13,h=36.36,p=1011.28",46286,107.60,True
2933,"t=22.13,h=36.36,p=1011.28",46280,320.10,True
2934,"t=22.13,h=36.36,p=1011.28",46288,198.00,True
2935,"t=22.13,h=36.36,p=1011.28",46282,105.90,True
2936,"t=22.14,h=36.36,p=1011.32",46281,92.60,True
2937,"t=22.14,h=36.36,p=1011.32",46276,91.10,True
2938,"t=22.15,h=36.36,p=1011.32",46280,95.20,True
2939,"t=22.15,h=36.36,p=1011.32",46285,94.20,True
2940,"t=22.15,h=36.34,p=1011.32",46283,360.90,True
2941,"t=22.15,h=36.34,p=1011.32",46288,95.00,True
2942,"t=22.14,h=36.34,p=1011.34",46292,94.30,True
2943,"t=22.14,h=36.34,p=1011.34",46281,94.50,True
2944,"t=22.16,h=36.34,p=1011.32",46279,348.70,True
2945,"t=22.16,h=36.34,p=1011.32",46285,187.20,True
2946,"t=22.15,h=36.33,p=1011.32",46299,95.50,True
2947,"t=22.15,h=36.33,p=1011.32",46280,94.50,True
2948,"t=22.14,h=36.34,p=1011.28",46283,211.60,True
2949,"t=22.14,h=36.34,p=1011.28",46293,98.30,True
2950,"t=22.15,h=36.34,p=1011.31",46279,94.60,True
2951,"t=22.15,h=36.34,p=1011.31",46275,359.20,True
2952,"t=22.15,h=36.34,p=1011.34",46286,291.30,True
2953,"t=22.15,h=36.34,p=1011.34",46278,177.50,True
2954,"t=22.14,h=36.34,p=1011.32",46289,96.80,True
2955,"t=22.14,h=36.34,p=1011.32",46280,152.00,True
2956,"t=22.14,h=36.34,p=1011.30",46287,97.40,True
2957,"t=22.14,h=36.34,p=1011.30",46284,349.00,True
2958,"t=22.14,h=36.34,p=1011.32",46288,345.40,True
2959,"t=22.14,h=36.34,p=1011.32",46296,299.50,True
2960,"t=22.14,h=36.33,p=1011.31",46285,348.50,True
2961,"t=22.14,h=36.33,p=1011.31",46299,164.60,True
2962,"t=22.13,h=36.33,p=1011.27",46281,329.00,True
2963,"t=22.13,h=36.33,p=1011.27",46288,344.90,True
2964,"t=22.13,h=36.33,p=1011.27",46287,266.20,True
2965,"t=22.14,h=36.35,p=1011.30",46293,349.00,True
2966,"t=22.14,h=36.35,p=1011.30",46288,141.00,True
2967,"t=22.13,h=36.31,p=1011.28",46296,95.10,True
2968,"t=22.13,h=36.31,p=1011.28",46284,142.00,True
2969,"t=22.15,h=36.34,p=1011.33",46288,334.30,True
2970,"t=22.15,h=36.34,p=1011.33",46284,275.00,True
2971,"t=22.13,h=36.35,p=1011.31",46284,212.20,True
2972,"t=22.13,h=36.35,p=1011.31",46272,237.90,True
2973,"t=22.13,h=36.34,p=1011.27",46288,215.20,True
2974,"t=22.13,h=36.34,p=1011.27",46277,209.00,True
2975,"t=22.14,h=36.34,p=1011.27",46318,141.50,True
2976,"t=22.14,h=36.34,p=1011.27",46287,97.50,True
2977,"t=22.14,h=36.33,p=1011.29",46276,351.60,True
2978,"t=22.14,h=36.33,p=1011.29",46281,139.80,True
2979,"t=22.14,h=36.32,p=1011.28",46279,349.80,True
2980,"t=22.14,h=36.32,p=1011.28",46294,145.10,True
2981,"t=22.15,h=36.34,p=1011.28",46278,225.20,True
2982,"t=22.15,h=36.34,p=1011.28",46288,93.80,True
2983,"t=22.15,h=36.33,p=1011.30",46277,349.60,True
2984,"t=22.15,h=36.33,p=1011.30",46290,352.60,True
2985,"t=22.14,h=36.31,p=1011.29",46289,340.30,True
2986,"t=22.14,h=36.31,p=1011.29",46293,342.20,True
2987,"t=22.14,h=36.34,p=1011.29",46284,273.00,True
2988,"t=22.14,h=36.34,p=1011.29",46283,323.50,True
2989,"t=22.15,h=36.32,p=1011.31",46292,143.90,True
2990,"t=22.15,h=36.32,p=1011.31",46292,316.90,True
2991,"t=22.14,h=36.32,p=1011.31",46287,307.10,True
2992,"t=22.14,h=36.32,p=1011.31",46284,97.50,True
2993,"t=22.13,h=36.34,p=1011.29",46283,94.30,True
2994,"t=22.13,h=36.34,p=1011.29",46286,267.00,True
2995,"t=22.14,h=36.33,p=1011.29",46286,345.50,True
2996,"t=22.14,h=36.33,p=1011.29",46280,243.70,True
2997,"t=22.14,h=36.32,p=1011.29",46300,212.10,True
2998,"t=22.14,h=36.32,p=1011.29",46290,338.90,True
2999,"t=22.15,h=36.33,p=1011.32",46289,95.30,True
