Entry,Message,SignTime_uS,VerifyTime_uS,Valid
0,"t=22.07,h=36.52,p=1011.31",46283,418.70,True
1,"t=22.07,h=36.50,p=1011.32",46308,350.30,True
2,"t=22.07,h=36.50,p=1011.32",46290,215.50,True
3,"t=22.07,h=36.52,p=1011.31",46281,340.30,True
4,"t=22.07,h=36.52,p=1011.31",46283,180.90,True
5,"t=22.07,h=36.50,p=1011.29",46276,269.40,True
6,"t=22.07,h=36.50,p=1011.29",46286,336.60,True
7,"t=22.06,h=36.51,p=1011.28",46282,216.30,True
8,"t=22.06,h=36.51,p=1011.28",46301,327.10,True
9,"t=22.05,h=36.52,p=1011.26",46285,193.30,True
10,"t=22.05,h=36.52,p=1011.26",46282,315.20,True
11,"t=22.08,h=36.51,p=1011.28",46281,96.00,True
12,"t=22.08,h=36.51,p=1011.28",46278,120.40,True
13,"t=22.08,h=36.51,p=1011.30",46291,102.10,True
14,"t=22.08,h=36.51,p=1011.30",46308,152.30,True
15,"t=22.08,h=36.51,p=1011.26",46283,96.00,True
16,"t=22.08,h=36.51,p=1011.26",46276,159.70,True
17,"t=22.08,h=36.52,p=1011.30",46289,118.90,True
18,"t=22.08,h=36.52,p=1011.30",46285,95.80,True
19,"t=22.08,h=36.52,p=1011.26",46289,95.10,True
20,"t=22.08,h=36.52,p=1011.26",46288,346.60,True
21,"t=22.08,h=36.52,p=1011.27",46291,96.60,True
22,"t=22.08,h=36.52,p=1011.27",46280,279.00,True
23,"t=22.04,h=36.52,p=1011.21",46285,348.50,True
24,"t=22.04,h=36.52,p=1011.21",46284,146.60,True
25,"t=22.08,h=36.52,p=1011.27",46288,324.00,True
26,"t=22.08,h=36.52,p=1011.27",46286,259.20,True
27,"t=22.08,h=36.52,p=1011.27",46291,120.10,True
28,"t=22.08,h=36.52,p=1011.27",46289,222.60,True
29,"t=22.08,h=36.52,p=1011.27",46275,220.40,True
30,"t=22.08,h=36.52,p=1011.27",46278,213.20,True
31,"t=22.08,h=36.51,p=1011.30",46279,345.60,True
32,"t=22.08,h=36.51,p=1011.30",46287,299.10,True
33,"t=22.08,h=36.51,p=1011.30",46280,348.40,True
34,"t=22.09,h=36.53,p=1011.26",46288,117.80,True
35,"t=22.09,h=36.53,p=1011.26",46288,161.40,True
36,"t=22.09,h=36.53,p=1011.26",46274,125.70,True
37,"t=22.09,h=36.53,p=1011.26",46285,104.90,True
38,"t=22.09,h=36.53,p=1011.26",46276,159.00,True
39,"t=22.09,h=36.53,p=1011.26",46282,95.00,True
40,"t=22.08,h=36.53,p=1011.24",46280,325.80,True
41,"t=22.08,h=36.53,p=1011.24",46291,111.20,True
42,"t=22.09,h=36.52,p=1011.23",46309,133.90,True
43,"t=22.09,h=36.52,p=1011.23",46292,134.60,True
44,"t=22.09,h=36.53,p=1011.26",46289,117.30,True
45,"t=22.09,h=36.53,p=1011.26",46280,392.90,True
46,"t=22.09,h=36.51,p=1011.25",46292,334.30,True
47,"t=22.09,h=36.51,p=1011.25",46281,307.00,True
48,"t=22.09,h=36.55,p=1011.25",46283,285.70,True
49,"t=22.09,h=36.55,p=1011.25",46284,331.20,True
50,"t=22.09,h=36.53,p=1011.22",46280,235.00,True
51,"t=22.09,h=36.53,p=1011.22",46275,157.40,True
52,"t=22.09,h=36.53,p=1011.24",46284,134.50,True
53,"t=22.09,h=36.53,p=1011.24",46272,133.20,True
54,"t=22.08,h=36.52,p=1011.22",46274,255.70,True
55,"t=22.08,h=36.52,p=1011.22",46276,437.50,True
56,"t=22.10,h=36.51,p=1011.23",46281,445.90,True
57,"t=22.10,h=36.51,p=1011.23",46282,361.70,True
58,"t=22.06,h=36.51,p=1011.19",46290,97.50,True
59,"t=22.06,h=36.51,p=1011.19",46283,384.40,True
60,"t=22.09,h=36.51,p=1011.24",46290,144.80,True
61,"t=22.09,h=36.51,p=1011.24",46283,97.20,True
62,"t=22.08,h=36.50,p=1011.18",46276,95.90,True
63,"t=22.08,h=36.50,p=1011.18",46276,94.30,True
64,"t=22.09,h=36.54,p=1011.26",46290,144.40,True
65,"t=22.09,h=36.54,p=1011.26",46287,101.30,True
66,"t=22.10,h=36.51,p=1011.26",46281,142.40,True
67,"t=22.10,h=36.51,p=1011.26",46285,97.60,True
68,"t=22.08,h=36.52,p=1011.22",46284,354.10,True
69,"t=22.08,h=36.52,p=1011.22",46283,324.90,True
70,"t=22.10,h=36.51,p=1011.25",46310,351.00,True
71,"t=22.10,h=36.51,p=1011.25",46285,287.00,True
72,"t=22.10,h=36.51,p=1011.24",46275,144.50,True
73,"t=22.10,h=36.51,p=1011.24",46279,96.10,True
74,"t=22.10,h=36.51,p=1011.24",46274,263.80,True
75,"t=22.10,h=36.51,p=1011.24",46280,351.60,True
76,"t=22.10,h=36.51,p=1011.25",46284,125.40,True
77,"t=22.10,h=36.51,p=1011.25",46280,94.30,True
78,"t=22.10,h=36.51,p=1011.26",46275,95.20,True
79,"t=22.10,h=36.51,p=1011.26",46308,353.00,True
80,"t=22.10,h=36.51,p=1011.27",46287,270.00,True
81,"t=22.10,h=36.51,p=1011.27",46292,209.70,True
82,"t=22.10,h=36.50,p=1011.24",46270,200.40,True
83,"t=22.10,h=36.50,p=1011.24",46277,365.00,True
84,"t=22.10,h=36.50,p=1011.24",46278,147.60,True
85,"t=22.10,h=36.50,p=1011.24",46278,382.40,True
86,"t=22.10,h=36.50,p=1011.24",46280,195.40,True
87,"t=22.10,h=36.50,p=1011.26",46283,244.30,True
88,"t=22.10,h=36.50,p=1011.26",46283,246.40,True
89,"t=22.10,h=36.48,p=1011.24",46283,215.10,True
90,"t=22.10,h=36.48,p=1011.24",46282,332.20,True
91,"t=22.10,h=36.50,p=1011.25",46287,274.20,True
92,"t=22.10,h=36.50,p=1011.25",46284,212.00,True
93,"t=22.10,h=36.50,p=1011.21",46278,212.50,True
94,"t=22.10,h=36.50,p=1011.21",46280,141.40,True
95,"t=22.10,h=36.50,p=1011.23",46283,288.30,True
96,"t=22.10,h=36.50,p=1011.23",46279,211.00,True
97,"t=22.08,h=36.52,p=1011.19",46273,212.30,True
98,"t=22.08,h=36.52,p=1011.19",46277,344.40,True
99,"t=22.10,h=36.48,p=1011.25",46282,345.10,True
100,"t=22.10,h=36.48,p=1011.25",46283,228.30,True
101,"t=22.09,h=36.53,p=1011.24",46271,94.60,True
102,"t=22.09,h=36.53,p=1011.24",46278,361.50,True
103,"t=22.10,h=36.50,p=1011.26",46280,96.30,True
104,"t=22.10,h=36.50,p=1011.26",46284,93.50,True
105,"t=22.08,h=36.49,p=1011.22",46277,157.60,True
106,"t=22.08,h=36.49,p=1011.22",46288,349.90,True
107,"t=22.09,h=36.46,p=1011.21",46285,141.00,True
108,"t=22.09,h=36.46,p=1011.21",46280,95.10,True
109,"t=22.11,h=36.50,p=1011.24",46279,301.70,True
110,"t=22.11,h=36.50,p=1011.24",46283,214.00,True
111,"t=22.10,h=36.51,p=1011.21",46280,350.20,True
112,"t=22.10,h=36.51,p=1011.21",46281,184.70,True
113,"t=22.10,h=36.48,p=1011.26",46282,141.60,True
114,"t=22.10,h=36.48,p=1011.26",46282,96.10,True
115,"t=22.11,h=36.49,p=1011.24",46277,147.10,True
116,"t=22.11,h=36.49,p=1011.24",46285,97.00,True
117,"t=22.11,h=36.48,p=1011.22",46274,95.70,True
118,"t=22.11,h=36.48,p=1011.22",46299,273.30,True
119,"t=22.11,h=36.49,p=1011.25",46286,309.80,True
120,"t=22.11,h=36.49,p=1011.25",46291,139.60,True
121,"t=22.10,h=36.48,p=1011.22",46287,235.30,True
122,"t=22.10,h=36.48,p=1011.22",46284,381.50,True
123,"t=22.11,h=36.48,p=1011.25",46284,265.30,True
124,"t=22.11,h=36.48,p=1011.25",46286,198.90,True
125,"t=22.11,h=36.47,p=1011.21",46286,96.40,True
126,"t=22.11,h=36.47,p=1011.21",46276,262.50,True
127,"t=22.11,h=36.47,p=1011.22",46288,257.60,True
128,"t=22.11,h=36.47,p=1011.22",46281,213.10,True
129,"t=22.11,h=36.47,p=1011.22",46274,209.70,True
130,"t=22.11,h=36.47,p=1011.22",46275,326.10,True
131,"t=22.11,h=36.47,p=1011.24",46286,286.30,True
132,"t=22.11,h=36.47,p=1011.24",46282,97.40,True
133,"t=22.11,h=36.47,p=1011.25",46276,95.90,True
134,"t=22.11,h=36.47,p=1011.25",46272,96.60,True
135,"t=22.11,h=36.47,p=1011.25",46294,199.10,True
136,"t=22.11,h=36.45,p=1011.23",46286,325.20,True
137,"t=22.11,h=36.45,p=1011.23",46283,175.60,True
138,"t=22.10,h=36.48,p=1011.23",46284,96.90,True
139,"t=22.10,h=36.48,p=1011.23",46285,298.80,True
140,"t=22.09,h=36.49,p=1011.19",46286,357.70,True
141,"t=22.09,h=36.49,p=1011.19",46287,326.50,True
142,"t=22.09,h=36.45,p=1011.19",46284,248.60,True
143,"t=22.09,h=36.45,p=1011.19",46282,241.60,True
144,"t=22.10,h=36.44,p=1011.19",46285,350.90,True
145,"t=22.10,h=36.44,p=1011.19",46281,345.30,True
146,"t=22.11,h=36.45,p=1011.23",46285,274.40,True
147,"t=22.11,h=36.45,p=1011.23",46285,223.40,True
148,"t=22.11,h=36.45,p=1011.20",46270,192.80,True
149,"t=22.11,h=36.45,p=1011.20",46268,93.00,True
150,"t=22.11,h=36.48,p=1011.22",46274,143.90,True
151,"t=22.11,h=36.48,p=1011.22",46281,96.20,True
152,"t=22.11,h=36.44,p=1011.22",46283,314.20,True
153,"t=22.11,h=36.44,p=1011.22",46287,320.80,True
154,"t=22.11,h=36.45,p=1011.21",46285,264.40,True
155,"t=22.11,h=36.45,p=1011.21",46280,211.60,True
156,"t=22.11,h=36.45,p=1011.23",46285,326.50,True
157,"t=22.11,h=36.45,p=1011.23",46290,299.90,True
158,"t=22.11,h=36.47,p=1011.22",46282,215.70,True
159,"t=22.11,h=36.47,p=1011.22",46275,197.90,True
160,"t=22.11,h=36.48,p=1011.19",46278,383.80,True
161,"t=22.11,h=36.48,p=1011.19",46290,349.50,True
162,"t=22.11,h=36.47,p=1011.21",46287,95.50,True
163,"t=22.11,h=36.47,p=1011.21",46278,94.30,True
164,"t=22.11,h=36.45,p=1011.20",46268,94.40,True
165,"t=22.11,h=36.45,p=1011.20",46274,344.60,True
166,"t=22.11,h=36.45,p=1011.22",46280,102.10,True
167,"t=22.11,h=36.45,p=1011.22",46278,118.70,True
168,"t=22.11,h=36.45,p=1011.20",46278,335.20,True
169,"t=22.11,h=36.45,p=1011.20",46278,94.60,True
170,"t=22.11,h=36.45,p=1011.20",46269,92.10,True
171,"t=22.11,h=36.45,p=1011.20",46274,265.40,True
172,"t=22.11,h=36.46,p=1011.25",46287,263.60,True
173,"t=22.11,h=36.46,p=1011.25",46286,348.30,True
174,"t=22.12,h=36.46,p=1011.23",46285,350.70,True
175,"t=22.12,h=36.46,p=1011.23",46283,95.60,True
176,"t=22.10,h=36.46,p=1011.19",46283,350.50,True
177,"t=22.10,h=36.46,p=1011.19",46285,328.50,True
178,"t=22.10,h=36.45,p=1011.20",46282,99.10,True
179,"t=22.10,h=36.45,p=1011.20",46275,94.00,True
180,"t=22.11,h=36.45,p=1011.19",46286,130.20,True
181,"t=22.11,h=36.45,p=1011.19",46285,94.10,True
182,"t=22.11,h=36.45,p=1011.22",46273,213.00,True
183,"t=22.11,h=36.45,p=1011.22",46282,96.30,True
184,"t=22.10,h=36.45,p=1011.20",46276,368.20,True
185,"t=22.10,h=36.45,p=1011.20",46286,286.70,True
186,"t=22.10,h=36.45,p=1011.20",46289,141.10,True
187,"t=22.10,h=36.45,p=1011.17",46284,95.90,True
188,"t=22.10,h=36.45,p=1011.17",46292,331.80,True
189,"t=22.11,h=36.46,p=1011.23",46285,296.60,True
190,"t=22.11,h=36.46,p=1011.23",46280,367.20,True
191,"t=22.12,h=36.43,p=1011.25",46283,107.90,True
192,"t=22.12,h=36.43,p=1011.25",46280,94.50,True
193,"t=22.12,h=36.43,p=1011.25",46276,266.80,True
194,"t=22.12,h=36.43,p=1011.25",46288,213.60,True
195,"t=22.11,h=36.43,p=1011.25",46286,387.70,True
196,"t=22.11,h=36.43,p=1011.25",46292,96.30,True
197,"t=22.11,h=36.43,p=1011.25",46284,93.10,True
198,"t=22.11,h=36.43,p=1011.25",46284,93.30,True
199,"t=22.12,h=36.44,p=1011.25",46285,95.40,True
200,"t=22.12,h=36.44,p=1011.25",46285,263.20,True
201,"t=22.11,h=36.43,p=1011.24",46289,99.00,True
202,"t=22.11,h=36.43,p=1011.24",46283,96.00,True
203,"t=22.11,h=36.43,p=1011.24",46281,94.30,True
204,"t=22.11,h=36.43,p=1011.24",46287,269.10,True
205,"t=22.12,h=36.44,p=1011.24",46286,350.90,True
206,"t=22.12,h=36.44,p=1011.24",46288,134.80,True
207,"t=22.11,h=36.44,p=1011.23",46272,94.90,True
208,"t=22.11,h=36.44,p=1011.23",46279,348.30,True
209,"t=22.12,h=36.44,p=1011.26",46286,365.40,True
210,"t=22.12,h=36.44,p=1011.26",46286,97.40,True
211,"t=22.12,h=36.44,p=1011.23",46276,94.80,True
212,"t=22.12,h=36.44,p=1011.23",46277,336.30,True
213,"t=22.12,h=36.44,p=1011.25",46285,298.70,True
214,"t=22.12,h=36.44,p=1011.25",46281,192.20,True
215,"t=22.11,h=36.43,p=1011.23",46286,267.10,True
216,"t=22.11,h=36.43,p=1011.23",46283,215.90,True
217,"t=22.10,h=36.43,p=1011.22",46275,142.60,True
218,"t=22.10,h=36.43,p=1011.22",46273,92.80,True
219,"t=22.11,h=36.44,p=1011.20",46287,269.40,True
220,"t=22.11,h=36.44,p=1011.20",46295,349.80,True
221,"t=22.11,h=36.44,p=1011.24",46292,263.00,True
222,"t=22.11,h=36.44,p=1011.24",46290,109.40,True
223,"t=22.11,h=36.44,p=1011.23",46277,263.20,True
224,"t=22.11,h=36.44,p=1011.23",46280,347.10,True
225,"t=22.12,h=36.46,p=1011.25",46282,224.50,True
226,"t=22.12,h=36.46,p=1011.25",46275,95.60,True
227,"t=22.12,h=36.44,p=1011.27",46274,138.80,True
228,"t=22.12,h=36.44,p=1011.27",46282,93.80,True
229,"t=22.12,h=36.46,p=1011.26",46281,342.00,True
230,"t=22.12,h=36.46,p=1011.26",46291,352.10,True
231,"t=22.12,h=36.44,p=1011.25",46289,294.40,True
232,"t=22.12,h=36.44,p=1011.25",46294,96.90,True
233,"t=22.12,h=36.44,p=1011.26",46276,142.60,True
234,"t=22.12,h=36.44,p=1011.26",46285,277.90,True
235,"t=22.12,h=36.46,p=1011.26",46291,151.60,True
236,"t=22.12,h=36.46,p=1011.26",46294,352.60,True
237,"t=22.12,h=36.46,p=1011.26",46294,354.80,True
238,"t=22.12,h=36.44,p=1011.24",46284,209.70,True
239,"t=22.12,h=36.44,p=1011.24",46278,94.50,True
240,"t=22.12,h=36.46,p=1011.27",46285,157.20,True
241,"t=22.12,h=36.46,p=1011.27",46293,131.20,True
242,"t=22.12,h=36.44,p=1011.26",46292,94.90,True
243,"t=22.12,h=36.44,p=1011.26",46280,93.80,True
244,"t=22.12,h=36.44,p=1011.24",46277,350.30,True
245,"t=22.12,h=36.44,p=1011.24",46283,303.60,True
246,"t=22.12,h=36.44,p=1011.26",46278,95.90,True
247,"t=22.12,h=36.44,p=1011.26",46283,379.00,True
248,"t=22.12,h=36.46,p=1011.26",46290,358.00,True
249,"t=22.12,h=36.46,p=1011.26",46290,345.20,True
250,"t=22.12,h=36.46,p=1011.26",46297,350.20,True
251,"t=22.12,h=36.46,p=1011.26",46295,355.20,True
252,"t=22.12,h=36.44,p=1011.26",46287,102.50,True
253,"t=22.12,h=36.44,p=1011.26",46277,96.50,True
254,"t=22.12,h=36.44,p=1011.23",46280,93.70,True
255,"t=22.12,h=36.44,p=1011.23",46278,119.10,True
256,"t=22.12,h=36.44,p=1011.26",46289,362.10,True
257,"t=22.12,h=36.44,p=1011.26",46284,170.70,True
258,"t=22.10,h=36.45,p=1011.23",46277,95.30,True
259,"t=22.10,h=36.45,p=1011.23",46279,94.40,True
260,"t=22.12,h=36.46,p=1011.28",46287,400.50,True
261,"t=22.12,h=36.46,p=1011.28",46296,95.00,True
262,"t=22.12,h=36.46,p=1011.28",46278,186.70,True
263,"t=22.12,h=36.46,p=1011.28",46286,183.50,True
264,"t=22.11,h=36.48,p=1011.25",46283,95.50,True
265,"t=22.11,h=36.48,p=1011.25",46275,94.00,True
266,"t=22.12,h=36.44,p=1011.27",46276,325.30,True
267,"t=22.12,h=36.44,p=1011.27",46286,264.40,True
268,"t=22.12,h=36.47,p=1011.28",46284,345.90,True
269,"t=22.12,h=36.47,p=1011.28",46287,275.00,True
270,"t=22.12,h=36.46,p=1011.29",46279,145.00,True
271,"t=22.12,h=36.46,p=1011.29",46277,97.20,True
272,"t=22.12,h=36.46,p=1011.28",46280,177.20,True
273,"t=22.12,h=36.46,p=1011.28",46295,94.80,True
274,"t=22.12,h=36.46,p=1011.28",46281,93.50,True
275,"t=22.12,h=36.46,p=1011.28",46286,319.00,True
276,"t=22.12,h=36.44,p=1011.29",46289,93.70,True
277,"t=22.12,h=36.44,p=1011.29",46285,324.10,True
278,"t=22.13,h=36.46,p=1011.27",46284,293.00,True
279,"t=22.13,h=36.46,p=1011.27",46280,238.70,True
280,"t=22.12,h=36.46,p=1011.29",46279,205.40,True
281,"t=22.12,h=36.46,p=1011.29",46276,96.70,True
282,"t=22.12,h=36.46,p=1011.28",46276,94.80,True
283,"t=22.12,h=36.46,p=1011.28",46281,140.80,True
284,"t=22.12,h=36.47,p=1011.30",46283,116.00,True
285,"t=22.12,h=36.47,p=1011.30",46277,268.10,True
286,"t=22.12,h=36.47,p=1011.31",46289,336.80,True
287,"t=22.12,h=36.47,p=1011.31",46283,254.80,True
288,"t=22.12,h=36.47,p=1011.31",46278,143.80,True
289,"t=22.12,h=36.48,p=1011.31",46277,138.20,True
290,"t=22.12,h=36.48,p=1011.31",46285,341.90,True
291,"t=22.12,h=36.46,p=1011.29",46277,296.30,True
292,"t=22.12,h=36.46,p=1011.29",46270,257.20,True
293,"t=22.12,h=36.46,p=1011.30",46282,133.70,True
294,"t=22.12,h=36.46,p=1011.30",46280,140.00,True
295,"t=22.11,h=36.45,p=1011.29",46288,101.90,True
296,"t=22.11,h=36.45,p=1011.29",46285,348.70,True
297,"t=22.11,h=36.45,p=1011.26",46289,238.60,True
298,"t=22.11,h=36.45,p=1011.26",46288,231.40,True
299,"t=22.11,h=36.45,p=1011.30",46277,212.90,True
300,"t=22.11,h=36.45,p=1011.30",46282,316.10,True
301,"t=22.12,h=36.44,p=1011.31",46280,96.10,True
302,"t=22.12,h=36.44,p=1011.31",46274,328.80,True
303,"t=22.12,h=36.46,p=1011.30",46286,239.90,True
304,"t=22.12,h=36.46,p=1011.30",46310,291.70,True
305,"t=22.12,h=36.44,p=1011.33",46299,96.90,True
306,"t=22.12,h=36.44,p=1011.33",46283,95.00,True
307,"t=22.12,h=36.47,p=1011.32",46282,95.60,True
308,"t=22.12,h=36.47,p=1011.32",46274,330.50,True
309,"t=22.13,h=36.46,p=1011.30",46287,96.90,True
310,"t=22.13,h=36.46,p=1011.30",46271,388.20,True
311,"t=22.12,h=36.47,p=1011.32",46291,141.30,True
312,"t=22.12,h=36.47,p=1011.32",46275,94.60,True
313,"t=22.12,h=36.46,p=1011.33",46283,354.80,True
314,"t=22.12,h=36.46,p=1011.33",46284,148.70,True
315,"t=22.13,h=36.44,p=1011.31",46279,351.40,True
316,"t=22.13,h=36.44,p=1011.31",46282,296.70,True
317,"t=22.12,h=36.46,p=1011.34",46315,346.00,True
318,"t=22.12,h=36.46,p=1011.34",46286,141.20,True
319,"t=22.12,h=36.44,p=1011.32",46294,268.40,True
320,"t=22.12,h=36.44,p=1011.32",46298,350.80,True
321,"t=22.12,h=36.44,p=1011.33",46294,164.00,True
322,"t=22.12,h=36.44,p=1011.33",46295,376.00,True
323,"t=22.13,h=36.47,p=1011.31",46287,306.80,True
324,"t=22.13,h=36.47,p=1011.31",46288,141.80,True
325,"t=22.12,h=36.46,p=1011.34",46287,96.80,True
326,"t=22.12,h=36.46,p=1011.34",46276,118.20,True
327,"t=22.13,h=36.46,p=1011.36",46292,351.80,True
328,"t=22.13,h=36.46,p=1011.36",46295,141.00,True
329,"t=22.12,h=36.47,p=1011.37",46280,358.90,True
330,"t=22.12,h=36.47,p=1011.37",46284,252.60,True
331,"t=22.10,h=36.45,p=1011.30",46287,323.00,True
332,"t=22.10,h=36.45,p=1011.30",46284,327.10,True
333,"t=22.12,h=36.46,p=1011.34",46285,218.50,True
334,"t=22.12,h=36.46,p=1011.34",46278,213.60,True
335,"t=22.13,h=36.46,p=1011.39",46272,239.90,True
336,"t=22.13,h=36.46,p=1011.39",46286,229.60,True
337,"t=22.11,h=36.45,p=1011.35",46276,177.70,True
338,"t=22.11,h=36.45,p=1011.35",46288,95.40,True
339,"t=22.11,h=36.45,p=1011.35",46279,96.80,True
340,"t=22.11,h=36.47,p=1011.33",46280,347.50,True
341,"t=22.11,h=36.47,p=1011.33",46288,192.20,True
342,"t=22.13,h=36.46,p=1011.35",46274,94.40,True
343,"t=22.13,h=36.46,p=1011.35",46271,328.10,True
344,"t=22.13,h=36.46,p=1011.38",46293,98.10,True
345,"t=22.13,h=36.46,p=1011.38",46276,95.50,True
346,"t=22.13,h=36.47,p=1011.40",46282,346.70,True
347,"t=22.13,h=36.47,p=1011.40",46289,213.60,True
348,"t=22.13,h=36.44,p=1011.39",46282,373.60,True
349,"t=22.13,h=36.44,p=1011.39",46284,99.80,True
350,"t=22.13,h=36.46,p=1011.41",46279,359.30,True
351,"t=22.13,h=36.46,p=1011.41",46279,348.40,True
352,"t=22.13,h=36.47,p=1011.40",46294,218.90,True
353,"t=22.13,h=36.47,p=1011.40",46287,96.10,True
354,"t=22.13,h=36.46,p=1011.40",46275,198.00,True
355,"t=22.13,h=36.46,p=1011.40",46282,96.40,True
356,"t=22.13,h=36.47,p=1011.39",46275,269.40,True
357,"t=22.13,h=36.47,p=1011.39",46288,212.40,True
358,"t=22.13,h=36.45,p=1011.39",46279,147.60,True
359,"t=22.13,h=36.45,p=1011.39",46292,308.60,True
360,"t=22.13,h=36.45,p=1011.40",46278,221.00,True
361,"t=22.13,h=36.45,p=1011.40",46274,265.00,True
362,"t=22.13,h=36.46,p=1011.37",46280,204.30,True
363,"t=22.13,h=36.46,p=1011.37",46276,369.00,True
364,"t=22.13,h=36.44,p=1011.38",46287,329.00,True
365,"t=22.13,h=36.44,p=1011.38",46286,138.00,True
366,"t=22.13,h=36.46,p=1011.40",46271,95.00,True
367,"t=22.13,h=36.46,p=1011.40",46280,141.70,True
368,"t=22.13,h=36.47,p=1011.38",46279,94.80,True
369,"t=22.13,h=36.47,p=1011.38",46285,270.30,True
370,"t=22.11,h=36.47,p=1011.35",46281,97.60,True
371,"t=22.11,h=36.47,p=1011.35",46272,386.90,True
372,"t=22.13,h=36.46,p=1011.38",46284,217.30,True
373,"t=22.13,h=36.46,p=1011.38",46275,212.50,True
374,"t=22.13,h=36.46,p=1011.39",46275,265.10,True
375,"t=22.13,h=36.46,p=1011.39",46282,183.70,True
376,"t=22.11,h=36.46,p=1011.38",46288,96.20,True
377,"t=22.11,h=36.46,p=1011.38",46274,93.00,True
378,"t=22.13,h=36.46,p=1011.38",46277,273.20,True
379,"t=22.13,h=36.46,p=1011.38",46287,147.10,True
380,"t=22.13,h=36.46,p=1011.38",46288,98.20,True
381,"t=22.13,h=36.46,p=1011.38",46276,96.80,True
382,"t=22.13,h=36.44,p=1011.36",46277,242.60,True
383,"t=22.13,h=36.44,p=1011.36",46282,386.20,True
384,"t=22.13,h=36.44,p=1011.38",46285,111.10,True
385,"t=22.13,h=36.44,p=1011.38",46274,92.70,True
386,"t=22.13,h=36.44,p=1011.36",46275,94.70,True
387,"t=22.13,h=36.44,p=1011.36",46271,340.10,True
388,"t=22.13,h=36.45,p=1011.37",46287,120.60,True
389,"t=22.13,h=36.45,p=1011.37",46281,94.10,True
390,"t=22.13,h=36.45,p=1011.37",46273,92.80,True
391,"t=22.13,h=36.44,p=1011.38",46290,168.80,True
392,"t=22.13,h=36.44,p=1011.38",46288,360.80,True
393,"t=22.13,h=36.43,p=1011.38",46278,114.70,True
394,"t=22.13,h=36.43,p=1011.38",46268,94.70,True
395,"t=22.13,h=36.44,p=1011.33",46274,340.60,True
396,"t=22.13,h=36.44,p=1011.33",46281,94.30,True
397,"t=22.13,h=36.46,p=1011.35",46273,243.00,True
398,"t=22.13,h=36.46,p=1011.35",46280,96.00,True
399,"t=22.13,h=36.42,p=1011.35",46278,257.80,True
400,"t=22.13,h=36.42,p=1011.35",46279,211.30,True
401,"t=22.13,h=36.45,p=1011.36",46283,353.00,True
402,"t=22.13,h=36.45,p=1011.36",46289,244.90,True
403,"t=22.13,h=36.42,p=1011.38",46286,212.20,True
404,"t=22.13,h=36.42,p=1011.38",46273,346.70,True
405,"t=22.13,h=36.44,p=1011.36",46280,261.40,True
406,"t=22.13,h=36.44,p=1011.36",46276,150.40,True
407,"t=22.13,h=36.43,p=1011.36",46285,348.00,True
408,"t=22.13,h=36.43,p=1011.36",46285,141.00,True
409,"t=22.12,h=36.41,p=1011.35",46287,349.00,True
410,"t=22.12,h=36.41,p=1011.35",46290,292.70,True
411,"t=22.13,h=36.43,p=1011.33",46276,325.90,True
412,"t=22.13,h=36.43,p=1011.33",46289,142.70,True
413,"t=22.12,h=36.43,p=1011.34",46286,359.00,True
414,"t=22.12,h=36.43,p=1011.34",46289,358.60,True
415,"t=22.13,h=36.41,p=1011.40",46283,179.90,True
416,"t=22.13,h=36.41,p=1011.40",46275,95.20,True
417,"t=22.14,h=36.43,p=1011.37",46277,233.10,True
418,"t=22.14,h=36.43,p=1011.37",46289,97.20,True
419,"t=22.12,h=36.42,p=1011.35",46275,307.20,True
420,"t=22.12,h=36.42,p=1011.35",46281,95.70,True
421,"t=22.13,h=36.44,p=1011.38",46285,349.60,True
422,"t=22.13,h=36.44,p=1011.38",46287,383.80,True
423,"t=22.13,h=36.46,p=1011.34",46296,137.50,True
424,"t=22.13,h=36.46,p=1011.34",46279,94.50,True
425,"t=22.13,h=36.43,p=1011.39",46279,270.10,True
426,"t=22.13,h=36.43,p=1011.39",46286,136.60,True
427,"t=22.13,h=36.43,p=1011.36",46287,346.50,True
428,"t=22.13,h=36.43,p=1011.36",46287,198.60,True
429,"t=22.13,h=36.43,p=1011.37",46271,348.30,True
430,"t=22.13,h=36.43,p=1011.37",46285,200.00,True
431,"t=22.13,h=36.43,p=1011.33",46273,94.50,True
432,"t=22.13,h=36.43,p=1011.33",46276,166.00,True
433,"t=22.13,h=36.43,p=1011.35",46286,96.70,True
434,"t=22.13,h=36.43,p=1011.35",46284,324.40,True
435,"t=22.13,h=36.43,p=1011.34",46288,339.20,True
436,"t=22.13,h=36.43,p=1011.34",46297,333.30,True
437,"t=22.13,h=36.43,p=1011.36",46293,164.20,True
438,"t=22.13,h=36.43,p=1011.36",46278,305.40,True
439,"t=22.13,h=36.43,p=1011.33",46285,339.70,True
440,"t=22.13,h=36.43,p=1011.33",46288,197.50,True
441,"t=22.13,h=36.43,p=1011.33",46290,152.50,True
442,"t=22.13,h=36.44,p=1011.36",46288,144.10,True
443,"t=22.13,h=36.44,p=1011.36",46281,200.20,True
444,"t=22.12,h=36.42,p=1011.32",46284,97.40,True
445,"t=22.12,h=36.42,p=1011.32",46271,95.10,True
446,"t=22.13,h=36.43,p=1011.36",46277,95.10,True
447,"t=22.13,h=36.43,p=1011.36",46278,142.70,True
448,"t=22.14,h=36.43,p=1011.35",46283,121.40,True
449,"t=22.14,h=36.43,p=1011.35",46277,350.00,True
450,"t=22.12,h=36.44,p=1011.33",46298,212.20,True
451,"t=22.12,h=36.44,p=1011.33",46299,276.80,True
452,"t=22.12,h=36.43,p=1011.31",46292,348.80,True
453,"t=22.12,h=36.43,p=1011.31",46289,198.80,True
454,"t=22.12,h=36.42,p=1011.34",46283,347.70,True
455,"t=22.12,h=36.42,p=1011.34",46290,273.70,True
456,"t=22.13,h=36.46,p=1011.35",46280,398.70,True
457,"t=22.13,h=36.46,p=1011.35",46286,206.60,True
458,"t=22.14,h=36.42,p=1011.35",46273,92.80,True
459,"t=22.14,h=36.42,p=1011.35",46274,90.60,True
460,"t=22.13,h=36.42,p=1011.34",46277,155.60,True
461,"t=22.13,h=36.42,p=1011.34",46290,288.60,True
462,"t=22.14,h=36.42,p=1011.37",46283,212.80,True
463,"t=22.14,h=36.42,p=1011.37",46278,210.30,True
464,"t=22.13,h=36.45,p=1011.34",46274,369.80,True
465,"t=22.13,h=36.45,p=1011.34",46287,264.80,True
466,"t=22.13,h=36.43,p=1011.33",46277,352.50,True
467,"t=22.13,h=36.43,p=1011.33",46290,273.20,True
468,"t=22.13,h=36.43,p=1011.35",46291,204.70,True
469,"t=22.13,h=36.43,p=1011.35",46287,93.70,True
470,"t=22.14,h=36.45,p=1011.32",46279,338.10,True
471,"t=22.14,h=36.45,p=1011.32",46287,96.40,True
472,"t=22.13,h=36.42,p=1011.32",46273,93.30,True
473,"t=22.13,h=36.42,p=1011.32",46273,289.90,True
474,"t=22.14,h=36.42,p=1011.34",46304,242.20,True
475,"t=22.14,h=36.42,p=1011.34",46300,284.70,True
476,"t=22.14,h=36.43,p=1011.35",46292,353.80,True
477,"t=22.14,h=36.43,p=1011.35",46288,351.10,True
478,"t=22.14,h=36.43,p=1011.36",46280,98.40,True
479,"t=22.14,h=36.43,p=1011.36",46274,143.00,True
480,"t=22.13,h=36.43,p=1011.35",46285,95.80,True
481,"t=22.13,h=36.43,p=1011.35",46279,349.80,True
482,"t=22.14,h=36.43,p=1011.37",46283,247.40,True
483,"t=22.14,h=36.43,p=1011.37",46287,95.50,True
484,"t=22.12,h=36.44,p=1011.29",46282,340.40,True
485,"t=22.12,h=36.44,p=1011.29",46294,258.20,True
486,"t=22.13,h=36.43,p=1011.33",46284,213.70,True
487,"t=22.13,h=36.43,p=1011.33",46277,140.10,True
488,"t=22.14,h=36.43,p=1011.33",46276,117.80,True
489,"t=22.14,h=36.43,p=1011.33",46289,230.20,True
490,"t=22.12,h=36.43,p=1011.32",46277,265.10,True
491,"t=22.12,h=36.43,p=1011.32",46288,502.50,True
492,"t=22.12,h=36.43,p=1011.32",46287,254.10,True
493,"t=22.12,h=36.41,p=1011.33",46285,96.20,True
494,"t=22.12,h=36.41,p=1011.33",46281,347.80,True
495,"t=22.14,h=36.43,p=1011.33",46284,346.10,True
496,"t=22.14,h=36.43,p=1011.33",46289,387.40,True
497,"t=22.13,h=36.43,p=1011.37",46279,156.70,True
498,"t=22.13,h=36.43,p=1011.37",46276,92.60,True
499,"t=22.14,h=36.45,p=1011.37",46276,355.00,True
500,"t=22.14,h=36.45,p=1011.37",46289,100.50,True
501,"t=22.14,h=36.45,p=1011.35",46279,359.50,True
502,"t=22.14,h=36.45,p=1011.35",46296,128.70,True
503,"t=22.14,h=36.45,p=1011.32",46280,356.20,True
504,"t=22.14,h=36.45,p=1011.32",46287,228.70,True
505,"t=22.14,h=36.42,p=1011.34",46290,307.70,True
506,"t=22.14,h=36.42,p=1011.34",46298,141.90,True
507,"t=22.14,h=36.43,p=1011.36",46288,351.10,True
508,"t=22.14,h=36.43,p=1011.36",46282,378.30,True
509,"t=22.14,h=36.42,p=1011.37",46289,95.20,True
510,"t=22.14,h=36.42,p=1011.37",46274,94.20,True
511,"t=22.14,h=36.45,p=1011.32",46291,122.80,True
512,"t=22.14,h=36.45,p=1011.32",46285,95.90,True
513,"t=22.14,h=36.45,p=1011.37",46282,429.00,True
514,"t=22.14,h=36.45,p=1011.37",46291,267.60,True
515,"t=22.14,h=36.42,p=1011.33",46292,320.40,True
516,"t=22.14,h=36.42,p=1011.33",46293,213.50,True
517,"t=22.14,h=36.42,p=1011.34",46288,209.90,True
518,"t=22.14,h=36.42,p=1011.34",46291,347.20,True
519,"t=22.14,h=36.43,p=1011.34",46281,320.80,True
520,"t=22.14,h=36.43,p=1011.34",46289,285.90,True
521,"t=22.13,h=36.44,p=1011.31",46273,225.90,True
522,"t=22.13,h=36.44,p=1011.31",46282,243.50,True
523,"t=22.14,h=36.43,p=1011.36",46283,341.50,True
524,"t=22.14,h=36.43,p=1011.36",46286,352.10,True
525,"t=22.12,h=36.44,p=1011.32",46310,97.20,True
526,"t=22.12,h=36.44,p=1011.32",46286,355.00,True
527,"t=22.14,h=36.45,p=1011.33",46287,140.90,True
528,"t=22.14,h=36.45,p=1011.33",46285,347.30,True
529,"t=22.14,h=36.45,p=1011.36",46285,243.90,True
530,"t=22.14,h=36.45,p=1011.36",46292,328.10,True
531,"t=22.14,h=36.45,p=1011.37",46285,336.60,True
532,"t=22.14,h=36.45,p=1011.37",46288,215.40,True
533,"t=22.14,h=36.45,p=1011.35",46279,215.00,True
534,"t=22.14,h=36.45,p=1011.35",46281,209.70,True
535,"t=22.14,h=36.45,p=1011.35",46279,139.90,True
536,"t=22.14,h=36.45,p=1011.35",46291,94.40,True
537,"t=22.14,h=36.43,p=1011.37",46278,267.30,True
538,"t=22.14,h=36.43,p=1011.37",46290,156.30,True
539,"t=22.14,h=36.43,p=1011.33",46290,98.10,True
540,"t=22.14,h=36.43,p=1011.33",46274,95.70,True
541,"t=22.14,h=36.43,p=1011.35",46279,93.80,True
542,"t=22.14,h=36.43,p=1011.35",46277,347.10,True
543,"t=22.14,h=36.43,p=1011.36",46281,353.80,True
544,"t=22.14,h=36.43,p=1011.36",46283,264.20,True
545,"t=22.14,h=36.43,p=1011.36",46281,311.90,True
546,"t=22.14,h=36.42,p=1011.36",46288,215.30,True
547,"t=22.14,h=36.42,p=1011.36",46272,183.00,True
548,"t=22.14,h=36.45,p=1011.38",46281,265.50,True
549,"t=22.14,h=36.45,p=1011.38",46287,216.00,True
550,"t=22.15,h=36.43,p=1011.37",46277,275.00,True
551,"t=22.15,h=36.43,p=1011.37",46281,357.40,True
552,"t=22.14,h=36.45,p=1011.35",46291,201.30,True
553,"t=22.14,h=36.45,p=1011.35",46277,94.40,True
554,"t=22.14,h=36.46,p=1011.37",46276,94.80,True
555,"t=22.14,h=36.46,p=1011.37",46272,240.80,True
556,"t=22.15,h=36.45,p=1011.39",46293,270.90,True
557,"t=22.15,h=36.45,p=1011.39",46280,328.10,True
558,"t=22.14,h=36.42,p=1011.40",46286,276.10,True
559,"t=22.14,h=36.42,p=1011.40",46273,204.90,True
560,"t=22.13,h=36.44,p=1011.34",46296,294.70,True
561,"t=22.13,h=36.44,p=1011.34",46294,265.90,True
562,"t=22.13,h=36.41,p=1011.34",46285,350.30,True
563,"t=22.13,h=36.41,p=1011.34",46292,330.50,True
564,"t=22.13,h=36.42,p=1011.35",46281,341.00,True
565,"t=22.13,h=36.42,p=1011.35",46284,96.20,True
566,"t=22.14,h=36.43,p=1011.37",46301,244.40,True
567,"t=22.14,h=36.43,p=1011.37",46291,247.90,True
568,"t=22.14,h=36.42,p=1011.36",46283,328.70,True
569,"t=22.14,h=36.42,p=1011.36",46288,265.70,True
570,"t=22.14,h=36.42,p=1011.35",46291,303.30,True
571,"t=22.14,h=36.42,p=1011.35",46283,335.70,True
572,"t=22.14,h=36.43,p=1011.35",46291,216.50,True
573,"t=22.14,h=36.43,p=1011.35",46281,208.20,True
574,"t=22.14,h=36.43,p=1011.36",46274,318.40,True
575,"t=22.14,h=36.43,p=1011.36",46282,429.90,True
576,"t=22.14,h=36.42,p=1011.36",46286,266.40,True
577,"t=22.14,h=36.42,p=1011.36",46289,144.70,True
578,"t=22.14,h=36.43,p=1011.37",46290,331.30,True
579,"t=22.14,h=36.43,p=1011.37",46288,97.70,True
580,"t=22.14,h=36.42,p=1011.36",46275,263.60,True
581,"t=22.14,h=36.42,p=1011.36",46289,324.70,True
582,"t=22.14,h=36.42,p=1011.36",46282,106.90,True
583,"t=22.14,h=36.42,p=1011.36",46291,290.20,True
584,"t=22.14,h=36.42,p=1011.34",46299,212.80,True
585,"t=22.14,h=36.42,p=1011.34",46289,331.40,True
586,"t=22.16,h=36.42,p=1011.36",46282,353.60,True
587,"t=22.16,h=36.42,p=1011.36",46286,318.30,True
588,"t=22.15,h=36.42,p=1011.37",46292,95.30,True
589,"t=22.15,h=36.42,p=1011.37",46282,357.50,True
590,"t=22.14,h=36.42,p=1011.36",46287,292.40,True
591,"t=22.14,h=36.42,p=1011.36",46278,347.70,True
592,"t=22.15,h=36.42,p=1011.39",46291,245.30,True
593,"t=22.15,h=36.42,p=1011.39",46293,188.80,True
594,"t=22.15,h=36.41,p=1011.39",46288,138.10,True
595,"t=22.15,h=36.41,p=1011.39",46289,329.60,True
596,"t=22.15,h=36.41,p=1011.37",46272,257.30,True
597,"t=22.15,h=36.41,p=1011.37",46275,91.40,True
598,"t=22.15,h=36.41,p=1011.37",46274,258.50,True
599,"t=22.15,h=36.42,p=1011.37",46288,302.40,True
600,"t=22.15,h=36.42,p=1011.37",46295,349.00,True
601,"t=22.12,h=36.41,p=1011.34",46287,278.90,True
602,"t=22.12,h=36.41,p=1011.34",46325,278.10,True
603,"t=22.13,h=36.42,p=1011.36",46284,325.90,True
604,"t=22.13,h=36.42,p=1011.36",46283,144.80,True
605,"t=22.13,h=36.40,p=1011.37",46279,95.30,True
606,"t=22.13,h=36.40,p=1011.37",46281,328.40,True
607,"t=22.15,h=36.42,p=1011.38",46288,145.30,True
608,"t=22.15,h=36.42,p=1011.38",46286,295.50,True
609,"t=22.13,h=36.43,p=1011.36",46286,98.10,True
610,"t=22.13,h=36.43,p=1011.36",46297,148.90,True
611,"t=22.14,h=36.41,p=1011.36",46290,270.80,True
612,"t=22.14,h=36.41,p=1011.36",46292,153.00,True
613,"t=22.15,h=36.42,p=1011.39",46289,327.40,True
614,"t=22.15,h=36.42,p=1011.39",46291,295.10,True
615,"t=22.15,h=36.41,p=1011.39",46289,352.00,True
616,"t=22.15,h=36.41,p=1011.39",46286,151.60,True
617,"t=22.14,h=36.45,p=1011.38",46278,266.10,True
618,"t=22.14,h=36.45,p=1011.38",46289,171.60,True
619,"t=22.15,h=36.41,p=1011.35",46291,355.30,True
620,"t=22.15,h=36.41,p=1011.35",46291,150.10,True
621,"t=22.14,h=36.40,p=1011.37",46308,248.50,True
622,"t=22.14,h=36.40,p=1011.37",46285,277.80,True
623,"t=22.14,h=36.40,p=1011.38",46291,222.10,True
624,"t=22.14,h=36.40,p=1011.38",46277,351.40,True
625,"t=22.14,h=36.41,p=1011.36",46287,296.50,True
626,"t=22.14,h=36.41,p=1011.36",46280,96.30,True
627,"t=22.15,h=36.40,p=1011.35",46276,94.30,True
628,"t=22.15,h=36.40,p=1011.35",46283,324.40,True
629,"t=22.14,h=36.41,p=1011.39",46286,97.40,True
630,"t=22.14,h=36.41,p=1011.39",46277,95.10,True
631,"t=22.12,h=36.41,p=1011.35",46276,94.50,True
632,"t=22.12,h=36.41,p=1011.35",46292,349.00,True
633,"t=22.15,h=36.41,p=1011.38",46287,332.30,True
634,"t=22.15,h=36.41,p=1011.38",46291,323.00,True
635,"t=22.12,h=36.41,p=1011.33",46289,153.50,True
636,"t=22.12,h=36.41,p=1011.33",46291,133.70,True
637,"t=22.13,h=36.40,p=1011.35",46298,498.80,True
638,"t=22.13,h=36.40,p=1011.35",46292,135.60,True
639,"t=22.15,h=36.40,p=1011.39",46285,94.90,True
640,"t=22.15,h=36.40,p=1011.39",46275,93.60,True
641,"t=22.15,h=36.41,p=1011.37",46275,324.20,True
642,"t=22.15,h=36.41,p=1011.37",46287,326.40,True
643,"t=22.13,h=36.40,p=1011.33",46283,140.80,True
644,"t=22.13,h=36.40,p=1011.33",46279,93.50,True
645,"t=22.14,h=36.40,p=1011.35",46283,241.70,True
646,"t=22.14,h=36.40,p=1011.35",46293,365.90,True
647,"t=22.16,h=36.41,p=1011.35",46286,390.00,True
648,"t=22.16,h=36.41,p=1011.35",46289,167.60,True
649,"t=22.15,h=36.41,p=1011.36",46285,325.80,True
650,"t=22.15,h=36.41,p=1011.36",46283,327.20,True
651,"t=22.15,h=36.41,p=1011.36",46285,95.70,True
652,"t=22.16,h=36.45,p=1011.40",46275,96.20,True
653,"t=22.16,h=36.45,p=1011.40",46278,94.70,True
654,"t=22.16,h=36.40,p=1011.38",46277,335.10,True
655,"t=22.16,h=36.40,p=1011.38",46291,297.40,True
656,"t=22.15,h=36.40,p=1011.40",46273,331.00,True
657,"t=22.15,h=36.40,p=1011.40",46287,293.00,True
658,"t=22.16,h=36.40,p=1011.37",46276,147.80,True
659,"t=22.16,h=36.40,p=1011.37",46288,290.00,True
660,"t=22.15,h=36.40,p=1011.36",46282,216.50,True
661,"t=22.15,h=36.40,p=1011.36",46271,211.50,True
662,"t=22.15,h=36.41,p=1011.36",46276,304.60,True
663,"t=22.15,h=36.41,p=1011.36",46283,95.30,True
664,"t=22.16,h=36.41,p=1011.39",46277,348.10,True
665,"t=22.16,h=36.41,p=1011.39",46286,352.90,True
666,"t=22.16,h=36.41,p=1011.38",46288,97.70,True
667,"t=22.16,h=36.41,p=1011.38",46273,351.70,True
668,"t=22.16,h=36.43,p=1011.36",46288,372.40,True
669,"t=22.16,h=36.43,p=1011.36",46284,239.20,True
670,"t=22.16,h=36.42,p=1011.37",46288,374.10,True
671,"t=22.16,h=36.42,p=1011.37",46284,95.50,True
672,"t=22.15,h=36.42,p=1011.37",46277,94.50,True
673,"t=22.15,h=36.42,p=1011.37",46279,325.20,True
674,"t=22.15,h=36.41,p=1011.39",46288,293.30,True
675,"t=22.15,h=36.41,p=1011.39",46283,330.20,True
676,"t=22.13,h=36.41,p=1011.33",46295,213.10,True
677,"t=22.13,h=36.41,p=1011.33",46302,273.20,True
678,"t=22.15,h=36.46,p=1011.35",46286,344.90,True
679,"t=22.15,h=36.46,p=1011.35",46287,193.70,True
680,"t=22.15,h=36.46,p=1011.38",46285,329.90,True
681,"t=22.15,h=36.46,p=1011.38",46283,237.00,True
682,"t=22.15,h=36.45,p=1011.37",46275,95.40,True
683,"t=22.15,h=36.45,p=1011.37",46274,93.80,True
684,"t=22.16,h=36.43,p=1011.37",46304,352.70,True
685,"t=22.16,h=36.43,p=1011.37",46293,326.80,True
686,"t=22.15,h=36.42,p=1011.39",46294,296.90,True
687,"t=22.15,h=36.42,p=1011.39",46287,96.60,True
688,"t=22.16,h=36.42,p=1011.38",46276,282.30,True
689,"t=22.16,h=36.42,p=1011.38",46283,96.80,True
690,"t=22.15,h=36.43,p=1011.39",46269,137.80,True
691,"t=22.15,h=36.43,p=1011.39",46277,265.30,True
692,"t=22.16,h=36.42,p=1011.37",46289,275.30,True
693,"t=22.16,h=36.42,p=1011.37",46288,278.70,True
694,"t=22.16,h=36.42,p=1011.35",46294,216.30,True
695,"t=22.16,h=36.42,p=1011.35",46282,203.50,True
696,"t=22.16,h=36.42,p=1011.42",46291,395.60,True
697,"t=22.16,h=36.42,p=1011.42",46287,186.80,True
698,"t=22.16,h=36.42,p=1011.40",46279,95.10,True
699,"t=22.16,h=36.42,p=1011.40",46281,272.50,True
700,"t=22.16,h=36.42,p=1011.40",46289,214.70,True
701,"t=22.16,h=36.42,p=1011.40",46279,271.10,True
702,"t=22.16,h=36.42,p=1011.40",46291,95.80,True
703,"t=22.16,h=36.44,p=1011.41",46286,347.30,True
704,"t=22.16,h=36.44,p=1011.41",46291,257.20,True
705,"t=22.16,h=36.42,p=1011.39",46285,273.00,True
706,"t=22.16,h=36.42,p=1011.39",46285,352.70,True
707,"t=22.16,h=36.44,p=1011.38",46287,137.80,True
708,"t=22.16,h=36.44,p=1011.38",46275,307.30,True
709,"t=22.16,h=36.41,p=1011.38",46288,278.00,True
710,"t=22.16,h=36.41,p=1011.38",46287,96.00,True
711,"t=22.16,h=36.41,p=1011.36",46284,94.20,True
712,"t=22.16,h=36.41,p=1011.36",46286,283.10,True
713,"t=22.16,h=36.43,p=1011.35",46281,117.20,True
714,"t=22.16,h=36.43,p=1011.35",46280,94.60,True
715,"t=22.15,h=36.41,p=1011.37",46273,92.60,True
716,"t=22.15,h=36.41,p=1011.37",46276,239.80,True
717,"t=22.16,h=36.40,p=1011.36",46283,95.60,True
718,"t=22.16,h=36.40,p=1011.36",46284,95.20,True
719,"t=22.14,h=36.42,p=1011.35",46275,300.30,True
720,"t=22.14,h=36.42,p=1011.35",46288,357.20,True
721,"t=22.16,h=36.42,p=1011.34",46284,298.80,True
722,"t=22.16,h=36.42,p=1011.34",46290,142.10,True
723,"t=22.17,h=36.42,p=1011.37",46290,95.30,True
724,"t=22.17,h=36.42,p=1011.37",46282,94.00,True
725,"t=22.16,h=36.41,p=1011.35",46275,95.90,True
726,"t=22.16,h=36.41,p=1011.35",46280,94.90,True
727,"t=22.16,h=36.41,p=1011.36",46283,269.20,True
728,"t=22.16,h=36.41,p=1011.36",46293,213.90,True
729,"t=22.16,h=36.42,p=1011.36",46274,209.90,True
730,"t=22.16,h=36.42,p=1011.36",46276,351.70,True
731,"t=22.17,h=36.42,p=1011.36",46285,134.40,True
732,"t=22.17,h=36.42,p=1011.36",46283,330.00,True
733,"t=22.17,h=36.41,p=1011.37",46283,102.30,True
734,"t=22.17,h=36.41,p=1011.37",46273,93.90,True
735,"t=22.16,h=36.41,p=1011.38",46279,297.80,True
736,"t=22.16,h=36.41,p=1011.38",46283,215.70,True
737,"t=22.17,h=36.42,p=1011.39",46279,213.20,True
738,"t=22.17,h=36.42,p=1011.39",46277,348.70,True
739,"t=22.16,h=36.42,p=1011.36",46280,97.00,True
740,"t=22.16,h=36.42,p=1011.36",46270,351.10,True
741,"t=22.17,h=36.42,p=1011.38",46286,271.60,True
742,"t=22.17,h=36.42,p=1011.38",46283,210.30,True
743,"t=22.16,h=36.41,p=1011.38",46273,157.40,True
744,"t=22.16,h=36.41,p=1011.38",46278,118.10,True
745,"t=22.17,h=36.41,p=1011.37",46287,95.60,True
746,"t=22.17,h=36.41,p=1011.37",46277,144.80,True
747,"t=22.17,h=36.41,p=1011.36",46289,98.00,True
748,"t=22.17,h=36.41,p=1011.36",46277,96.10,True
749,"t=22.17,h=36.41,p=1011.37",46280,118.80,True
750,"t=22.17,h=36.41,p=1011.37",46285,269.00,True
751,"t=22.14,h=36.41,p=1011.32",46284,215.10,True
752,"t=22.14,h=36.41,p=1011.32",46277,209.10,True
753,"t=22.14,h=36.41,p=1011.32",46279,346.80,True
754,"t=22.16,h=36.41,p=1011.34",46292,138.90,True
755,"t=22.16,h=36.41,p=1011.34",46288,94.70,True
756,"t=22.14,h=36.41,p=1011.33",46275,94.80,True
757,"t=22.14,h=36.41,p=1011.33",46275,367.80,True
758,"t=22.16,h=36.40,p=1011.37",46290,162.70,True
759,"t=22.16,h=36.40,p=1011.37",46285,380.70,True
760,"t=22.14,h=36.41,p=1011.33",46289,354.40,True
761,"t=22.14,h=36.41,p=1011.33",46284,96.10,True
762,"t=22.16,h=36.41,p=1011.39",46277,95.90,True
763,"t=22.16,h=36.41,p=1011.39",46278,265.40,True
764,"t=22.17,h=36.41,p=1011.36",46288,303.80,True
765,"t=22.17,h=36.41,p=1011.36",46287,217.00,True
766,"t=22.16,h=36.38,p=1011.37",46277,287.30,True
767,"t=22.16,h=36.38,p=1011.37",46290,344.10,True
768,"t=22.17,h=36.44,p=1011.37",46284,98.60,True
769,"t=22.17,h=36.44,p=1011.37",46278,95.10,True
770,"t=22.17,h=36.40,p=1011.37",46275,330.30,True
771,"t=22.17,h=36.40,p=1011.37",46290,363.40,True
772,"t=22.17,h=36.40,p=1011.39",46292,348.60,True
773,"t=22.17,h=36.40,p=1011.39",46286,308.80,True
774,"t=22.17,h=36.39,p=1011.35",46279,305.40,True
775,"t=22.17,h=36.39,p=1011.35",46286,355.40,True
776,"t=22.17,h=36.39,p=1011.36",46295,161.70,True
777,"t=22.17,h=36.39,p=1011.36",46293,332.10,True
778,"t=22.17,h=36.40,p=1011.35",46287,225.60,True
779,"t=22.17,h=36.40,p=1011.35",46283,93.70,True
780,"t=22.16,h=36.39,p=1011.35",46279,94.10,True
781,"t=22.16,h=36.39,p=1011.35",46279,350.00,True
782,"t=22.17,h=36.41,p=1011.35",46285,267.10,True
783,"t=22.17,h=36.41,p=1011.35",46275,347.40,True
784,"t=22.17,h=36.40,p=1011.38",46287,97.50,True
785,"t=22.17,h=36.40,p=1011.38",46277,93.60,True
786,"t=22.17,h=36.39,p=1011.37",46272,272.70,True
787,"t=22.17,h=36.39,p=1011.37",46280,212.40,True
788,"t=22.16,h=36.40,p=1011.37",46274,187.40,True
789,"t=22.16,h=36.40,p=1011.37",46275,325.30,True
790,"t=22.17,h=36.40,p=1011.37",46284,328.60,True
791,"t=22.17,h=36.40,p=1011.37",46281,293.40,True
792,"t=22.15,h=36.40,p=1011.35",46298,327.80,True
793,"t=22.15,h=36.40,p=1011.35",46291,124.10,True
794,"t=22.16,h=36.40,p=1011.36",46274,349.40,True
795,"t=22.16,h=36.40,p=1011.36",46288,341.40,True
796,"t=22.14,h=36.39,p=1011.35",46286,343.50,True
797,"t=22.14,h=36.39,p=1011.35",46288,204.60,True
798,"t=22.15,h=36.39,p=1011.33",46284,353.40,True
799,"t=22.15,h=36.39,p=1011.33",46278,171.00,True
800,"t=22.17,h=36.40,p=1011.34",46281,94.30,True
801,"t=22.17,h=36.40,p=1011.34",46274,93.60,True
802,"t=22.17,h=36.39,p=1011.32",46282,297.60,True
803,"t=22.17,h=36.39,p=1011.32",46284,323.30,True
804,"t=22.17,h=36.39,p=1011.32",46289,141.10,True
805,"t=22.17,h=36.40,p=1011.36",46305,99.60,True
806,"t=22.17,h=36.40,p=1011.36",46274,349.00,True
807,"t=22.17,h=36.38,p=1011.35",46280,96.20,True
808,"t=22.17,h=36.38,p=1011.35",46275,133.70,True
809,"t=22.17,h=36.39,p=1011.36",46291,357.80,True
810,"t=22.17,h=36.39,p=1011.36",46294,127.70,True
811,"t=22.16,h=36.39,p=1011.32",46281,96.60,True
812,"t=22.16,h=36.39,p=1011.32",46275,93.70,True
813,"t=22.17,h=36.38,p=1011.33",46289,141.40,True
814,"t=22.17,h=36.38,p=1011.33",46293,94.70,True
815,"t=22.17,h=36.36,p=1011.34",46278,97.00,True
816,"t=22.17,h=36.36,p=1011.34",46279,95.50,True
817,"t=22.17,h=36.37,p=1011.35",46279,94.80,True
818,"t=22.17,h=36.37,p=1011.35",46279,349.30,True
819,"t=22.17,h=36.38,p=1011.34",46286,127.00,True
820,"t=22.17,h=36.38,p=1011.34",46277,93.40,True
821,"t=22.17,h=36.38,p=1011.37",46270,97.20,True
822,"t=22.17,h=36.38,p=1011.37",46274,351.40,True
823,"t=22.17,h=36.38,p=1011.36",46283,224.90,True
824,"t=22.17,h=36.38,p=1011.36",46278,203.60,True
825,"t=22.17,h=36.38,p=1011.38",46288,95.70,True
826,"t=22.17,h=36.38,p=1011.38",46294,352.50,True
827,"t=22.17,h=36.37,p=1011.35",46284,96.60,True
828,"t=22.17,h=36.37,p=1011.35",46283,146.90,True
829,"t=22.16,h=36.38,p=1011.36",46276,94.20,True
830,"t=22.16,h=36.38,p=1011.36",46281,92.70,True
831,"t=22.17,h=36.38,p=1011.33",46279,194.20,True
832,"t=22.17,h=36.38,p=1011.33",46294,94.70,True
833,"t=22.14,h=36.38,p=1011.32",46301,100.00,True
834,"t=22.14,h=36.38,p=1011.32",46302,95.00,True
835,"t=22.17,h=36.37,p=1011.35",46280,358.00,True
836,"t=22.17,h=36.37,p=1011.35",46288,327.20,True
837,"t=22.15,h=36.34,p=1011.33",46299,352.70,True
838,"t=22.15,h=36.34,p=1011.33",46296,319.20,True
839,"t=22.16,h=36.37,p=1011.31",46291,177.70,True
840,"t=22.16,h=36.37,p=1011.31",46286,93.40,True
841,"t=22.17,h=36.37,p=1011.33",46278,96.50,True
842,"t=22.17,h=36.37,p=1011.33",46276,110.60,True
843,"t=22.17,h=36.36,p=1011.33",46278,93.90,True
844,"t=22.17,h=36.36,p=1011.33",46278,381.80,True
845,"t=22.17,h=36.36,p=1011.36",46289,112.80,True
846,"t=22.17,h=36.36,p=1011.36",46278,94.40,True
847,"t=22.17,h=36.38,p=1011.35",46280,318.30,True
848,"t=22.17,h=36.38,p=1011.35",46282,214.60,True
849,"t=22.17,h=36.37,p=1011.36",46282,216.20,True
850,"t=22.17,h=36.37,p=1011.36",46285,141.80,True
851,"t=22.17,h=36.37,p=1011.39",46288,375.10,True
852,"t=22.17,h=36.37,p=1011.39",46288,317.70,True
853,"t=22.17,h=36.37,p=1011.39",46295,264.30,True
854,"t=22.17,h=36.37,p=1011.39",46293,350.20,True
855,"t=22.17,h=36.37,p=1011.39",46287,292.10,True
856,"t=22.17,h=36.37,p=1011.35",46281,182.60,True
857,"t=22.17,h=36.37,p=1011.35",46288,143.50,True
858,"t=22.17,h=36.36,p=1011.36",46290,351.80,True
859,"t=22.17,h=36.36,p=1011.36",46295,114.20,True
860,"t=22.17,h=36.37,p=1011.37",46275,121.30,True
861,"t=22.17,h=36.37,p=1011.37",46286,95.80,True
862,"t=22.17,h=36.34,p=1011.35",46280,347.30,True
863,"t=22.17,h=36.34,p=1011.35",46286,94.70,True
864,"t=22.17,h=36.36,p=1011.35",46312,148.20,True
865,"t=22.17,h=36.36,p=1011.35",46293,350.20,True
866,"t=22.17,h=36.37,p=1011.35",46291,139.20,True
867,"t=22.17,h=36.37,p=1011.35",46289,289.10,True
868,"t=22.17,h=36.37,p=1011.34",46284,275.40,True
869,"t=22.17,h=36.37,p=1011.34",46287,216.90,True
870,"t=22.16,h=36.34,p=1011.31",46275,213.60,True
871,"t=22.16,h=36.34,p=1011.31",46277,348.00,True
872,"t=22.17,h=36.36,p=1011.34",46288,275.60,True
873,"t=22.17,h=36.36,p=1011.34",46292,97.30,True
874,"t=22.15,h=36.34,p=1011.32",46277,93.80,True
875,"t=22.15,h=36.34,p=1011.32",46279,341.80,True
876,"t=22.11,h=36.34,p=1011.25",46290,148.20,True
877,"t=22.11,h=36.34,p=1011.25",46294,96.30,True
878,"t=22.15,h=36.35,p=1011.30",46279,154.90,True
879,"t=22.15,h=36.35,p=1011.30",46290,241.70,True
880,"t=22.17,h=36.34,p=1011.35",46290,328.20,True
881,"t=22.17,h=36.34,p=1011.35",46287,260.50,True
882,"t=22.18,h=36.34,p=1011.35",46291,246.10,True
883,"t=22.18,h=36.34,p=1011.35",46285,373.50,True
884,"t=22.17,h=36.36,p=1011.35",46296,101.00,True
885,"t=22.17,h=36.36,p=1011.35",46304,265.30,True
886,"t=22.17,h=36.37,p=1011.32",46293,213.90,True
887,"t=22.17,h=36.37,p=1011.32",46280,208.80,True
888,"t=22.17,h=36.36,p=1011.31",46278,285.00,True
889,"t=22.17,h=36.36,p=1011.31",46298,211.80,True
890,"t=22.17,h=36.37,p=1011.35",46284,214.50,True
891,"t=22.17,h=36.37,p=1011.35",46279,117.60,True
892,"t=22.17,h=36.36,p=1011.32",46293,346.60,True
893,"t=22.17,h=36.36,p=1011.32",46287,265.70,True
894,"t=22.17,h=36.36,p=1011.34",46288,217.10,True
895,"t=22.17,h=36.36,p=1011.34",46299,166.60,True
896,"t=22.17,h=36.34,p=1011.32",46289,396.60,True
897,"t=22.17,h=36.34,p=1011.32",46295,138.10,True
898,"t=22.17,h=36.36,p=1011.31",46286,142.10,True
899,"t=22.17,h=36.36,p=1011.31",46291,264.30,True
900,"t=22.17,h=36.34,p=1011.34",46282,328.30,True
901,"t=22.17,h=36.34,p=1011.34",46286,231.80,True
902,"t=22.17,h=36.34,p=1011.32",46280,209.20,True
903,"t=22.17,h=36.34,p=1011.32",46280,207.90,True
904,"t=22.17,h=36.34,p=1011.35",46279,346.90,True
905,"t=22.17,h=36.34,p=1011.35",46294,284.50,True
906,"t=22.14,h=36.35,p=1011.29",46287,132.70,True
907,"t=22.14,h=36.35,p=1011.29",46291,95.00,True
908,"t=22.14,h=36.35,p=1011.29",46282,112.90,True
909,"t=22.17,h=36.34,p=1011.30",46277,95.30,True
910,"t=22.17,h=36.34,p=1011.30",46281,174.30,True
911,"t=22.17,h=36.34,p=1011.32",46289,296.40,True
912,"t=22.17,h=36.34,p=1011.32",46293,93.40,True
913,"t=22.14,h=36.35,p=1011.26",46276,94.70,True
914,"t=22.14,h=36.35,p=1011.26",46286,353.30,True
915,"t=22.18,h=36.33,p=1011.32",46291,333.80,True
916,"t=22.18,h=36.33,p=1011.32",46288,265.50,True
917,"t=22.15,h=36.34,p=1011.28",46279,211.60,True
918,"t=22.15,h=36.34,p=1011.28",46279,139.60,True
919,"t=22.18,h=36.36,p=1011.32",46287,95.30,True
920,"t=22.18,h=36.36,p=1011.32",46278,395.00,True
921,"t=22.17,h=36.34,p=1011.31",46288,229.70,True
922,"t=22.17,h=36.34,p=1011.31",46279,95.00,True
923,"t=22.18,h=36.36,p=1011.33",46279,371.40,True
924,"t=22.18,h=36.36,p=1011.33",46285,267.10,True
925,"t=22.18,h=36.36,p=1011.33",46291,329.10,True
926,"t=22.18,h=36.36,p=1011.33",46288,173.30,True
927,"t=22.18,h=36.36,p=1011.33",46292,96.20,True
928,"t=22.18,h=36.36,p=1011.33",46282,94.60,True
929,"t=22.17,h=36.33,p=1011.32",46280,349.40,True
930,"t=22.17,h=36.33,p=1011.32",46284,260.60,True
931,"t=22.17,h=36.33,p=1011.32",46287,338.30,True
932,"t=22.17,h=36.33,p=1011.32",46283,209.80,True
933,"t=22.17,h=36.34,p=1011.31",46301,241.80,True
934,"t=22.17,h=36.34,p=1011.31",46289,231.40,True
935,"t=22.17,h=36.37,p=1011.32",46280,210.30,True
936,"t=22.17,h=36.37,p=1011.32",46283,259.40,True
937,"t=22.17,h=36.36,p=1011.29",46293,216.30,True
938,"t=22.17,h=36.36,p=1011.29",46282,269.20,True
939,"t=22.18,h=36.34,p=1011.34",46317,350.10,True
940,"t=22.18,h=36.34,p=1011.34",46291,217.60,True
941,"t=22.17,h=36.33,p=1011.32",46273,94.90,True
942,"t=22.17,h=36.33,p=1011.32",46274,246.90,True
943,"t=22.18,h=36.36,p=1011.31",46291,213.00,True
944,"t=22.18,h=36.36,p=1011.31",46288,341.80,True
945,"t=22.16,h=36.35,p=1011.31",46283,276.60,True
946,"t=22.16,h=36.35,p=1011.31",46284,214.10,True
947,"t=22.16,h=36.35,p=1011.31",46274,209.70,True
948,"t=22.16,h=36.35,p=1011.31",46274,168.10,True
949,"t=22.17,h=36.34,p=1011.33",46285,355.60,True
950,"t=22.17,h=36.34,p=1011.33",46290,103.30,True
951,"t=22.15,h=36.35,p=1011.27",46277,354.40,True
952,"t=22.15,h=36.35,p=1011.27",46283,265.60,True
953,"t=22.15,h=36.35,p=1011.29",46301,191.10,True
954,"t=22.15,h=36.35,p=1011.29",46285,243.40,True
955,"t=22.15,h=36.35,p=1011.28",46288,205.20,True
956,"t=22.15,h=36.35,p=1011.28",46273,95.00,True
957,"t=22.18,h=36.34,p=1011.33",46282,308.00,True
958,"t=22.18,h=36.34,p=1011.33",46286,265.40,True
959,"t=22.17,h=36.34,p=1011.30",46285,216.10,True
960,"t=22.17,h=36.34,p=1011.30",46275,151.00,True
961,"t=22.17,h=36.34,p=1011.30",46279,94.20,True
962,"t=22.18,h=36.34,p=1011.32",46294,238.60,True
963,"t=22.18,h=36.34,p=1011.32",46285,209.70,True
964,"t=22.18,h=36.34,p=1011.36",46273,265.20,True
965,"t=22.18,h=36.34,p=1011.36",46284,247.50,True
966,"t=22.18,h=36.36,p=1011.33",46284,100.10,True
967,"t=22.18,h=36.36,p=1011.33",46275,95.60,True
968,"t=22.17,h=36.32,p=1011.32",46277,343.30,True
969,"t=22.17,h=36.32,p=1011.32",46284,376.80,True
970,"t=22.18,h=36.34,p=1011.32",46291,245.40,True
971,"t=22.18,h=36.34,p=1011.32",46274,209.70,True
972,"t=22.18,h=36.36,p=1011.33",46276,350.90,True
973,"t=22.18,h=36.36,p=1011.33",46283,274.00,True
974,"t=22.17,h=36.34,p=1011.31",46283,349.20,True
975,"t=22.17,h=36.34,p=1011.31",46287,175.60,True
976,"t=22.17,h=36.34,p=1011.31",46285,352.60,True
977,"t=22.17,h=36.34,p=1011.31",46290,160.20,True
978,"t=22.18,h=36.36,p=1011.32",46287,95.10,True
979,"t=22.18,h=36.36,p=1011.32",46280,301.20,True
980,"t=22.17,h=36.32,p=1011.30",46286,213.70,True
981,"t=22.17,h=36.32,p=1011.30",46277,348.20,True
982,"t=22.18,h=36.33,p=1011.31",46282,153.10,True
983,"t=22.18,h=36.33,p=1011.31",46272,267.40,True
984,"t=22.16,h=36.34,p=1011.28",46292,352.70,True
985,"t=22.16,h=36.34,p=1011.28",46296,97.20,True
986,"t=22.16,h=36.32,p=1011.29",46273,97.70,True
987,"t=22.16,h=36.32,p=1011.29",46281,364.30,True
988,"t=22.18,h=36.33,p=1011.31",46280,211.40,True
989,"t=22.18,h=36.33,p=1011.31",46281,96.20,True
990,"t=22.15,h=36.33,p=1011.26",46300,141.20,True
991,"t=22.15,h=36.33,p=1011.26",46298,99.40,True
992,"t=22.16,h=36.33,p=1011.28",46284,288.20,True
993,"t=22.16,h=36.33,p=1011.28",46292,268.30,True
994,"t=22.16,h=36.32,p=1011.31",46280,214.90,True
995,"t=22.16,h=36.32,p=1011.31",46272,169.70,True
996,"t=22.18,h=36.33,p=1011.30",46273,386.60,True
997,"t=22.18,h=36.33,p=1011.30",46282,299.10,True
998,"t=22.17,h=36.33,p=1011.32",46276,133.10,True
999,"t=22.17,h=36.33,p=1011.32",46284,94.50,True
1000,"t=22.18,h=36.33,p=1011.29",46281,293.50,True
1001,"t=22.18,h=36.33,p=1011.29",46287,213.20,True
1002,"t=22.17,h=36.34,p=1011.29",46284,279.00,True
1003,"t=22.17,h=36.34,p=1011.29",46288,96.30,True
1004,"t=22.17,h=36.33,p=1011.32",46274,94.60,True
1005,"t=22.17,h=36.33,p=1011.32",46276,279.30,True
1006,"t=22.17,h=36.33,p=1011.31",46291,349.40,True
1007,"t=22.17,h=36.33,p=1011.31",46287,140.00,True
1008,"t=22.17,h=36.34,p=1011.29",46293,304.60,True
1009,"t=22.17,h=36.34,p=1011.29",46287,213.20,True
1010,"t=22.18,h=36.33,p=1011.33",46294,195.70,True
1011,"t=22.18,h=36.33,p=1011.33",46295,140.30,True
1012,"t=22.18,h=36.33,p=1011.33",46299,96.70,True
1013,"t=22.18,h=36.34,p=1011.30",46279,353.10,True
1014,"t=22.18,h=36.34,p=1011.30",46288,96.80,True
1015,"t=22.18,h=36.32,p=1011.30",46278,341.10,True
1016,"t=22.18,h=36.32,p=1011.30",46285,289.10,True
1017,"t=22.18,h=36.33,p=1011.32",46297,112.80,True
1018,"t=22.18,h=36.33,p=1011.32",46280,352.40,True
1019,"t=22.18,h=36.34,p=1011.31",46284,162.60,True
1020,"t=22.18,h=36.34,p=1011.31",46287,351.50,True
1021,"t=22.17,h=36.34,p=1011.29",46294,138.10,True
1022,"t=22.17,h=36.34,p=1011.29",46290,158.80,True
1023,"t=22.16,h=36.37,p=1011.28",46288,376.70,True
1024,"t=22.16,h=36.37,p=1011.28",46283,180.20,True
1025,"t=22.16,h=36.35,p=1011.31",46274,95.10,True
1026,"t=22.16,h=36.35,p=1011.31",46277,325.30,True
1027,"t=22.18,h=36.36,p=1011.29",46281,263.60,True
1028,"t=22.18,h=36.36,p=1011.29",46283,131.30,True
1029,"t=22.15,h=36.34,p=1011.25",46290,96.20,True
1030,"t=22.15,h=36.34,p=1011.25",46281,264.90,True
1031,"t=22.17,h=36.35,p=1011.28",46290,215.60,True
1032,"t=22.17,h=36.35,p=1011.28",46283,195.50,True
1033,"t=22.16,h=36.37,p=1011.28",46274,291.20,True
1034,"t=22.16,h=36.37,p=1011.28",46289,275.90,True
1035,"t=22.17,h=36.36,p=1011.29",46290,217.90,True
1036,"t=22.17,h=36.36,p=1011.29",46284,213.40,True
1037,"t=22.18,h=36.36,p=1011.30",46280,338.10,True
1038,"t=22.18,h=36.36,p=1011.30",46295,141.50,True
1039,"t=22.18,h=36.36,p=1011.31",46291,94.20,True
1040,"t=22.18,h=36.36,p=1011.31",46284,93.60,True
1041,"t=22.18,h=36.34,p=1011.30",46279,275.80,True
1042,"t=22.18,h=36.34,p=1011.30",46289,214.50,True
1043,"t=22.18,h=36.36,p=1011.31",46283,140.30,True
1044,"t=22.18,h=36.36,p=1011.31",46289,95.10,True
1045,"t=22.18,h=36.36,p=1011.30",46285,348.80,True
1046,"t=22.18,h=36.36,p=1011.30",46289,306.50,True
1047,"t=22.18,h=36.36,p=1011.33",46290,217.60,True
1048,"t=22.18,h=36.36,p=1011.33",46276,329.80,True
1049,"t=22.18,h=36.36,p=1011.33",46289,295.40,True
1050,"t=22.18,h=36.36,p=1011.33",46278,229.90,True
1051,"t=22.18,h=36.36,p=1011.33",46289,97.70,True
1052,"t=22.18,h=36.36,p=1011.33",46278,264.50,True
1053,"t=22.18,h=36.36,p=1011.30",46289,362.90,True
1054,"t=22.18,h=36.36,p=1011.30",46288,96.10,True
1055,"t=22.18,h=36.36,p=1011.31",46286,92.80,True
1056,"t=22.18,h=36.36,p=1011.31",46282,358.70,True
1057,"t=22.18,h=36.36,p=1011.30",46289,215.90,True
1058,"t=22.18,h=36.36,p=1011.30",46280,290.60,True
1059,"t=22.18,h=36.36,p=1011.32",46286,214.00,True
1060,"t=22.18,h=36.36,p=1011.32",46283,147.30,True
1061,"t=22.16,h=36.37,p=1011.25",46275,324.10,True
1062,"t=22.16,h=36.37,p=1011.25",46288,326.20,True
1063,"t=22.16,h=36.37,p=1011.25",46283,348.40,True
1064,"t=22.16,h=36.37,p=1011.26",46292,249.00,True
1065,"t=22.16,h=36.37,p=1011.26",46287,348.60,True
1066,"t=22.16,h=36.37,p=1011.26",46285,349.00,True
1067,"t=22.16,h=36.37,p=1011.26",46292,271.20,True
1068,"t=22.17,h=36.34,p=1011.27",46283,214.00,True
1069,"t=22.17,h=36.34,p=1011.27",46282,343.80,True
1070,"t=22.18,h=36.34,p=1011.30",46286,95.90,True
1071,"t=22.18,h=36.34,p=1011.30",46284,335.60,True
1072,"t=22.16,h=36.35,p=1011.24",46290,95.60,True
1073,"t=22.16,h=36.35,p=1011.24",46286,95.10,True
1074,"t=22.18,h=36.37,p=1011.29",46274,345.40,True
1075,"t=22.18,h=36.37,p=1011.29",46287,137.70,True
1076,"t=22.18,h=36.33,p=1011.31",46275,158.60,True
1077,"t=22.18,h=36.33,p=1011.31",46284,97.60,True
1078,"t=22.18,h=36.36,p=1011.28",46284,293.70,True
1079,"t=22.18,h=36.36,p=1011.28",46285,214.40,True
1080,"t=22.17,h=36.38,p=1011.26",46276,262.80,True
1081,"t=22.17,h=36.38,p=1011.26",46285,215.50,True
1082,"t=22.17,h=36.36,p=1011.31",46278,352.10,True
1083,"t=22.17,h=36.36,p=1011.31",46286,95.70,True
1084,"t=22.18,h=36.36,p=1011.29",46273,344.90,True
1085,"t=22.18,h=36.36,p=1011.29",46282,94.30,True
1086,"t=22.17,h=36.33,p=1011.30",46287,345.60,True
1087,"t=22.17,h=36.33,p=1011.30",46286,95.80,True
1088,"t=22.18,h=36.33,p=1011.31",46281,95.10,True
1089,"t=22.18,h=36.33,p=1011.31",46276,348.60,True
1090,"t=22.18,h=36.34,p=1011.32",46287,325.60,True
1091,"t=22.18,h=36.34,p=1011.32",46287,337.50,True
1092,"t=22.18,h=36.34,p=1011.30",46288,328.50,True
1093,"t=22.18,h=36.34,p=1011.30",46288,350.60,True
1094,"t=22.18,h=36.36,p=1011.30",46291,241.20,True
1095,"t=22.18,h=36.36,p=1011.30",46294,190.20,True
1096,"t=22.18,h=36.38,p=1011.31",46288,380.60,True
1097,"t=22.18,h=36.38,p=1011.31",46292,340.10,True
1098,"t=22.17,h=36.36,p=1011.29",46289,178.20,True
1099,"t=22.17,h=36.36,p=1011.29",46285,277.20,True
1100,"t=22.17,h=36.34,p=1011.30",46286,341.20,True
1101,"t=22.17,h=36.34,p=1011.30",46287,324.60,True
1102,"t=22.18,h=36.36,p=1011.32",46290,212.50,True
1103,"t=22.18,h=36.36,p=1011.32",46277,206.70,True
1104,"t=22.18,h=36.36,p=1011.30",46283,349.90,True
1105,"t=22.18,h=36.36,p=1011.30",46289,180.20,True
1106,"t=22.16,h=36.35,p=1011.26",46285,278.20,True
1107,"t=22.16,h=36.35,p=1011.26",46291,348.50,True
1108,"t=22.16,h=36.35,p=1011.27",46280,372.60,True
1109,"t=22.16,h=36.35,p=1011.27",46278,223.20,True
1110,"t=22.18,h=36.36,p=1011.32",46281,346.60,True
1111,"t=22.18,h=36.36,p=1011.32",46286,140.40,True
1112,"t=22.18,h=36.34,p=1011.27",46290,326.70,True
1113,"t=22.18,h=36.34,p=1011.27",46296,348.10,True
1114,"t=22.18,h=36.34,p=1011.27",46289,184.80,True
1115,"t=22.18,h=36.36,p=1011.31",46283,93.90,True
1116,"t=22.18,h=36.36,p=1011.31",46281,92.10,True
1117,"t=22.18,h=36.33,p=1011.30",46273,136.50,True
1118,"t=22.18,h=36.33,p=1011.30",46282,96.50,True
1119,"t=22.18,h=36.36,p=1011.29",46273,141.10,True
1120,"t=22.18,h=36.36,p=1011.29",46283,312.80,True
1121,"t=22.18,h=36.34,p=1011.28",46289,216.50,True
1122,"t=22.18,h=36.34,p=1011.28",46276,212.40,True
1123,"t=22.18,h=36.36,p=1011.29",46274,215.70,True
1124,"t=22.18,h=36.36,p=1011.29",46284,103.50,True
1125,"t=22.18,h=36.34,p=1011.31",46278,181.50,True
1126,"t=22.18,h=36.34,p=1011.31",46292,258.70,True
1127,"t=22.18,h=36.36,p=1011.31",46291,120.70,True
1128,"t=22.18,h=36.36,p=1011.31",46298,94.40,True
1129,"t=22.18,h=36.36,p=1011.28",46277,303.70,True
1130,"t=22.18,h=36.36,p=1011.28",46285,214.50,True
1131,"t=22.18,h=36.32,p=1011.31",46275,211.30,True
1132,"t=22.18,h=36.32,p=1011.31",46281,237.30,True
1133,"t=22.18,h=36.34,p=1011.29",46282,296.90,True
1134,"t=22.18,h=36.34,p=1011.29",46283,261.40,True
1135,"t=22.18,h=36.33,p=1011.28",46289,215.30,True
1136,"t=22.18,h=36.33,p=1011.28",46278,350.90,True
1137,"t=22.18,h=36.36,p=1011.32",46289,133.40,True
1138,"t=22.18,h=36.36,p=1011.32",46280,323.50,True
1139,"t=22.17,h=36.35,p=1011.28",46292,232.70,True
1140,"t=22.17,h=36.35,p=1011.28",46282,262.60,True
1141,"t=22.17,h=36.34,p=1011.28",46295,216.80,True
1142,"t=22.17,h=36.34,p=1011.28",46285,269.00,True
1143,"t=22.16,h=36.35,p=1011.23",46286,220.30,True
1144,"t=22.16,h=36.35,p=1011.23",46276,322.60,True
1145,"t=22.16,h=36.35,p=1011.27",46280,331.00,True
1146,"t=22.16,h=36.35,p=1011.27",46279,95.00,True
1147,"t=22.18,h=36.34,p=1011.30",46279,297.40,True
1148,"t=22.18,h=36.34,p=1011.30",46288,282.50,True
1149,"t=22.17,h=36.34,p=1011.27",46289,141.70,True
1150,"t=22.17,h=36.34,p=1011.27",46288,97.10,True
1151,"t=22.18,h=36.33,p=1011.30",46274,95.90,True
1152,"t=22.18,h=36.33,p=1011.30",46278,355.30,True
1153,"t=22.18,h=36.33,p=1011.30",46282,262.10,True
1154,"t=22.18,h=36.33,p=1011.30",46284,148.40,True
1155,"t=22.18,h=36.32,p=1011.29",46280,271.40,True
1156,"t=22.18,h=36.32,p=1011.29",46289,214.10,True
1157,"t=22.19,h=36.32,p=1011.33",46277,213.40,True
1158,"t=22.19,h=36.32,p=1011.33",46283,244.80,True
1159,"t=22.18,h=36.32,p=1011.33",46291,384.40,True
1160,"t=22.18,h=36.32,p=1011.33",46292,350.70,True
1161,"t=22.18,h=36.32,p=1011.32",46286,96.10,True
1162,"t=22.18,h=36.32,p=1011.32",46271,94.30,True
1163,"t=22.18,h=36.31,p=1011.29",46277,95.40,True
1164,"t=22.18,h=36.31,p=1011.29",46276,203.00,True
1165,"t=22.18,h=36.31,p=1011.29",46289,147.50,True
1166,"t=22.18,h=36.31,p=1011.29",46290,96.20,True
1167,"t=22.18,h=36.31,p=1011.29",46277,93.50,True
1168,"t=22.18,h=36.30,p=1011.30",46283,351.60,True
1169,"t=22.18,h=36.30,p=1011.30",46293,371.10,True
1170,"t=22.18,h=36.29,p=1011.31",46286,96.20,True
1171,"t=22.18,h=36.29,p=1011.31",46279,94.60,True
1172,"t=22.18,h=36.32,p=1011.30",46276,93.40,True
1173,"t=22.18,h=36.32,p=1011.30",46282,351.30,True
1174,"t=22.18,h=36.31,p=1011.29",46295,167.20,True
1175,"t=22.18,h=36.31,p=1011.29",46285,94.30,True
1176,"t=22.18,h=36.32,p=1011.28",46274,95.60,True
1177,"t=22.18,h=36.32,p=1011.28",46277,354.60,True
1178,"t=22.18,h=36.30,p=1011.27",46287,105.30,True
1179,"t=22.18,h=36.30,p=1011.27",46280,362.50,True
1180,"t=22.17,h=36.30,p=1011.26",46288,294.00,True
1181,"t=22.17,h=36.30,p=1011.26",46284,329.40,True
1182,"t=22.17,h=36.31,p=1011.31",46283,291.50,True
1183,"t=22.17,h=36.31,p=1011.31",46277,301.20,True
1184,"t=22.17,h=36.31,p=1011.28",46290,218.10,True
1185,"t=22.17,h=36.31,p=1011.28",46278,213.00,True
1186,"t=22.17,h=36.31,p=1011.26",46277,272.50,True
1187,"t=22.17,h=36.31,p=1011.26",46283,358.20,True
1188,"t=22.18,h=36.29,p=1011.31",46288,232.10,True
1189,"t=22.18,h=36.29,p=1011.31",46277,94.30,True
1190,"t=22.19,h=36.30,p=1011.30",46278,157.70,True
1191,"t=22.19,h=36.30,p=1011.30",46284,247.30,True
1192,"t=22.18,h=36.30,p=1011.28",46284,327.60,True
1193,"t=22.18,h=36.30,p=1011.28",46287,196.40,True
1194,"t=22.18,h=36.29,p=1011.31",46286,95.40,True
1195,"t=22.18,h=36.29,p=1011.31",46279,93.70,True
1196,"t=22.18,h=36.27,p=1011.32",46279,300.80,True
1197,"t=22.18,h=36.27,p=1011.32",46293,214.60,True
1198,"t=22.18,h=36.29,p=1011.31",46276,214.00,True
1199,"t=22.18,h=36.29,p=1011.31",46307,268.40,True
1200,"t=22.18,h=36.27,p=1011.33",46299,271.30,True
1201,"t=22.18,h=36.27,p=1011.33",46297,262.00,True
1202,"t=22.19,h=36.27,p=1011.33",46303,263.90,True
1203,"t=22.19,h=36.27,p=1011.33",46296,213.90,True
1204,"t=22.18,h=36.27,p=1011.33",46289,210.40,True
1205,"t=22.18,h=36.27,p=1011.33",46287,261.80,True
1206,"t=22.18,h=36.27,p=1011.34",46287,349.50,True
1207,"t=22.18,h=36.27,p=1011.34",46284,389.30,True
1208,"t=22.18,h=36.27,p=1011.33",46294,177.50,True
1209,"t=22.18,h=36.27,p=1011.33",46286,669.00,True
1210,"t=22.18,h=36.27,p=1011.34",46282,362.60,True
1211,"t=22.18,h=36.27,p=1011.34",46283,154.90,True
1212,"t=22.18,h=36.26,p=1011.29",46274,95.50,True
1213,"t=22.18,h=36.26,p=1011.29",46289,351.10,True
1214,"t=22.19,h=36.26,p=1011.31",46302,98.40,True
1215,"t=22.19,h=36.26,p=1011.31",46275,95.40,True
1216,"t=22.16,h=36.27,p=1011.29",46273,342.10,True
1217,"t=22.16,h=36.27,p=1011.29",46281,157.40,True
1218,"t=22.16,h=36.27,p=1011.29",46285,95.90,True
1219,"t=22.17,h=36.24,p=1011.31",46273,94.60,True
1220,"t=22.17,h=36.24,p=1011.31",46282,350.10,True
1221,"t=22.18,h=36.25,p=1011.32",46289,124.20,True
1222,"t=22.18,h=36.25,p=1011.32",46293,94.20,True
1223,"t=22.16,h=36.25,p=1011.31",46282,95.20,True
1224,"t=22.16,h=36.25,p=1011.31",46284,326.20,True
1225,"t=22.18,h=36.25,p=1011.32",46289,217.60,True
1226,"t=22.18,h=36.25,p=1011.32",46287,328.20,True
1227,"t=22.18,h=36.25,p=1011.33",46292,216.30,True
1228,"t=22.18,h=36.25,p=1011.33",46282,214.20,True
1229,"t=22.18,h=36.24,p=1011.31",46280,370.60,True
1230,"t=22.18,h=36.24,p=1011.31",46288,95.20,True
1231,"t=22.18,h=36.26,p=1011.34",46292,175.60,True
1232,"t=22.18,h=36.26,p=1011.34",46293,143.30,True
1233,"t=22.18,h=36.26,p=1011.35",46296,145.40,True
1234,"t=22.18,h=36.26,p=1011.35",46285,224.80,True
1235,"t=22.19,h=36.25,p=1011.38",46288,143.30,True
1236,"t=22.19,h=36.25,p=1011.38",46282,242.90,True
1237,"t=22.18,h=36.22,p=1011.35",46290,163.50,True
1238,"t=22.18,h=36.22,p=1011.35",46280,94.20,True
1239,"t=22.18,h=36.23,p=1011.33",46275,351.50,True
1240,"t=22.18,h=36.23,p=1011.33",46285,348.50,True
1241,"t=22.19,h=36.25,p=1011.33",46286,296.10,True
1242,"t=22.19,h=36.25,p=1011.33",46279,267.40,True
1243,"t=22.18,h=36.24,p=1011.30",46287,352.30,True
1244,"t=22.18,h=36.24,p=1011.30",46294,243.90,True
1245,"t=22.18,h=36.25,p=1011.34",46279,95.10,True
1246,"t=22.18,h=36.25,p=1011.34",46282,242.00,True
1247,"t=22.18,h=36.24,p=1011.34",46285,208.90,True
1248,"t=22.18,h=36.24,p=1011.34",46283,157.20,True
1249,"t=22.19,h=36.23,p=1011.32",46288,325.60,True
1250,"t=22.19,h=36.23,p=1011.32",46290,276.00,True
1251,"t=22.19,h=36.23,p=1011.34",46291,213.70,True
1252,"t=22.19,h=36.23,p=1011.34",46280,206.30,True
1253,"t=22.18,h=36.23,p=1011.30",46270,267.70,True
1254,"t=22.18,h=36.23,p=1011.30",46283,340.90,True
1255,"t=22.18,h=36.23,p=1011.33",46286,350.00,True
1256,"t=22.18,h=36.23,p=1011.33",46309,215.30,True
1257,"t=22.18,h=36.23,p=1011.31",46290,347.60,True
1258,"t=22.18,h=36.23,p=1011.31",46288,240.00,True
1259,"t=22.19,h=36.23,p=1011.34",46288,322.30,True
1260,"t=22.19,h=36.23,p=1011.34",46292,347.00,True
1261,"t=22.19,h=36.23,p=1011.36",46312,299.30,True
1262,"t=22.19,h=36.23,p=1011.36",46292,216.10,True
1263,"t=22.19,h=36.23,p=1011.35",46275,175.10,True
1264,"t=22.19,h=36.23,p=1011.35",46284,348.70,True
1265,"t=22.18,h=36.23,p=1011.32",46283,197.10,True
1266,"t=22.18,h=36.23,p=1011.32",46307,96.90,True
1267,"t=22.19,h=36.23,p=1011.34",46282,237.40,True
1268,"t=22.19,h=36.23,p=1011.34",46290,208.80,True
1269,"t=22.19,h=36.23,p=1011.35",46275,211.40,True
1270,"t=22.19,h=36.23,p=1011.35",46282,378.80,True
1271,"t=22.19,h=36.23,p=1011.35",46282,262.40,True
1272,"t=22.19,h=36.24,p=1011.35",46298,217.20,True
1273,"t=22.19,h=36.24,p=1011.35",46276,351.70,True
1274,"t=22.19,h=36.23,p=1011.31",46285,277.80,True
1275,"t=22.19,h=36.23,p=1011.31",46288,266.10,True
1276,"t=22.19,h=36.22,p=1011.34",46286,348.20,True
1277,"t=22.19,h=36.22,p=1011.34",46289,186.00,True
1278,"t=22.19,h=36.24,p=1011.34",46291,96.10,True
1279,"t=22.19,h=36.24,p=1011.34",46285,94.60,True
1280,"t=22.19,h=36.22,p=1011.32",46282,342.00,True
1281,"t=22.19,h=36.22,p=1011.32",46286,115.50,True
1282,"t=22.19,h=36.22,p=1011.33",46293,350.30,True
1283,"t=22.19,h=36.22,p=1011.33",46313,246.50,True
1284,"t=22.19,h=36.22,p=1011.31",46279,148.40,True
1285,"t=22.19,h=36.22,p=1011.31",46285,160.90,True
1286,"t=22.19,h=36.24,p=1011.32",46290,145.20,True
1287,"t=22.19,h=36.24,p=1011.32",46296,115.90,True
1288,"t=22.19,h=36.24,p=1011.32",46279,94.90,True
1289,"t=22.19,h=36.24,p=1011.32",46290,270.00,True
1290,"t=22.19,h=36.21,p=1011.30",46284,142.20,True
1291,"t=22.19,h=36.21,p=1011.30",46303,96.30,True
1292,"t=22.17,h=36.23,p=1011.31",46272,95.10,True
1293,"t=22.17,h=36.23,p=1011.31",46277,142.40,True
1294,"t=22.19,h=36.22,p=1011.34",46283,343.20,True
1295,"t=22.19,h=36.22,p=1011.34",46287,375.50,True
1296,"t=22.17,h=36.23,p=1011.31",46287,96.90,True
1297,"t=22.17,h=36.23,p=1011.31",46303,143.70,True
1298,"t=22.19,h=36.22,p=1011.31",46286,179.40,True
1299,"t=22.19,h=36.22,p=1011.31",46286,270.80,True
1300,"t=22.19,h=36.22,p=1011.32",46287,98.20,True
1301,"t=22.19,h=36.22,p=1011.32",46277,94.60,True
1302,"t=22.19,h=36.23,p=1011.32",46281,222.80,True
1303,"t=22.19,h=36.23,p=1011.32",46289,277.10,True
1304,"t=22.19,h=36.22,p=1011.34",46288,324.20,True
1305,"t=22.19,h=36.22,p=1011.34",46288,121.90,True
1306,"t=22.19,h=36.22,p=1011.36",46281,353.60,True
1307,"t=22.19,h=36.22,p=1011.36",46292,97.30,True
1308,"t=22.19,h=36.22,p=1011.32",46279,142.10,True
1309,"t=22.19,h=36.22,p=1011.32",46292,135.10,True
1310,"t=22.19,h=36.22,p=1011.32",46295,95.70,True
1311,"t=22.19,h=36.22,p=1011.32",46279,142.80,True
1312,"t=22.19,h=36.22,p=1011.30",46288,197.70,True
1313,"t=22.19,h=36.22,p=1011.30",46288,96.80,True
1314,"t=22.19,h=36.23,p=1011.34",46278,127.70,True
1315,"t=22.19,h=36.23,p=1011.34",46279,345.40,True
1316,"t=22.19,h=36.22,p=1011.33",46305,269.10,True
1317,"t=22.19,h=36.22,p=1011.33",46301,306.20,True
1318,"t=22.19,h=36.22,p=1011.31",46285,97.30,True
1319,"t=22.19,h=36.22,p=1011.31",46306,389.60,True
1320,"t=22.18,h=36.22,p=1011.33",46284,279.90,True
1321,"t=22.18,h=36.22,p=1011.33",46278,357.00,True
1322,"t=22.18,h=36.22,p=1011.33",46285,139.50,True
1323,"t=22.19,h=36.23,p=1011.33",46277,95.50,True
1324,"t=22.19,h=36.23,p=1011.33",46275,94.50,True
1325,"t=22.19,h=36.23,p=1011.31",46276,352.70,True
1326,"t=22.19,h=36.23,p=1011.31",46290,216.70,True
1327,"t=22.19,h=36.19,p=1011.31",46284,216.30,True
1328,"t=22.19,h=36.19,p=1011.31",46285,353.10,True
1329,"t=22.19,h=36.21,p=1011.33",46287,145.10,True
1330,"t=22.19,h=36.21,p=1011.33",46277,315.10,True
1331,"t=22.17,h=36.20,p=1011.29",46282,341.30,True
1332,"t=22.17,h=36.20,p=1011.29",46281,96.70,True
1333,"t=22.18,h=36.20,p=1011.29",46269,93.90,True
1334,"t=22.18,h=36.20,p=1011.29",46278,134.20,True
1335,"t=22.19,h=36.21,p=1011.33",46284,96.80,True
1336,"t=22.19,h=36.21,p=1011.33",46282,266.20,True
1337,"t=22.17,h=36.23,p=1011.30",46285,217.90,True
1338,"t=22.17,h=36.23,p=1011.30",46282,267.60,True
1339,"t=22.17,h=36.23,p=1011.29",46289,215.90,True
1340,"t=22.17,h=36.23,p=1011.29",46280,210.90,True
1341,"t=22.17,h=36.24,p=1011.34",46284,352.80,True
1342,"t=22.17,h=36.24,p=1011.34",46300,99.00,True
1343,"t=22.19,h=36.25,p=1011.36",46283,341.90,True
1344,"t=22.19,h=36.25,p=1011.36",46292,146.00,True
1345,"t=22.19,h=36.21,p=1011.36",46281,173.90,True
1346,"t=22.19,h=36.21,p=1011.36",46281,379.50,True
1347,"t=22.19,h=36.25,p=1011.36",46299,247.20,True
1348,"t=22.19,h=36.25,p=1011.36",46291,144.20,True
1349,"t=22.19,h=36.22,p=1011.33",46301,96.90,True
1350,"t=22.19,h=36.22,p=1011.33",46294,94.80,True
1351,"t=22.19,h=36.22,p=1011.32",46279,350.80,True
1352,"t=22.19,h=36.22,p=1011.32",46287,95.60,True
1353,"t=22.19,h=36.25,p=1011.36",46287,347.80,True
1354,"t=22.19,h=36.25,p=1011.36",46296,96.10,True
1355,"t=22.19,h=36.24,p=1011.33",46280,95.50,True
1356,"t=22.19,h=36.24,p=1011.33",46280,141.70,True
1357,"t=22.19,h=36.23,p=1011.33",46286,117.00,True
1358,"t=22.19,h=36.23,p=1011.33",46290,94.00,True
1359,"t=22.19,h=36.23,p=1011.35",46273,93.60,True
1360,"t=22.19,h=36.23,p=1011.35",46280,382.00,True
1361,"t=22.19,h=36.23,p=1011.35",46282,103.60,True
1362,"t=22.19,h=36.23,p=1011.35",46280,343.10,True
1363,"t=22.19,h=36.23,p=1011.34",46287,182.30,True
1364,"t=22.19,h=36.23,p=1011.34",46283,279.30,True
1365,"t=22.19,h=36.23,p=1011.32",46286,216.40,True
1366,"t=22.19,h=36.23,p=1011.32",46280,282.60,True
1367,"t=22.19,h=36.23,p=1011.34",46290,356.00,True
1368,"t=22.19,h=36.23,p=1011.34",46287,209.80,True
1369,"t=22.18,h=36.23,p=1011.33",46278,215.00,True
1370,"t=22.18,h=36.23,p=1011.33",46274,210.30,True
1371,"t=22.19,h=36.22,p=1011.32",46283,239.80,True
1372,"t=22.19,h=36.22,p=1011.32",46289,213.40,True
1373,"t=22.18,h=36.23,p=1011.33",46275,334.30,True
1374,"t=22.18,h=36.23,p=1011.33",46283,95.80,True
1375,"t=22.18,h=36.23,p=1011.33",46304,132.80,True
1376,"t=22.18,h=36.22,p=1011.32",46286,97.50,True
1377,"t=22.18,h=36.22,p=1011.32",46273,352.70,True
1378,"t=22.18,h=36.22,p=1011.32",46290,272.20,True
1379,"t=22.18,h=36.22,p=1011.32",46280,217.20,True
1380,"t=22.18,h=36.24,p=1011.28",46302,167.30,True
1381,"t=22.18,h=36.24,p=1011.28",46279,376.00,True
1382,"t=22.19,h=36.22,p=1011.37",46284,165.70,True
1383,"t=22.19,h=36.22,p=1011.37",46278,95.90,True
1384,"t=22.19,h=36.23,p=1011.36",46284,351.80,True
1385,"t=22.19,h=36.23,p=1011.36",46293,265.00,True
1386,"t=22.20,h=36.21,p=1011.33",46290,350.30,True
1387,"t=22.20,h=36.21,p=1011.33",46291,157.20,True
1388,"t=22.19,h=36.22,p=1011.34",46286,343.70,True
1389,"t=22.19,h=36.22,p=1011.34",46288,95.10,True
1390,"t=22.19,h=36.22,p=1011.32",46280,99.40,True
1391,"t=22.19,h=36.22,p=1011.32",46284,351.30,True
1392,"t=22.19,h=36.23,p=1011.32",46302,250.70,True
1393,"t=22.19,h=36.23,p=1011.32",46289,343.50,True
1394,"t=22.19,h=36.22,p=1011.32",46288,248.20,True
1395,"t=22.19,h=36.22,p=1011.32",46288,96.60,True
1396,"t=22.19,h=36.24,p=1011.29",46279,92.10,True
1397,"t=22.19,h=36.24,p=1011.29",46275,349.80,True
1398,"t=22.19,h=36.24,p=1011.32",46297,98.30,True
1399,"t=22.19,h=36.24,p=1011.32",46280,334.50,True
1400,"t=22.19,h=36.22,p=1011.34",46291,95.90,True
1401,"t=22.19,h=36.22,p=1011.34",46277,142.50,True
1402,"t=22.20,h=36.23,p=1011.33",46282,97.00,True
1403,"t=22.20,h=36.23,p=1011.33",46287,121.50,True
1404,"t=22.20,h=36.23,p=1011.34",46283,95.50,True
1405,"t=22.20,h=36.23,p=1011.34",46277,345.70,True
1406,"t=22.19,h=36.22,p=1011.34",46283,240.30,True
1407,"t=22.19,h=36.22,p=1011.34",46279,134.90,True
1408,"t=22.19,h=36.22,p=1011.34",46284,94.90,True
1409,"t=22.19,h=36.22,p=1011.34",46281,320.80,True
1410,"t=22.18,h=36.23,p=1011.31",46287,95.30,True
1411,"t=22.18,h=36.23,p=1011.31",46309,359.20,True
1412,"t=22.18,h=36.22,p=1011.31",46288,172.80,True
1413,"t=22.18,h=36.22,p=1011.31",46286,95.60,True
1414,"t=22.19,h=36.22,p=1011.31",46275,341.80,True
1415,"t=22.19,h=36.22,p=1011.31",46286,182.00,True
1416,"t=22.17,h=36.22,p=1011.27",46275,280.40,True
1417,"t=22.17,h=36.22,p=1011.27",46281,215.60,True
1418,"t=22.18,h=36.22,p=1011.29",46279,132.90,True
1419,"t=22.18,h=36.22,p=1011.29",46285,95.30,True
1420,"t=22.19,h=36.22,p=1011.32",46279,175.00,True
1421,"t=22.19,h=36.22,p=1011.32",46287,264.30,True
1422,"t=22.19,h=36.22,p=1011.33",46306,257.30,True
1423,"t=22.19,h=36.22,p=1011.33",46302,355.10,True
1424,"t=22.20,h=36.22,p=1011.35",46290,96.30,True
1425,"t=22.20,h=36.22,p=1011.35",46277,96.70,True
1426,"t=22.20,h=36.22,p=1011.35",46281,94.70,True
1427,"t=22.20,h=36.22,p=1011.35",46284,328.60,True
1428,"t=22.20,h=36.22,p=1011.35",46290,267.50,True
1429,"t=22.19,h=36.19,p=1011.33",46288,264.40,True
1430,"t=22.19,h=36.19,p=1011.33",46287,213.70,True
1431,"t=22.19,h=36.24,p=1011.32",46284,353.50,True
1432,"t=22.19,h=36.24,p=1011.32",46292,202.20,True
1433,"t=22.19,h=36.23,p=1011.32",46281,122.10,True
1434,"t=22.19,h=36.23,p=1011.32",46291,107.40,True
1435,"t=22.19,h=36.23,p=1011.32",46278,352.10,True
1436,"t=22.19,h=36.23,p=1011.32",46291,344.00,True
1437,"t=22.19,h=36.22,p=1011.31",46283,97.40,True
1438,"t=22.19,h=36.22,p=1011.31",46288,120.20,True
1439,"t=22.20,h=36.23,p=1011.31",46285,312.70,True
1440,"t=22.20,h=36.23,p=1011.31",46283,94.90,True
1441,"t=22.20,h=36.22,p=1011.33",46294,96.60,True
1442,"t=22.20,h=36.22,p=1011.33",46292,142.40,True
1443,"t=22.19,h=36.23,p=1011.34",46292,311.30,True
1444,"t=22.19,h=36.23,p=1011.34",46291,164.80,True
1445,"t=22.19,h=36.23,p=1011.35",46286,408.00,True
1446,"t=22.19,h=36.23,p=1011.35",46282,240.10,True
1447,"t=22.19,h=36.23,p=1011.34",46275,210.00,True
1448,"t=22.19,h=36.23,p=1011.34",46281,274.30,True
1449,"t=22.19,h=36.22,p=1011.36",46289,345.40,True
1450,"t=22.19,h=36.22,p=1011.36",46289,267.60,True
1451,"t=22.18,h=36.22,p=1011.31",46289,217.00,True
1452,"t=22.18,h=36.22,p=1011.31",46286,212.10,True
1453,"t=22.18,h=36.23,p=1011.33",46275,265.40,True
1454,"t=22.18,h=36.23,p=1011.33",46289,212.20,True
1455,"t=22.18,h=36.25,p=1011.32",46280,349.60,True
1456,"t=22.18,h=36.25,p=1011.32",46297,312.10,True
1457,"t=22.19,h=36.23,p=1011.33",46285,217.10,True
1458,"t=22.19,h=36.23,p=1011.33",46279,211.30,True
1459,"t=22.20,h=36.21,p=1011.36",46276,329.70,True
1460,"t=22.20,h=36.21,p=1011.36",46286,294.60,True
1461,"t=22.20,h=36.23,p=1011.35",46293,321.00,True
1462,"t=22.20,h=36.23,p=1011.35",46293,344.40,True
1463,"t=22.20,h=36.23,p=1011.35",46298,347.20,True
1464,"t=22.20,h=36.23,p=1011.35",46292,289.20,True
1465,"t=22.19,h=36.23,p=1011.34",46305,144.70,True
1466,"t=22.19,h=36.23,p=1011.34",46291,94.20,True
1467,"t=22.20,h=36.22,p=1011.33",46288,95.60,True
1468,"t=22.20,h=36.22,p=1011.33",46291,156.70,True
1469,"t=22.20,h=36.23,p=1011.36",46286,384.80,True
1470,"t=22.20,h=36.23,p=1011.36",46288,138.60,True
1471,"t=22.20,h=36.23,p=1011.34",46274,95.80,True
1472,"t=22.20,h=36.23,p=1011.34",46275,359.00,True
1473,"t=22.20,h=36.23,p=1011.33",46282,240.30,True
1474,"t=22.20,h=36.23,p=1011.33",46275,354.50,True
1475,"t=22.20,h=36.24,p=1011.36",46285,193.70,True
1476,"t=22.20,h=36.24,p=1011.36",46292,286.00,True
1477,"t=22.19,h=36.23,p=1011.33",46287,150.90,True
1478,"t=22.19,h=36.23,p=1011.33",46294,95.90,True
1479,"t=22.19,h=36.23,p=1011.33",46276,93.60,True
1480,"t=22.20,h=36.25,p=1011.35",46275,102.40,True
1481,"t=22.20,h=36.25,p=1011.35",46275,158.50,True
1482,"t=22.19,h=36.22,p=1011.34",46285,346.80,True
1483,"t=22.19,h=36.22,p=1011.34",46284,369.80,True
1484,"t=22.18,h=36.24,p=1011.31",46289,240.50,True
1485,"t=22.18,h=36.24,p=1011.31",46292,249.00,True
1486,"t=22.18,h=36.24,p=1011.32",46290,216.40,True
1487,"t=22.18,h=36.24,p=1011.32",46291,287.60,True
1488,"t=22.18,h=36.23,p=1011.31",46286,261.30,True
1489,"t=22.18,h=36.23,p=1011.31",46290,349.10,True
1490,"t=22.17,h=36.25,p=1011.30",46289,129.60,True
1491,"t=22.17,h=36.25,p=1011.30",46278,283.20,True
1492,"t=22.19,h=36.26,p=1011.34",46302,325.20,True
1493,"t=22.19,h=36.26,p=1011.34",46296,96.50,True
1494,"t=22.17,h=36.23,p=1011.31",46279,95.10,True
1495,"t=22.17,h=36.23,p=1011.31",46274,93.00,True
1496,"t=22.19,h=36.24,p=1011.36",46279,293.30,True
1497,"t=22.19,h=36.24,p=1011.36",46290,217.50,True
1498,"t=22.20,h=36.24,p=1011.35",46277,346.30,True
1499,"t=22.20,h=36.24,p=1011.35",46283,352.50,True
1500,"t=22.20,h=36.23,p=1011.35",46293,325.30,True
1501,"t=22.20,h=36.23,p=1011.35",46290,246.00,True
1502,"t=22.20,h=36.21,p=1011.37",46294,271.80,True
1503,"t=22.20,h=36.21,p=1011.37",46297,217.90,True
1504,"t=22.19,h=36.23,p=1011.35",46285,95.20,True
1505,"t=22.19,h=36.23,p=1011.35",46275,92.00,True
1506,"t=22.20,h=36.22,p=1011.35",46282,349.90,True
1507,"t=22.20,h=36.22,p=1011.35",46291,96.70,True
1508,"t=22.20,h=36.23,p=1011.33",46272,95.70,True
1509,"t=22.20,h=36.23,p=1011.33",46278,379.70,True
1510,"t=22.20,h=36.23,p=1011.37",46294,350.10,True
1511,"t=22.20,h=36.23,p=1011.37",46292,291.40,True
1512,"t=22.20,h=36.26,p=1011.35",46277,95.60,True
1513,"t=22.20,h=36.26,p=1011.35",46288,142.20,True
1514,"t=22.20,h=36.23,p=1011.37",46293,238.90,True
1515,"t=22.20,h=36.23,p=1011.37",46298,212.70,True
1516,"t=22.20,h=36.23,p=1011.36",46274,212.20,True
1517,"t=22.20,h=36.23,p=1011.36",46281,296.80,True
1518,"t=22.20,h=36.24,p=1011.35",46283,140.60,True
1519,"t=22.20,h=36.24,p=1011.35",46282,96.20,True
1520,"t=22.17,h=36.23,p=1011.29",46276,140.60,True
1521,"t=22.17,h=36.23,p=1011.29",46287,383.30,True
1522,"t=22.20,h=36.23,p=1011.35",46297,348.80,True
1523,"t=22.20,h=36.23,p=1011.35",46295,146.50,True
1524,"t=22.19,h=36.24,p=1011.32",46290,354.10,True
1525,"t=22.19,h=36.24,p=1011.32",46291,353.40,True
1526,"t=22.20,h=36.23,p=1011.37",46296,290.00,True
1527,"t=22.20,h=36.23,p=1011.37",46285,97.10,True
1528,"t=22.20,h=36.23,p=1011.35",46287,244.20,True
1529,"t=22.20,h=36.23,p=1011.35",46294,339.80,True
1530,"t=22.20,h=36.23,p=1011.35",46301,269.30,True
1531,"t=22.17,h=36.25,p=1011.29",46288,384.60,True
1532,"t=22.17,h=36.25,p=1011.29",46285,289.70,True
1533,"t=22.19,h=36.24,p=1011.34",46282,93.90,True
1534,"t=22.19,h=36.24,p=1011.34",46284,153.10,True
1535,"t=22.20,h=36.23,p=1011.36",46287,280.40,True
1536,"t=22.20,h=36.23,p=1011.36",46289,210.80,True
1537,"t=22.20,h=36.24,p=1011.35",46273,240.20,True
1538,"t=22.20,h=36.24,p=1011.35",46287,289.80,True
1539,"t=22.20,h=36.24,p=1011.33",46284,293.30,True
1540,"t=22.20,h=36.24,p=1011.33",46280,286.80,True
1541,"t=22.20,h=36.25,p=1011.37",46278,352.10,True
1542,"t=22.20,h=36.25,p=1011.37",46292,96.20,True
1543,"t=22.20,h=36.23,p=1011.36",46277,362.50,True
1544,"t=22.20,h=36.23,p=1011.36",46286,178.30,True
1545,"t=22.20,h=36.24,p=1011.36",46277,159.60,True
1546,"t=22.20,h=36.24,p=1011.36",46285,95.50,True
1547,"t=22.20,h=36.25,p=1011.38",46282,350.20,True
1548,"t=22.20,h=36.25,p=1011.38",46290,354.00,True
1549,"t=22.20,h=36.22,p=1011.38",46299,175.10,True
1550,"t=22.20,h=36.22,p=1011.38",46294,94.50,True
1551,"t=22.19,h=36.23,p=1011.34",46280,241.80,True
1552,"t=22.19,h=36.23,p=1011.34",46288,335.80,True
1553,"t=22.20,h=36.23,p=1011.37",46292,215.70,True
1554,"t=22.20,h=36.23,p=1011.37",46284,139.10,True
1555,"t=22.20,h=36.23,p=1011.37",46292,94.90,True
1556,"t=22.20,h=36.23,p=1011.37",46290,350.30,True
1557,"t=22.20,h=36.23,p=1011.37",46294,258.70,True
1558,"t=22.20,h=36.23,p=1011.37",46295,173.40,True
1559,"t=22.19,h=36.22,p=1011.33",46291,94.70,True
1560,"t=22.19,h=36.22,p=1011.33",46296,348.40,True
1561,"t=22.20,h=36.23,p=1011.37",46293,329.10,True
1562,"t=22.20,h=36.23,p=1011.37",46294,286.60,True
1563,"t=22.18,h=36.26,p=1011.32",46276,267.30,True
1564,"t=22.18,h=36.26,p=1011.32",46286,215.70,True
1565,"t=22.20,h=36.23,p=1011.38",46277,143.40,True
1566,"t=22.20,h=36.23,p=1011.38",46284,96.50,True
1567,"t=22.18,h=36.23,p=1011.34",46274,168.60,True
1568,"t=22.18,h=36.23,p=1011.34",46284,351.30,True
1569,"t=22.18,h=36.23,p=1011.31",46298,135.70,True
1570,"t=22.18,h=36.23,p=1011.31",46289,406.00,True
1571,"t=22.20,h=36.24,p=1011.35",46285,156.70,True
1572,"t=22.20,h=36.24,p=1011.35",46278,351.20,True
1573,"t=22.20,h=36.23,p=1011.35",46316,141.00,True
1574,"t=22.20,h=36.23,p=1011.35",46297,94.80,True
1575,"t=22.20,h=36.24,p=1011.37",46273,153.50,True
1576,"t=22.20,h=36.24,p=1011.37",46284,93.60,True
1577,"t=22.20,h=36.24,p=1011.36",46277,341.30,True
1578,"t=22.20,h=36.24,p=1011.36",46290,354.60,True
1579,"t=22.20,h=36.23,p=1011.34",46284,351.70,True
1580,"t=22.20,h=36.23,p=1011.34",46284,351.50,True
1581,"t=22.20,h=36.24,p=1011.36",46287,356.20,True
1582,"t=22.20,h=36.24,p=1011.36",46283,94.90,True
1583,"t=22.20,h=36.24,p=1011.36",46277,93.10,True
1584,"t=22.20,h=36.24,p=1011.36",46308,349.50,True
1585,"t=22.20,h=36.24,p=1011.36",46289,254.50,True
1586,"t=22.20,h=36.23,p=1011.37",46284,360.10,True
1587,"t=22.20,h=36.23,p=1011.37",46296,194.80,True
1588,"t=22.20,h=36.24,p=1011.37",46274,350.10,True
1589,"t=22.20,h=36.24,p=1011.37",46285,155.70,True
1590,"t=22.20,h=36.26,p=1011.36",46299,95.20,True
1591,"t=22.20,h=36.26,p=1011.36",46288,94.70,True
1592,"t=22.20,h=36.24,p=1011.34",46279,95.90,True
1593,"t=22.20,h=36.24,p=1011.34",46294,330.80,True
1594,"t=22.20,h=36.24,p=1011.36",46286,222.20,True
1595,"t=22.20,h=36.24,p=1011.36",46284,107.50,True
1596,"t=22.20,h=36.25,p=1011.36",46284,95.40,True
1597,"t=22.20,h=36.25,p=1011.36",46285,264.50,True
1598,"t=22.20,h=36.28,p=1011.37",46290,218.30,True
1599,"t=22.20,h=36.28,p=1011.37",46290,350.90,True
1600,"t=22.18,h=36.26,p=1011.33",46284,193.00,True
1601,"t=22.18,h=36.26,p=1011.33",46271,396.80,True
1602,"t=22.18,h=36.24,p=1011.33",46292,217.30,True
1603,"t=22.18,h=36.24,p=1011.33",46282,320.50,True
1604,"t=22.18,h=36.27,p=1011.34",46285,96.40,True
1605,"t=22.18,h=36.27,p=1011.34",46276,121.00,True
1606,"t=22.18,h=36.27,p=1011.34",46283,96.90,True
1607,"t=22.18,h=36.27,p=1011.34",46271,94.30,True
1608,"t=22.18,h=36.29,p=1011.33",46288,376.30,True
1609,"t=22.18,h=36.29,p=1011.33",46289,396.20,True
1610,"t=22.19,h=36.29,p=1011.37",46288,95.30,True
1611,"t=22.19,h=36.29,p=1011.37",46278,94.50,True
1612,"t=22.20,h=36.28,p=1011.34",46277,353.60,True
1613,"t=22.20,h=36.28,p=1011.34",46289,290.20,True
1614,"t=22.20,h=36.28,p=1011.39",46285,136.70,True
1615,"t=22.20,h=36.28,p=1011.39",46290,273.70,True
1616,"t=22.20,h=36.28,p=1011.35",46287,222.00,True
1617,"t=22.20,h=36.28,p=1011.35",46277,211.50,True
1618,"t=22.19,h=36.28,p=1011.34",46276,184.00,True
1619,"t=22.19,h=36.28,p=1011.34",46287,94.50,True
1620,"t=22.20,h=36.29,p=1011.36",46278,144.90,True
1621,"t=22.20,h=36.29,p=1011.36",46289,120.20,True
1622,"t=22.20,h=36.28,p=1011.33",46275,96.40,True
1623,"t=22.20,h=36.28,p=1011.33",46282,119.60,True
1624,"t=22.20,h=36.29,p=1011.35",46287,95.60,True
1625,"t=22.20,h=36.29,p=1011.35",46280,341.80,True
1626,"t=22.20,h=36.29,p=1011.32",46281,369.80,True
1627,"t=22.20,h=36.29,p=1011.32",46277,351.20,True
1628,"t=22.20,h=36.29,p=1011.34",46288,351.70,True
1629,"t=22.20,h=36.29,p=1011.34",46287,138.50,True
1630,"t=22.20,h=36.29,p=1011.35",46274,93.80,True
1631,"t=22.20,h=36.29,p=1011.35",46278,263.80,True
1632,"t=22.20,h=36.30,p=1011.35",46285,220.50,True
1633,"t=22.20,h=36.30,p=1011.35",46276,401.80,True
1634,"t=22.20,h=36.30,p=1011.35",46292,97.40,True
1635,"t=22.20,h=36.29,p=1011.35",46277,95.10,True
1636,"t=22.20,h=36.29,p=1011.35",46276,241.00,True
1637,"t=22.20,h=36.30,p=1011.38",46285,214.00,True
1638,"t=22.20,h=36.30,p=1011.38",46276,272.70,True
1639,"t=22.17,h=36.29,p=1011.30",46292,355.30,True
1640,"t=22.17,h=36.29,p=1011.30",46295,286.40,True
1641,"t=22.18,h=36.32,p=1011.33",46278,94.80,True
1642,"t=22.18,h=36.32,p=1011.33",46288,324.70,True
1643,"t=22.20,h=36.31,p=1011.36",46292,188.20,True
1644,"t=22.20,h=36.31,p=1011.36",46296,117.60,True
1645,"t=22.18,h=36.31,p=1011.31",46278,95.90,True
1646,"t=22.18,h=36.31,p=1011.31",46284,355.70,True
1647,"t=22.20,h=36.31,p=1011.36",46291,95.60,True
1648,"t=22.20,h=36.31,p=1011.36",46288,380.40,True
1649,"t=22.20,h=36.31,p=1011.33",46291,96.90,True
1650,"t=22.20,h=36.31,p=1011.33",46281,95.70,True
1651,"t=22.21,h=36.33,p=1011.38",46277,341.90,True
1652,"t=22.21,h=36.33,p=1011.38",46286,96.00,True
1653,"t=22.20,h=36.32,p=1011.36",46280,266.50,True
1654,"t=22.20,h=36.32,p=1011.36",46287,217.20,True
1655,"t=22.20,h=36.35,p=1011.39",46280,350.70,True
1656,"t=22.20,h=36.35,p=1011.39",46286,273.30,True
1657,"t=22.20,h=36.35,p=1011.37",46294,215.30,True
1658,"t=22.20,h=36.35,p=1011.37",46276,97.30,True
1659,"t=22.20,h=36.35,p=1011.38",46279,254.00,True
1660,"t=22.20,h=36.35,p=1011.38",46284,217.90,True
1661,"t=22.20,h=36.32,p=1011.40",46308,325.90,True
1662,"t=22.20,h=36.32,p=1011.40",46293,350.80,True
1663,"t=22.20,h=36.33,p=1011.38",46285,290.60,True
1664,"t=22.20,h=36.33,p=1011.38",46276,327.10,True
1665,"t=22.20,h=36.33,p=1011.36",46285,255.30,True
1666,"t=22.20,h=36.33,p=1011.36",46289,260.00,True
1667,"t=22.20,h=36.32,p=1011.37",46283,262.40,True
1668,"t=22.20,h=36.32,p=1011.37",46283,213.80,True
1669,"t=22.20,h=36.32,p=1011.35",46272,213.70,True
1670,"t=22.20,h=36.32,p=1011.35",46279,324.10,True
1671,"t=22.20,h=36.32,p=1011.37",46280,278.60,True
1672,"t=22.20,h=36.32,p=1011.37",46287,186.60,True
1673,"t=22.20,h=36.32,p=1011.35",46292,95.20,True
1674,"t=22.20,h=36.32,p=1011.35",46275,264.70,True
1675,"t=22.19,h=36.32,p=1011.35",46286,213.80,True
1676,"t=22.19,h=36.32,p=1011.35",46276,257.50,True
1677,"t=22.18,h=36.33,p=1011.33",46305,351.90,True
1678,"t=22.18,h=36.33,p=1011.33",46301,96.80,True
1679,"t=22.20,h=36.33,p=1011.35",46280,145.40,True
1680,"t=22.20,h=36.33,p=1011.35",46285,96.10,True
1681,"t=22.19,h=36.32,p=1011.32",46280,308.20,True
1682,"t=22.19,h=36.32,p=1011.32",46286,142.00,True
1683,"t=22.20,h=36.32,p=1011.36",46287,96.50,True
1684,"t=22.20,h=36.32,p=1011.36",46277,95.50,True
1685,"t=22.20,h=36.32,p=1011.36",46278,333.10,True
1686,"t=22.20,h=36.33,p=1011.37",46290,157.20,True
1687,"t=22.20,h=36.33,p=1011.37",46281,260.80,True
1688,"t=22.20,h=36.32,p=1011.36",46285,219.10,True
1689,"t=22.20,h=36.32,p=1011.36",46300,402.90,True
1690,"t=22.20,h=36.33,p=1011.35",46290,109.00,True
1691,"t=22.20,h=36.33,p=1011.35",46274,108.20,True
1692,"t=22.21,h=36.33,p=1011.37",46279,350.20,True
1693,"t=22.21,h=36.33,p=1011.37",46285,264.80,True
1694,"t=22.20,h=36.32,p=1011.38",46294,341.50,True
1695,"t=22.20,h=36.32,p=1011.38",46293,210.20,True
1696,"t=22.20,h=36.31,p=1011.36",46282,212.30,True
1697,"t=22.20,h=36.31,p=1011.36",46282,211.60,True
1698,"t=22.20,h=36.33,p=1011.36",46277,350.50,True
1699,"t=22.20,h=36.33,p=1011.36",46284,272.20,True
1700,"t=22.20,h=36.33,p=1011.36",46288,213.20,True
1701,"t=22.20,h=36.33,p=1011.36",46272,124.70,True
1702,"t=22.20,h=36.32,p=1011.39",46276,353.90,True
1703,"t=22.20,h=36.32,p=1011.39",46282,125.90,True
1704,"t=22.20,h=36.32,p=1011.39",46279,327.00,True
1705,"t=22.20,h=36.32,p=1011.39",46288,297.20,True
1706,"t=22.20,h=36.33,p=1011.38",46275,94.10,True
1707,"t=22.20,h=36.33,p=1011.38",46279,380.80,True
1708,"t=22.20,h=36.33,p=1011.40",46292,304.50,True
1709,"t=22.20,h=36.33,p=1011.40",46281,157.40,True
1710,"t=22.20,h=36.32,p=1011.37",46282,266.00,True
1711,"t=22.20,h=36.32,p=1011.37",46286,240.60,True
1712,"t=22.20,h=36.31,p=1011.36",46310,214.40,True
1713,"t=22.20,h=36.31,p=1011.36",46292,291.20,True
1714,"t=22.18,h=36.33,p=1011.30",46298,98.50,True
1715,"t=22.18,h=36.33,p=1011.30",46279,95.70,True
1716,"t=22.20,h=36.33,p=1011.39",46276,118.50,True
1717,"t=22.20,h=36.33,p=1011.39",46292,169.70,True
1718,"t=22.20,h=36.33,p=1011.40",46287,97.30,True
1719,"t=22.20,h=36.33,p=1011.40",46282,94.90,True
1720,"t=22.20,h=36.32,p=1011.40",46281,385.60,True
1721,"t=22.20,h=36.32,p=1011.40",46291,152.60,True
1722,"t=22.18,h=36.32,p=1011.36",46276,283.70,True
1723,"t=22.18,h=36.32,p=1011.36",46288,168.50,True
1724,"t=22.19,h=36.32,p=1011.33",46301,306.20,True
1725,"t=22.19,h=36.32,p=1011.33",46287,186.00,True
1726,"t=22.20,h=36.32,p=1011.37",46286,346.50,True
1727,"t=22.20,h=36.32,p=1011.37",46279,156.30,True
1728,"t=22.20,h=36.32,p=1011.39",46280,96.40,True
1729,"t=22.20,h=36.32,p=1011.39",46275,145.80,True
1730,"t=22.20,h=36.32,p=1011.38",46295,95.40,True
1731,"t=22.20,h=36.32,p=1011.38",46282,235.80,True
1732,"t=22.20,h=36.32,p=1011.40",46293,387.10,True
1733,"t=22.20,h=36.32,p=1011.40",46291,230.10,True
1734,"t=22.20,h=36.32,p=1011.36",46277,95.00,True
1735,"t=22.20,h=36.32,p=1011.36",46278,352.00,True
1736,"t=22.20,h=36.32,p=1011.39",46286,296.00,True
1737,"t=22.20,h=36.32,p=1011.39",46277,328.00,True
1738,"t=22.20,h=36.32,p=1011.39",46286,98.50,True
1739,"t=22.20,h=36.33,p=1011.37",46282,281.00,True
1740,"t=22.20,h=36.33,p=1011.37",46289,207.40,True
1741,"t=22.20,h=36.32,p=1011.37",46286,182.90,True
1742,"t=22.20,h=36.32,p=1011.37",46281,96.10,True
1743,"t=22.21,h=36.35,p=1011.39",46281,136.40,True
1744,"t=22.21,h=36.35,p=1011.39",46284,97.40,True
1745,"t=22.21,h=36.33,p=1011.41",46281,189.80,True
1746,"t=22.21,h=36.33,p=1011.41",46284,96.00,True
1747,"t=22.20,h=36.32,p=1011.37",46275,94.30,True
1748,"t=22.20,h=36.32,p=1011.37",46271,239.90,True
1749,"t=22.20,h=36.32,p=1011.38",46293,337.00,True
1750,"t=22.20,h=36.32,p=1011.38",46291,150.30,True
1751,"t=22.20,h=36.35,p=1011.38",46275,289.60,True
1752,"t=22.20,h=36.35,p=1011.38",46285,215.10,True
1753,"t=22.20,h=36.32,p=1011.38",46280,208.90,True
1754,"t=22.20,h=36.32,p=1011.38",46284,347.40,True
1755,"t=22.21,h=36.32,p=1011.37",46284,283.60,True
1756,"t=22.21,h=36.32,p=1011.37",46286,120.40,True
1757,"t=22.18,h=36.32,p=1011.33",46294,96.40,True
1758,"t=22.18,h=36.32,p=1011.33",46285,93.50,True
1759,"t=22.20,h=36.32,p=1011.39",46274,95.10,True
1760,"t=22.20,h=36.32,p=1011.39",46276,93.50,True
1761,"t=22.20,h=36.32,p=1011.38",46281,141.50,True
1762,"t=22.20,h=36.32,p=1011.38",46293,94.30,True
1763,"t=22.19,h=36.32,p=1011.37",46275,222.00,True
1764,"t=22.19,h=36.32,p=1011.37",46290,94.50,True
1765,"t=22.21,h=36.35,p=1011.40",46279,96.00,True
1766,"t=22.21,h=36.35,p=1011.40",46284,94.70,True
1767,"t=22.20,h=36.32,p=1011.37",46273,95.30,True
1768,"t=22.20,h=36.32,p=1011.37",46277,148.40,True
1769,"t=22.21,h=36.31,p=1011.39",46289,120.40,True
1770,"t=22.21,h=36.31,p=1011.39",46282,96.20,True
1771,"t=22.20,h=36.31,p=1011.41",46280,329.60,True
1772,"t=22.20,h=36.31,p=1011.41",46294,271.00,True
1773,"t=22.20,h=36.32,p=1011.39",46284,216.40,True
1774,"t=22.20,h=36.32,p=1011.39",46282,142.70,True
1775,"t=22.20,h=36.31,p=1011.38",46290,267.10,True
1776,"t=22.20,h=36.31,p=1011.38",46289,217.00,True
1777,"t=22.20,h=36.32,p=1011.38",46279,200.60,True
1778,"t=22.20,h=36.32,p=1011.38",46287,346.10,True
1779,"t=22.20,h=36.32,p=1011.37",46282,348.90,True
1780,"t=22.20,h=36.32,p=1011.37",46291,154.90,True
1781,"t=22.20,h=36.32,p=1011.38",46296,173.50,True
1782,"t=22.20,h=36.32,p=1011.38",46289,118.10,True
1783,"t=22.20,h=36.32,p=1011.38",46283,93.50,True
1784,"t=22.20,h=36.32,p=1011.38",46282,346.60,True
1785,"t=22.20,h=36.32,p=1011.39",46290,218.40,True
1786,"t=22.20,h=36.32,p=1011.39",46275,288.00,True
1787,"t=22.20,h=36.32,p=1011.37",46282,212.90,True
1788,"t=22.20,h=36.29,p=1011.37",46272,217.80,True
1789,"t=22.20,h=36.29,p=1011.37",46276,353.60,True
1790,"t=22.20,h=36.31,p=1011.37",46289,150.50,True
1791,"t=22.20,h=36.31,p=1011.37",46288,110.50,True
1792,"t=22.19,h=36.31,p=1011.34",46283,94.60,True
1793,"t=22.19,h=36.31,p=1011.34",46284,118.00,True
1794,"t=22.20,h=36.32,p=1011.37",46291,167.50,True
1795,"t=22.20,h=36.32,p=1011.37",46272,299.20,True
1796,"t=22.20,h=36.31,p=1011.38",46277,292.90,True
1797,"t=22.20,h=36.31,p=1011.38",46280,354.40,True
1798,"t=22.20,h=36.32,p=1011.37",46284,96.50,True
1799,"t=22.20,h=36.32,p=1011.37",46274,176.70,True
1800,"t=22.18,h=36.31,p=1011.31",46290,143.20,True
1801,"t=22.18,h=36.31,p=1011.31",46285,96.60,True
1802,"t=22.18,h=36.31,p=1011.32",46279,93.70,True
1803,"t=22.18,h=36.31,p=1011.32",46280,93.60,True
1804,"t=22.20,h=36.29,p=1011.36",46281,243.10,True
1805,"t=22.20,h=36.29,p=1011.36",46287,328.90,True
1806,"t=22.20,h=36.31,p=1011.37",46293,326.50,True
1807,"t=22.20,h=36.31,p=1011.37",46291,213.90,True
1808,"t=22.21,h=36.33,p=1011.40",46282,379.50,True
1809,"t=22.21,h=36.33,p=1011.40",46283,335.60,True
1810,"t=22.21,h=36.32,p=1011.37",46286,351.10,True
1811,"t=22.21,h=36.32,p=1011.37",46289,95.80,True
1812,"t=22.21,h=36.30,p=1011.39",46285,147.30,True
1813,"t=22.21,h=36.30,p=1011.39",46297,97.30,True
1814,"t=22.21,h=36.29,p=1011.36",46275,145.20,True
1815,"t=22.21,h=36.29,p=1011.36",46285,96.20,True
1816,"t=22.21,h=36.31,p=1011.39",46280,112.10,True
1817,"t=22.21,h=36.31,p=1011.39",46283,94.40,True
1818,"t=22.21,h=36.31,p=1011.39",46279,94.40,True
1819,"t=22.21,h=36.31,p=1011.39",46286,390.30,True
1820,"t=22.21,h=36.31,p=1011.40",46297,216.10,True
1821,"t=22.21,h=36.31,p=1011.40",46294,325.50,True
1822,"t=22.21,h=36.31,p=1011.40",46295,298.10,True
1823,"t=22.21,h=36.31,p=1011.40",46324,260.90,True
1824,"t=22.21,h=36.32,p=1011.38",46287,215.30,True
1825,"t=22.21,h=36.32,p=1011.38",46278,143.30,True
1826,"t=22.21,h=36.31,p=1011.35",46285,353.90,True
1827,"t=22.21,h=36.31,p=1011.35",46284,265.50,True
1828,"t=22.20,h=36.32,p=1011.36",46291,264.60,True
1829,"t=22.20,h=36.32,p=1011.36",46287,213.80,True
1830,"t=22.19,h=36.31,p=1011.35",46278,125.10,True
1831,"t=22.19,h=36.31,p=1011.35",46276,92.50,True
1832,"t=22.20,h=36.31,p=1011.39",46285,195.60,True
1833,"t=22.20,h=36.31,p=1011.39",46291,94.80,True
1834,"t=22.20,h=36.31,p=1011.38",46287,350.60,True
1835,"t=22.20,h=36.31,p=1011.38",46288,99.20,True
1836,"t=22.19,h=36.32,p=1011.36",46270,337.80,True
1837,"t=22.19,h=36.32,p=1011.36",46278,366.70,True
1838,"t=22.19,h=36.32,p=1011.36",46280,327.50,True
1839,"t=22.18,h=36.31,p=1011.33",46294,267.20,True
1840,"t=22.18,h=36.31,p=1011.33",46289,350.70,True
1841,"t=22.20,h=36.32,p=1011.37",46285,366.90,True
1842,"t=22.20,h=36.32,p=1011.37",46279,350.30,True
1843,"t=22.20,h=36.33,p=1011.38",46303,199.70,True
1844,"t=22.20,h=36.33,p=1011.38",46275,94.20,True
1845,"t=22.20,h=36.33,p=1011.37",46284,290.80,True
1846,"t=22.20,h=36.33,p=1011.37",46290,210.60,True
1847,"t=22.20,h=36.35,p=1011.36",46277,212.30,True
1848,"t=22.20,h=36.35,p=1011.36",46273,135.50,True
1849,"t=22.20,h=36.32,p=1011.35",46281,373.70,True
1850,"t=22.20,h=36.32,p=1011.35",46284,131.50,True
1851,"t=22.21,h=36.35,p=1011.37",46297,270.40,True
1852,"t=22.21,h=36.35,p=1011.37",46299,391.10,True
1853,"t=22.20,h=36.33,p=1011.35",46285,350.10,True
1854,"t=22.20,h=36.33,p=1011.35",46286,265.00,True
1855,"t=22.21,h=36.35,p=1011.36",46286,163.20,True
1856,"t=22.21,h=36.35,p=1011.36",46288,96.00,True
1857,"t=22.21,h=36.35,p=1011.36",46275,280.70,True
1858,"t=22.21,h=36.35,p=1011.36",46287,214.40,True
1859,"t=22.20,h=36.33,p=1011.38",46277,139.90,True
1860,"t=22.20,h=36.33,p=1011.38",46281,353.80,True
1861,"t=22.21,h=36.35,p=1011.40",46291,353.60,True
1862,"t=22.21,h=36.35,p=1011.40",46289,180.40,True
1863,"t=22.20,h=36.33,p=1011.36",46273,95.50,True
1864,"t=22.20,h=36.33,p=1011.36",46284,351.10,True
1865,"t=22.20,h=36.36,p=1011.39",46287,456.00,True
1866,"t=22.20,h=36.36,p=1011.39",46286,130.10,True
1867,"t=22.20,h=36.36,p=1011.37",46271,94.30,True
1868,"t=22.20,h=36.36,p=1011.37",46274,345.90,True
1869,"t=22.21,h=36.35,p=1011.40",46290,325.70,True
1870,"t=22.21,h=36.35,p=1011.40",46294,386.20,True
1871,"t=22.19,h=36.36,p=1011.36",46294,162.70,True
1872,"t=22.19,h=36.36,p=1011.36",46297,272.30,True
1873,"t=22.21,h=36.35,p=1011.37",46297,138.20,True
1874,"t=22.21,h=36.35,p=1011.37",46297,96.10,True
1875,"t=22.19,h=36.34,p=1011.32",46279,117.50,True
1876,"t=22.19,h=36.34,p=1011.32",46291,350.90,True
1877,"t=22.18,h=36.34,p=1011.31",46288,145.10,True
1878,"t=22.18,h=36.34,p=1011.31",46290,94.80,True
1879,"t=22.20,h=36.35,p=1011.35",46280,361.50,True
1880,"t=22.20,h=36.35,p=1011.35",46287,308.00,True
1881,"t=22.20,h=36.35,p=1011.33",46279,352.20,True
1882,"t=22.20,h=36.35,p=1011.33",46286,383.10,True
1883,"t=22.20,h=36.35,p=1011.35",46289,115.70,True
1884,"t=22.20,h=36.35,p=1011.35",46279,117.30,True
1885,"t=22.20,h=36.35,p=1011.34",46280,313.50,True
1886,"t=22.20,h=36.35,p=1011.34",46278,246.40,True
1887,"t=22.20,h=36.36,p=1011.36",46296,175.20,True
1888,"t=22.20,h=36.36,p=1011.36",46283,148.10,True
1889,"t=22.21,h=36.36,p=1011.37",46287,348.50,True
1890,"t=22.21,h=36.36,p=1011.37",46335,141.50,True
1891,"t=22.20,h=36.35,p=1011.34",46281,95.60,True
1892,"t=22.20,h=36.35,p=1011.34",46291,272.50,True
1893,"t=22.20,h=36.35,p=1011.34",46278,126.30,True
1894,"t=22.21,h=36.35,p=1011.37",46293,96.20,True
1895,"t=22.21,h=36.35,p=1011.37",46292,169.70,True
1896,"t=22.21,h=36.33,p=1011.37",46293,115.60,True
1897,"t=22.21,h=36.33,p=1011.37",46275,330.50,True
1898,"t=22.21,h=36.35,p=1011.37",46303,268.40,True
1899,"t=22.21,h=36.35,p=1011.37",46301,357.10,True
1900,"t=22.20,h=36.33,p=1011.36",46286,108.90,True
1901,"t=22.20,h=36.33,p=1011.36",46280,359.70,True
1902,"t=22.21,h=36.36,p=1011.34",46285,295.10,True
1903,"t=22.21,h=36.36,p=1011.34",46281,268.70,True
1904,"t=22.21,h=36.36,p=1011.31",46288,190.10,True
1905,"t=22.21,h=36.36,p=1011.31",46292,96.50,True
1906,"t=22.18,h=36.36,p=1011.30",46278,95.30,True
1907,"t=22.18,h=36.36,p=1011.30",46294,166.50,True
1908,"t=22.21,h=36.36,p=1011.34",46286,117.40,True
1909,"t=22.21,h=36.36,p=1011.34",46285,276.60,True
1910,"t=22.19,h=36.36,p=1011.33",46286,267.00,True
1911,"t=22.19,h=36.36,p=1011.33",46285,215.20,True
1912,"t=22.18,h=36.36,p=1011.29",46273,345.60,True
1913,"t=22.18,h=36.36,p=1011.29",46284,198.70,True
1914,"t=22.21,h=36.35,p=1011.32",46280,195.10,True
1915,"t=22.21,h=36.35,p=1011.32",46289,263.90,True
1916,"t=22.20,h=36.35,p=1011.34",46284,146.10,True
1917,"t=22.20,h=36.35,p=1011.34",46279,95.60,True
1918,"t=22.21,h=36.37,p=1011.35",46285,263.50,True
1919,"t=22.21,h=36.37,p=1011.35",46288,305.50,True
1920,"t=22.21,h=36.36,p=1011.34",46299,98.70,True
1921,"t=22.21,h=36.36,p=1011.34",46276,95.40,True
1922,"t=22.21,h=36.35,p=1011.35",46282,260.50,True
1923,"t=22.21,h=36.35,p=1011.35",46285,192.80,True
1924,"t=22.20,h=36.37,p=1011.36",46283,97.60,True
1925,"t=22.20,h=36.37,p=1011.36",46274,96.60,True
1926,"t=22.21,h=36.35,p=1011.35",46277,351.80,True
1927,"t=22.21,h=36.35,p=1011.35",46284,95.20,True
1928,"t=22.21,h=36.36,p=1011.35",46277,343.60,True
1929,"t=22.21,h=36.36,p=1011.35",46284,140.80,True
1930,"t=22.20,h=36.36,p=1011.33",46292,136.40,True
1931,"t=22.20,h=36.36,p=1011.33",46295,95.50,True
1932,"t=22.20,h=36.35,p=1011.33",46283,95.70,True
1933,"t=22.20,h=36.35,p=1011.33",46286,206.90,True
1934,"t=22.20,h=36.36,p=1011.34",46283,355.00,True
1935,"t=22.20,h=36.36,p=1011.34",46291,149.00,True
1936,"t=22.21,h=36.36,p=1011.36",46293,350.30,True
1937,"t=22.21,h=36.36,p=1011.36",46294,354.90,True
1938,"t=22.20,h=36.36,p=1011.35",46285,198.00,True
1939,"t=22.20,h=36.36,p=1011.35",46291,143.30,True
1940,"t=22.21,h=36.36,p=1011.33",46295,342.50,True
1941,"t=22.21,h=36.36,p=1011.33",46288,193.60,True
1942,"t=22.21,h=36.35,p=1011.33",46293,94.50,True
1943,"t=22.21,h=36.35,p=1011.33",46278,157.00,True
1944,"t=22.21,h=36.35,p=1011.33",46292,93.70,True
1945,"t=22.20,h=36.37,p=1011.35",46280,95.10,True
1946,"t=22.20,h=36.37,p=1011.35",46288,363.90,True
1947,"t=22.20,h=36.35,p=1011.32",46291,96.00,True
1948,"t=22.20,h=36.35,p=1011.32",46317,278.10,True
1949,"t=22.18,h=36.36,p=1011.29",46282,239.60,True
1950,"t=22.18,h=36.36,p=1011.29",46282,141.90,True
1951,"t=22.19,h=36.34,p=1011.31",46292,96.70,True
1952,"t=22.19,h=36.34,p=1011.31",46280,352.40,True
1953,"t=22.20,h=36.33,p=1011.31",46290,353.50,True
1954,"t=22.20,h=36.33,p=1011.31",46286,267.90,True
1955,"t=22.19,h=36.36,p=1011.30",46276,95.10,True
1956,"t=22.19,h=36.36,p=1011.30",46279,263.70,True
1957,"t=22.20,h=36.33,p=1011.35",46287,215.70,True
1958,"t=22.20,h=36.33,p=1011.35",46280,233.90,True
1959,"t=22.21,h=36.35,p=1011.36",46285,96.80,True
1960,"t=22.21,h=36.35,p=1011.36",46283,94.30,True
1961,"t=22.21,h=36.33,p=1011.34",46275,187.20,True
1962,"t=22.21,h=36.33,p=1011.34",46287,354.80,True
1963,"t=22.21,h=36.33,p=1011.36",46291,143.90,True
1964,"t=22.21,h=36.33,p=1011.36",46289,354.00,True
1965,"t=22.20,h=36.31,p=1011.35",46293,348.80,True
1966,"t=22.20,h=36.31,p=1011.35",46288,368.50,True
1967,"t=22.20,h=36.33,p=1011.36",46287,295.80,True
1968,"t=22.20,h=36.33,p=1011.36",46272,287.00,True
1969,"t=22.20,h=36.33,p=1011.34",46285,356.60,True
1970,"t=22.20,h=36.33,p=1011.34",46287,290.40,True
1971,"t=22.21,h=36.32,p=1011.35",46276,154.40,True
1972,"t=22.21,h=36.32,p=1011.35",46276,270.80,True
1973,"t=22.21,h=36.31,p=1011.34",46290,166.60,True
1974,"t=22.21,h=36.31,p=1011.34",46286,96.00,True
1975,"t=22.21,h=36.31,p=1011.33",46280,95.90,True
1976,"t=22.21,h=36.31,p=1011.33",46293,349.00,True
1977,"t=22.21,h=36.33,p=1011.35",46296,271.00,True
1978,"t=22.21,h=36.33,p=1011.35",46305,142.10,True
1979,"t=22.21,h=36.32,p=1011.34",46295,140.70,True
1980,"t=22.21,h=36.32,p=1011.34",46293,96.00,True
1981,"t=22.21,h=36.32,p=1011.32",46272,94.80,True
1982,"t=22.21,h=36.32,p=1011.32",46276,94.90,True
1983,"t=22.21,h=36.32,p=1011.34",46286,329.20,True
1984,"t=22.21,h=36.32,p=1011.34",46296,353.20,True
1985,"t=22.20,h=36.32,p=1011.33",46292,95.00,True
1986,"t=22.20,h=36.32,p=1011.33",46277,92.60,True
1987,"t=22.21,h=36.32,p=1011.35",46281,96.00,True
1988,"t=22.21,h=36.32,p=1011.35",46276,313.50,True
1989,"t=22.21,h=36.32,p=1011.34",46304,97.10,True
1990,"t=22.21,h=36.32,p=1011.34",46284,94.80,True
1991,"t=22.21,h=36.32,p=1011.33",46274,96.60,True
1992,"t=22.21,h=36.32,p=1011.33",46276,97.40,True
1993,"t=22.21,h=36.32,p=1011.34",46289,93.90,True
1994,"t=22.21,h=36.32,p=1011.34",46292,265.80,True
1995,"t=22.21,h=36.32,p=1011.34",46298,230.70,True
1996,"t=22.21,h=36.33,p=1011.31",46292,143.20,True
1997,"t=22.21,h=36.33,p=1011.31",46310,145.00,True
1998,"t=22.21,h=36.30,p=1011.33",46285,96.90,True
1999,"t=22.21,h=36.30,p=1011.33",46279,95.00,True
2000,"t=22.21,h=36.32,p=1011.34",46290,356.50,True
2001,"t=22.21,h=36.32,p=1011.34",46299,194.00,True
2002,"t=22.21,h=36.32,p=1011.35",46278,352.00,True
2003,"t=22.21,h=36.32,p=1011.35",46291,200.70,True
2004,"t=22.21,h=36.32,p=1011.37",46295,361.90,True
2005,"t=22.21,h=36.32,p=1011.37",46284,290.70,True
2006,"t=22.21,h=36.31,p=1011.35",46279,132.10,True
2007,"t=22.21,h=36.31,p=1011.35",46272,92.60,True
2008,"t=22.21,h=36.32,p=1011.37",46278,141.30,True
2009,"t=22.21,h=36.32,p=1011.37",46286,384.50,True
2010,"t=22.21,h=36.31,p=1011.35",46287,222.40,True
2011,"t=22.21,h=36.31,p=1011.35",46293,269.20,True
2012,"t=22.21,h=36.30,p=1011.34",46294,349.20,True
2013,"t=22.21,h=36.30,p=1011.34",46308,187.10,True
2014,"t=22.21,h=36.31,p=1011.33",46282,95.70,True
2015,"t=22.21,h=36.31,p=1011.33",46279,153.40,True
2016,"t=22.21,h=36.32,p=1011.36",46281,243.00,True
2017,"t=22.21,h=36.32,p=1011.36",46280,141.50,True
2018,"t=22.21,h=36.33,p=1011.36",46279,95.10,True
2019,"t=22.21,h=36.33,p=1011.36",46282,296.80,True
2020,"t=22.21,h=36.32,p=1011.34",46303,213.70,True
2021,"t=22.21,h=36.32,p=1011.34",46285,143.90,True
2022,"t=22.20,h=36.31,p=1011.35",46294,327.50,True
2023,"t=22.20,h=36.31,p=1011.35",46291,350.70,True
2024,"t=22.19,h=36.31,p=1011.32",46294,206.20,True
2025,"t=22.19,h=36.31,p=1011.32",46310,349.60,True
2026,"t=22.20,h=36.31,p=1011.33",46291,353.30,True
2027,"t=22.20,h=36.31,p=1011.33",46295,215.70,True
2028,"t=22.21,h=36.31,p=1011.33",46279,195.10,True
2029,"t=22.21,h=36.31,p=1011.33",46293,350.00,True
2030,"t=22.18,h=36.31,p=1011.31",46287,200.10,True
2031,"t=22.18,h=36.31,p=1011.31",46278,94.80,True
2032,"t=22.21,h=36.31,p=1011.37",46285,143.00,True
2033,"t=22.21,h=36.31,p=1011.37",46286,117.10,True
2034,"t=22.21,h=36.31,p=1011.35",46305,188.60,True
2035,"t=22.21,h=36.31,p=1011.35",46284,269.10,True
2036,"t=22.21,h=36.31,p=1011.33",46292,183.80,True
2037,"t=22.21,h=36.31,p=1011.33",46276,94.50,True
2038,"t=22.21,h=36.31,p=1011.36",46286,117.00,True
2039,"t=22.21,h=36.31,p=1011.36",46283,282.80,True
2040,"t=22.21,h=36.31,p=1011.36",46283,213.30,True
2041,"t=22.21,h=36.31,p=1011.36",46274,210.90,True
2042,"t=22.21,h=36.31,p=1011.36",46278,114.90,True
2043,"t=22.21,h=36.31,p=1011.36",46274,188.30,True
2044,"t=22.21,h=36.31,p=1011.35",46283,303.00,True
2045,"t=22.21,h=36.31,p=1011.35",46282,111.30,True
2046,"t=22.21,h=36.31,p=1011.35",46270,94.40,True
2047,"t=22.21,h=36.30,p=1011.33",46276,142.00,True
2048,"t=22.21,h=36.30,p=1011.33",46284,95.70,True
2049,"t=22.21,h=36.32,p=1011.36",46273,158.90,True
2050,"t=22.21,h=36.32,p=1011.36",46281,97.90,True
2051,"t=22.21,h=36.31,p=1011.35",46274,254.70,True
2052,"t=22.21,h=36.31,p=1011.35",46282,240.30,True
2053,"t=22.21,h=36.33,p=1011.35",46285,179.10,True
2054,"t=22.21,h=36.33,p=1011.35",46295,95.30,True
2055,"t=22.21,h=36.29,p=1011.34",46279,352.50,True
2056,"t=22.21,h=36.29,p=1011.34",46284,123.00,True
2057,"t=22.21,h=36.31,p=1011.34",46281,92.70,True
2058,"t=22.21,h=36.31,p=1011.34",46280,350.70,True
2059,"t=22.21,h=36.30,p=1011.34",46289,96.20,True
2060,"t=22.21,h=36.30,p=1011.34",46289,349.60,True
2061,"t=22.19,h=36.30,p=1011.30",46283,97.80,True
2062,"t=22.19,h=36.30,p=1011.30",46289,302.60,True
2063,"t=22.19,h=36.29,p=1011.33",46283,351.30,True
2064,"t=22.19,h=36.29,p=1011.33",46286,177.80,True
2065,"t=22.19,h=36.29,p=1011.29",46275,94.80,True
2066,"t=22.19,h=36.29,p=1011.29",46279,143.50,True
2067,"t=22.21,h=36.29,p=1011.36",46280,96.00,True
2068,"t=22.21,h=36.29,p=1011.36",46301,193.40,True
2069,"t=22.19,h=36.29,p=1011.31",46287,95.90,True
2070,"t=22.19,h=36.29,p=1011.31",46281,93.30,True
2071,"t=22.21,h=36.29,p=1011.34",46277,345.20,True
2072,"t=22.21,h=36.29,p=1011.34",46290,213.10,True
2073,"t=22.21,h=36.29,p=1011.35",46275,319.00,True
2074,"t=22.21,h=36.29,p=1011.35",46289,349.10,True
2075,"t=22.21,h=36.27,p=1011.34",46296,191.60,True
2076,"t=22.21,h=36.27,p=1011.34",46286,94.70,True
2077,"t=22.21,h=36.29,p=1011.36",46286,266.80,True
2078,"t=22.21,h=36.29,p=1011.36",46282,213.70,True
2079,"t=22.21,h=36.31,p=1011.35",46276,351.50,True
2080,"t=22.21,h=36.31,p=1011.35",46284,270.20,True
2081,"t=22.21,h=36.29,p=1011.36",46282,212.40,True
2082,"t=22.21,h=36.29,p=1011.36",46272,207.90,True
2083,"t=22.21,h=36.29,p=1011.35",46275,210.00,True
2084,"t=22.21,h=36.29,p=1011.35",46275,280.90,True
2085,"t=22.21,h=36.28,p=1011.35",46286,139.70,True
2086,"t=22.21,h=36.28,p=1011.35",46283,94.20,True
2087,"t=22.21,h=36.28,p=1011.37",46289,94.30,True
2088,"t=22.21,h=36.28,p=1011.37",46319,265.60,True
2089,"t=22.21,h=36.28,p=1011.35",46290,261.10,True
2090,"t=22.21,h=36.28,p=1011.35",46285,132.40,True
2091,"t=22.21,h=36.28,p=1011.36",46284,97.70,True
2092,"t=22.21,h=36.28,p=1011.36",46277,185.80,True
2093,"t=22.21,h=36.28,p=1011.38",46288,388.30,True
2094,"t=22.21,h=36.28,p=1011.38",46291,208.00,True
2095,"t=22.21,h=36.27,p=1011.36",46276,95.00,True
2096,"t=22.21,h=36.27,p=1011.36",46276,101.50,True
2097,"t=22.21,h=36.27,p=1011.36",46280,352.00,True
2098,"t=22.21,h=36.27,p=1011.35",46285,109.80,True
2099,"t=22.21,h=36.27,p=1011.35",46276,354.50,True
2100,"t=22.20,h=36.26,p=1011.33",46291,138.20,True
2101,"t=22.20,h=36.26,p=1011.33",46279,310.50,True
2102,"t=22.19,h=36.24,p=1011.35",46288,241.00,True
2103,"t=22.19,h=36.24,p=1011.35",46288,302.00,True
2104,"t=22.19,h=36.26,p=1011.32",46288,364.10,True
2105,"t=22.19,h=36.26,p=1011.32",46301,243.00,True
2106,"t=22.21,h=36.28,p=1011.36",46284,211.80,True
2107,"t=22.21,h=36.28,p=1011.36",46276,209.00,True
2108,"t=22.21,h=36.27,p=1011.35",46276,215.20,True
2109,"t=22.21,h=36.27,p=1011.35",46275,209.50,True
2110,"t=22.21,h=36.25,p=1011.35",46276,256.80,True
2111,"t=22.21,h=36.25,p=1011.35",46287,213.80,True
2112,"t=22.21,h=36.27,p=1011.35",46283,350.60,True
2113,"t=22.21,h=36.27,p=1011.35",46282,96.60,True
2114,"t=22.21,h=36.28,p=1011.35",46278,141.80,True
2115,"t=22.21,h=36.28,p=1011.35",46291,349.40,True
2116,"t=22.21,h=36.28,p=1011.38",46337,350.30,True
2117,"t=22.21,h=36.28,p=1011.38",46286,96.00,True
2118,"t=22.21,h=36.24,p=1011.33",46281,349.90,True
2119,"t=22.21,h=36.24,p=1011.33",46289,350.10,True
2120,"t=22.21,h=36.30,p=1011.37",46282,220.90,True
2121,"t=22.21,h=36.30,p=1011.37",46273,215.00,True
2122,"t=22.21,h=36.25,p=1011.37",46275,211.80,True
2123,"t=22.21,h=36.25,p=1011.37",46271,174.50,True
2124,"t=22.21,h=36.24,p=1011.37",46289,368.80,True
2125,"t=22.21,h=36.24,p=1011.37",46288,189.90,True
2126,"t=22.21,h=36.28,p=1011.40",46271,94.60,True
2127,"t=22.21,h=36.28,p=1011.40",46278,94.10,True
2128,"t=22.22,h=36.24,p=1011.38",46276,274.80,True
2129,"t=22.22,h=36.24,p=1011.38",46288,162.20,True
2130,"t=22.21,h=36.24,p=1011.37",46290,117.50,True
2131,"t=22.21,h=36.24,p=1011.37",46281,93.50,True
2132,"t=22.20,h=36.24,p=1011.34",46280,97.00,True
2133,"t=22.20,h=36.24,p=1011.34",46284,179.80,True
2134,"t=22.21,h=36.24,p=1011.38",46289,95.10,True
2135,"t=22.21,h=36.24,p=1011.38",46294,338.70,True
2136,"t=22.21,h=36.24,p=1011.34",46290,351.90,True
2137,"t=22.21,h=36.24,p=1011.34",46290,327.10,True
2138,"t=22.21,h=36.24,p=1011.36",46282,243.00,True
2139,"t=22.21,h=36.24,p=1011.36",46280,225.40,True
2140,"t=22.21,h=36.23,p=1011.34",46280,322.00,True
2141,"t=22.21,h=36.23,p=1011.34",46291,132.60,True
2142,"t=22.19,h=36.23,p=1011.31",46288,96.80,True
2143,"t=22.19,h=36.23,p=1011.31",46277,95.80,True
2144,"t=22.21,h=36.24,p=1011.34",46304,144.30,True
2145,"t=22.21,h=36.24,p=1011.34",46290,267.80,True
2146,"t=22.21,h=36.23,p=1011.33",46293,155.80,True
2147,"t=22.21,h=36.23,p=1011.33",46288,111.80,True
2148,"t=22.21,h=36.23,p=1011.34",46278,123.60,True
2149,"t=22.21,h=36.23,p=1011.34",46284,93.10,True
2150,"t=22.21,h=36.23,p=1011.34",46288,91.40,True
2151,"t=22.21,h=36.25,p=1011.34",46280,327.40,True
2152,"t=22.21,h=36.25,p=1011.34",46290,157.10,True
2153,"t=22.21,h=36.22,p=1011.33",46274,95.60,True
2154,"t=22.21,h=36.22,p=1011.33",46269,93.60,True
2155,"t=22.21,h=36.23,p=1011.33",46282,350.30,True
2156,"t=22.21,h=36.23,p=1011.33",46289,94.50,True
2157,"t=22.21,h=36.23,p=1011.33",46282,352.00,True
2158,"t=22.21,h=36.23,p=1011.33",46291,291.70,True
2159,"t=22.21,h=36.24,p=1011.37",46288,317.20,True
2160,"t=22.21,h=36.24,p=1011.37",46291,213.70,True
2161,"t=22.21,h=36.22,p=1011.33",46273,321.80,True
2162,"t=22.21,h=36.22,p=1011.33",46284,295.30,True
2163,"t=22.21,h=36.24,p=1011.36",46279,215.20,True
2164,"t=22.21,h=36.24,p=1011.36",46292,140.20,True
2165,"t=22.21,h=36.22,p=1011.37",46290,117.10,True
2166,"t=22.21,h=36.22,p=1011.37",46298,95.60,True
2167,"t=22.21,h=36.24,p=1011.35",46273,93.30,True
2168,"t=22.21,h=36.24,p=1011.35",46275,346.80,True
2169,"t=22.21,h=36.22,p=1011.36",46294,283.40,True
2170,"t=22.21,h=36.22,p=1011.36",46281,141.10,True
2171,"t=22.21,h=36.23,p=1011.34",46290,165.80,True
2172,"t=22.21,h=36.23,p=1011.34",46299,249.30,True
2173,"t=22.21,h=36.23,p=1011.37",46289,351.40,True
2174,"t=22.21,h=36.23,p=1011.37",46288,143.30,True
2175,"t=22.21,h=36.22,p=1011.38",46289,201.30,True
2176,"t=22.21,h=36.22,p=1011.38",46296,346.50,True
2177,"t=22.20,h=36.23,p=1011.31",46283,282.50,True
2178,"t=22.20,h=36.23,p=1011.31",46281,272.30,True
2179,"t=22.21,h=36.23,p=1011.37",46287,330.50,True
2180,"t=22.21,h=36.23,p=1011.37",46289,180.60,True
2181,"t=22.19,h=36.22,p=1011.30",46277,133.30,True
2182,"t=22.19,h=36.22,p=1011.30",46296,96.90,True
2183,"t=22.20,h=36.22,p=1011.36",46277,328.50,True
2184,"t=22.20,h=36.22,p=1011.36",46287,97.50,True
2185,"t=22.21,h=36.23,p=1011.34",46277,279.10,True
2186,"t=22.21,h=36.23,p=1011.34",46285,93.00,True
2187,"t=22.21,h=36.23,p=1011.35",46276,339.40,True
2188,"t=22.21,h=36.23,p=1011.35",46284,100.70,True
2189,"t=22.21,h=36.23,p=1011.33",46282,290.10,True
2190,"t=22.21,h=36.23,p=1011.33",46288,350.90,True
2191,"t=22.21,h=36.23,p=1011.36",46297,162.10,True
2192,"t=22.21,h=36.23,p=1011.36",46282,92.70,True
2193,"t=22.21,h=36.23,p=1011.35",46280,409.90,True
2194,"t=22.21,h=36.23,p=1011.35",46280,297.70,True
2195,"t=22.21,h=36.23,p=1011.37",46279,122.50,True
2196,"t=22.21,h=36.23,p=1011.37",46280,355.30,True
2197,"t=22.21,h=36.23,p=1011.37",46291,350.70,True
2198,"t=22.21,h=36.23,p=1011.37",46287,292.70,True
2199,"t=22.21,h=36.23,p=1011.37",46279,111.80,True
2200,"t=22.21,h=36.23,p=1011.37",46279,350.90,True
2201,"t=22.21,h=36.23,p=1011.37",46290,294.70,True
2202,"t=22.21,h=36.21,p=1011.37",46274,160.50,True
2203,"t=22.21,h=36.21,p=1011.37",46283,326.00,True
2204,"t=22.21,h=36.22,p=1011.40",46283,289.00,True
2205,"t=22.21,h=36.22,p=1011.40",46274,130.70,True
2206,"t=22.21,h=36.24,p=1011.38",46282,92.70,True
2207,"t=22.21,h=36.24,p=1011.38",46277,264.80,True
2208,"t=22.21,h=36.24,p=1011.36",46305,141.60,True
2209,"t=22.21,h=36.24,p=1011.36",46317,350.90,True
2210,"t=22.20,h=36.25,p=1011.36",46294,339.60,True
2211,"t=22.20,h=36.25,p=1011.36",46296,143.10,True
2212,"t=22.21,h=36.24,p=1011.36",46285,144.80,True
2213,"t=22.21,h=36.24,p=1011.36",46278,186.60,True
2214,"t=22.21,h=36.23,p=1011.35",46286,382.10,True
2215,"t=22.21,h=36.23,p=1011.35",46281,96.40,True
2216,"t=22.21,h=36.25,p=1011.40",46280,94.60,True
2217,"t=22.21,h=36.25,p=1011.40",46279,326.30,True
2218,"t=22.21,h=36.25,p=1011.37",46278,381.20,True
2219,"t=22.21,h=36.25,p=1011.37",46280,170.00,True
2220,"t=22.21,h=36.24,p=1011.35",46269,94.80,True
2221,"t=22.21,h=36.24,p=1011.35",46271,261.40,True
2222,"t=22.21,h=36.25,p=1011.40",46287,326.80,True
2223,"t=22.21,h=36.25,p=1011.40",46290,223.30,True
2224,"t=22.20,h=36.22,p=1011.34",46271,95.10,True
2225,"t=22.20,h=36.22,p=1011.34",46272,94.00,True
2226,"t=22.21,h=36.24,p=1011.36",46270,347.40,True
2227,"t=22.21,h=36.24,p=1011.36",46283,216.60,True
2228,"t=22.21,h=36.24,p=1011.37",46281,334.10,True
2229,"t=22.21,h=36.24,p=1011.37",46291,291.80,True
2230,"t=22.21,h=36.22,p=1011.37",46312,208.30,True
2231,"t=22.21,h=36.22,p=1011.37",46286,139.90,True
2232,"t=22.21,h=36.27,p=1011.37",46289,152.40,True
2233,"t=22.21,h=36.27,p=1011.37",46285,378.30,True
2234,"t=22.21,h=36.27,p=1011.36",46292,96.70,True
2235,"t=22.21,h=36.27,p=1011.36",46276,93.90,True
2236,"t=22.21,h=36.27,p=1011.37",46282,95.00,True
2237,"t=22.21,h=36.27,p=1011.37",46282,355.10,True
2238,"t=22.21,h=36.25,p=1011.36",46289,96.30,True
2239,"t=22.21,h=36.25,p=1011.36",46274,164.70,True
2240,"t=22.21,h=36.25,p=1011.37",46282,96.40,True
2241,"t=22.21,h=36.25,p=1011.37",46271,118.70,True
2242,"t=22.21,h=36.25,p=1011.38",46287,95.60,True
2243,"t=22.21,h=36.25,p=1011.38",46278,262.90,True
2244,"t=22.21,h=36.25,p=1011.35",46285,216.50,True
2245,"t=22.21,h=36.25,p=1011.35",46283,356.50,True
2246,"t=22.21,h=36.27,p=1011.37",46284,136.50,True
2247,"t=22.21,h=36.27,p=1011.37",46284,96.20,True
2248,"t=22.21,h=36.27,p=1011.36",46275,95.40,True
2249,"t=22.21,h=36.27,p=1011.36",46279,304.70,True
2250,"t=22.21,h=36.25,p=1011.38",46283,215.20,True
2251,"t=22.21,h=36.25,p=1011.38",46279,326.80,True
2252,"t=22.20,h=36.26,p=1011.34",46289,136.00,True
2253,"t=22.20,h=36.26,p=1011.34",46289,345.70,True
2254,"t=22.20,h=36.26,p=1011.34",46285,326.00,True
2255,"t=22.21,h=36.24,p=1011.37",46287,164.20,True
2256,"t=22.21,h=36.24,p=1011.37",46287,325.20,True
2257,"t=22.21,h=36.25,p=1011.36",46284,352.80,True
2258,"t=22.21,h=36.25,p=1011.36",46288,362.30,True
2259,"t=22.21,h=36.28,p=1011.36",46282,133.80,True
2260,"t=22.21,h=36.28,p=1011.36",46281,262.20,True
2261,"t=22.21,h=36.28,p=1011.35",46282,184.10,True
2262,"t=22.21,h=36.28,p=1011.35",46284,95.10,True
2263,"t=22.19,h=36.26,p=1011.37",46292,332.60,True
2264,"t=22.19,h=36.26,p=1011.37",46282,143.20,True
2265,"t=22.21,h=36.28,p=1011.38",46292,97.40,True
2266,"t=22.21,h=36.28,p=1011.38",46277,94.30,True
2267,"t=22.21,h=36.28,p=1011.37",46284,93.50,True
2268,"t=22.21,h=36.28,p=1011.37",46282,93.40,True
2269,"t=22.21,h=36.28,p=1011.40",46273,301.20,True
2270,"t=22.21,h=36.28,p=1011.40",46280,213.70,True
2271,"t=22.21,h=36.25,p=1011.38",46277,133.80,True
2272,"t=22.21,h=36.25,p=1011.38",46286,94.80,True
2273,"t=22.21,h=36.29,p=1011.37",46279,147.40,True
2274,"t=22.21,h=36.29,p=1011.37",46281,95.50,True
2275,"t=22.21,h=36.29,p=1011.35",46279,154.90,True
2276,"t=22.21,h=36.29,p=1011.35",46284,324.60,True
2277,"t=22.21,h=36.31,p=1011.39",46298,332.30,True
2278,"t=22.21,h=36.31,p=1011.39",46287,298.80,True
2279,"t=22.21,h=36.29,p=1011.36",46277,188.30,True
2280,"t=22.21,h=36.29,p=1011.36",46274,148.50,True
2281,"t=22.21,h=36.30,p=1011.38",46301,97.70,True
2282,"t=22.21,h=36.30,p=1011.38",46299,350.70,True
2283,"t=22.21,h=36.31,p=1011.39",46290,171.60,True
2284,"t=22.21,h=36.31,p=1011.39",46294,145.50,True
2285,"t=22.21,h=36.30,p=1011.39",46292,351.10,True
2286,"t=22.21,h=36.30,p=1011.39",46292,356.80,True
2287,"t=22.21,h=36.30,p=1011.38",46292,134.30,True
2288,"t=22.21,h=36.30,p=1011.38",46286,95.20,True
2289,"t=22.21,h=36.30,p=1011.38",46281,97.50,True
2290,"t=22.21,h=36.30,p=1011.38",46281,260.60,True
2291,"t=22.21,h=36.29,p=1011.39",46286,138.20,True
2292,"t=22.21,h=36.29,p=1011.39",46309,266.20,True
2293,"t=22.19,h=36.30,p=1011.37",46292,350.70,True
2294,"t=22.19,h=36.30,p=1011.37",46287,261.00,True
2295,"t=22.21,h=36.30,p=1011.38",46279,216.00,True
2296,"t=22.21,h=36.30,p=1011.38",46278,213.70,True
2297,"t=22.21,h=36.31,p=1011.37",46283,266.80,True
2298,"t=22.21,h=36.31,p=1011.37",46287,144.50,True
2299,"t=22.20,h=36.31,p=1011.36",46294,359.90,True
2300,"t=22.20,h=36.31,p=1011.36",46293,105.40,True
2301,"t=22.20,h=36.31,p=1011.37",46281,355.50,True
2302,"t=22.20,h=36.31,p=1011.37",46293,198.30,True
2303,"t=22.21,h=36.31,p=1011.39",46292,353.50,True
2304,"t=22.21,h=36.31,p=1011.39",46288,251.20,True
2305,"t=22.21,h=36.32,p=1011.34",46287,143.50,True
2306,"t=22.21,h=36.32,p=1011.34",46294,95.90,True
2307,"t=22.21,h=36.32,p=1011.34",46286,113.30,True
2308,"t=22.21,h=36.33,p=1011.37",46278,196.80,True
2309,"t=22.21,h=36.33,p=1011.37",46290,95.80,True
2310,"t=22.21,h=36.32,p=1011.38",46280,145.50,True
2311,"t=22.21,h=36.32,p=1011.38",46288,349.90,True
2312,"t=22.20,h=36.31,p=1011.39",46291,222.80,True
2313,"t=22.20,h=36.31,p=1011.39",46285,94.60,True
2314,"t=22.20,h=36.32,p=1011.35",46307,357.60,True
2315,"t=22.20,h=36.32,p=1011.35",46287,295.00,True
2316,"t=22.21,h=36.30,p=1011.37",46275,358.30,True
2317,"t=22.21,h=36.30,p=1011.37",46288,377.50,True
2318,"t=22.21,h=36.31,p=1011.37",46287,95.90,True
2319,"t=22.21,h=36.31,p=1011.37",46290,94.90,True
2320,"t=22.21,h=36.33,p=1011.36",46282,347.70,True
2321,"t=22.21,h=36.33,p=1011.36",46291,215.20,True
2322,"t=22.21,h=36.31,p=1011.35",46275,360.70,True
2323,"t=22.21,h=36.31,p=1011.35",46284,96.50,True
2324,"t=22.21,h=36.31,p=1011.38",46275,96.00,True
2325,"t=22.21,h=36.31,p=1011.38",46276,349.70,True
2326,"t=22.21,h=36.32,p=1011.36",46281,358.10,True
2327,"t=22.21,h=36.32,p=1011.36",46282,123.30,True
2328,"t=22.20,h=36.33,p=1011.32",46288,290.80,True
2329,"t=22.20,h=36.33,p=1011.32",46280,350.90,True
2330,"t=22.21,h=36.33,p=1011.38",46289,179.50,True
2331,"t=22.21,h=36.33,p=1011.38",46279,161.40,True
2332,"t=22.19,h=36.33,p=1011.34",46290,116.10,True
2333,"t=22.19,h=36.33,p=1011.34",46280,353.00,True
2334,"t=22.19,h=36.33,p=1011.32",46308,96.70,True
2335,"t=22.19,h=36.33,p=1011.32",46283,349.60,True
2336,"t=22.20,h=36.31,p=1011.35",46287,349.50,True
2337,"t=22.20,h=36.31,p=1011.35",46291,96.50,True
2338,"t=22.21,h=36.33,p=1011.36",46284,340.50,True
2339,"t=22.21,h=36.33,p=1011.36",46296,96.10,True
2340,"t=22.19,h=36.32,p=1011.36",46272,141.90,True
2341,"t=22.19,h=36.32,p=1011.36",46285,96.90,True
2342,"t=22.21,h=36.32,p=1011.39",46308,331.80,True
2343,"t=22.21,h=36.32,p=1011.39",46291,364.00,True
2344,"t=22.21,h=36.32,p=1011.36",46282,298.20,True
2345,"t=22.21,h=36.32,p=1011.36",46271,95.80,True
2346,"t=22.21,h=36.32,p=1011.35",46282,96.60,True
2347,"t=22.21,h=36.32,p=1011.35",46278,333.10,True
2348,"t=22.21,h=36.32,p=1011.35",46285,97.80,True
2349,"t=22.21,h=36.32,p=1011.35",46277,95.60,True
2350,"t=22.21,h=36.32,p=1011.35",46277,94.30,True
2351,"t=22.21,h=36.32,p=1011.35",46277,367.50,True
2352,"t=22.21,h=36.34,p=1011.37",46284,95.90,True
2353,"t=22.21,h=36.34,p=1011.37",46275,309.70,True
2354,"t=22.21,h=36.34,p=1011.38",46286,156.40,True
2355,"t=22.21,h=36.34,p=1011.38",46281,264.00,True
2356,"t=22.21,h=36.33,p=1011.33",46290,350.50,True
2357,"t=22.21,h=36.33,p=1011.33",46285,376.00,True
2358,"t=22.21,h=36.33,p=1011.33",46289,175.10,True
2359,"t=22.21,h=36.33,p=1011.37",46285,350.90,True
2360,"t=22.21,h=36.33,p=1011.37",46283,187.30,True
2361,"t=22.21,h=36.33,p=1011.37",46289,243.50,True
2362,"t=22.21,h=36.33,p=1011.37",46283,216.10,True
2363,"t=22.21,h=36.32,p=1011.38",46282,214.80,True
2364,"t=22.21,h=36.32,p=1011.38",46280,149.90,True
2365,"t=22.21,h=36.33,p=1011.38",46292,347.20,True
2366,"t=22.21,h=36.33,p=1011.38",46288,235.70,True
2367,"t=22.21,h=36.36,p=1011.38",46276,95.80,True
2368,"t=22.21,h=36.36,p=1011.38",46277,361.30,True
2369,"t=22.21,h=36.36,p=1011.37",46287,149.90,True
2370,"t=22.21,h=36.36,p=1011.37",46303,375.00,True
2371,"t=22.20,h=36.32,p=1011.36",46288,167.10,True
2372,"t=22.20,h=36.32,p=1011.36",46289,242.80,True
2373,"t=22.20,h=36.33,p=1011.34",46287,214.40,True
2374,"t=22.20,h=36.33,p=1011.34",46285,349.30,True
2375,"t=22.21,h=36.33,p=1011.39",46284,100.70,True
2376,"t=22.21,h=36.33,p=1011.39",46286,351.60,True
2377,"t=22.18,h=36.33,p=1011.35",46291,221.20,True
2378,"t=22.18,h=36.33,p=1011.35",46283,94.90,True
2379,"t=22.19,h=36.33,p=1011.36",46282,353.80,True
2380,"t=22.19,h=36.33,p=1011.36",46285,205.30,True
2381,"t=22.21,h=36.32,p=1011.40",46284,94.90,True
2382,"t=22.21,h=36.32,p=1011.40",46275,92.60,True
2383,"t=22.22,h=36.34,p=1011.42",46277,356.40,True
2384,"t=22.22,h=36.34,p=1011.42",46286,292.20,True
2385,"t=22.21,h=36.34,p=1011.39",46282,253.30,True
2386,"t=22.21,h=36.34,p=1011.39",46291,216.60,True
2387,"t=22.22,h=36.34,p=1011.42",46278,349.80,True
2388,"t=22.22,h=36.34,p=1011.42",46287,154.00,True
2389,"t=22.21,h=36.35,p=1011.40",46296,265.80,True
2390,"t=22.21,h=36.35,p=1011.40",46291,214.20,True
2391,"t=22.21,h=36.35,p=1011.41",46282,160.70,True
2392,"t=22.21,h=36.35,p=1011.41",46277,350.10,True
2393,"t=22.21,h=36.35,p=1011.37",46302,141.80,True
2394,"t=22.21,h=36.35,p=1011.37",46297,380.30,True
2395,"t=22.21,h=36.35,p=1011.37",46297,231.30,True
2396,"t=22.21,h=36.35,p=1011.37",46321,352.80,True
2397,"t=22.21,h=36.35,p=1011.39",46285,259.10,True
2398,"t=22.21,h=36.35,p=1011.39",46286,94.70,True
2399,"t=22.21,h=36.35,p=1011.38",46276,95.10,True
2400,"t=22.21,h=36.35,p=1011.38",46283,141.40,True
2401,"t=22.21,h=36.35,p=1011.39",46285,355.70,True
2402,"t=22.21,h=36.35,p=1011.39",46290,175.90,True
2403,"t=22.21,h=36.35,p=1011.39",46276,109.90,True
2404,"t=22.21,h=36.35,p=1011.39",46283,355.50,True
2405,"t=22.21,h=36.35,p=1011.39",46284,114.70,True
2406,"t=22.21,h=36.35,p=1011.39",46287,353.10,True
2407,"t=22.19,h=36.34,p=1011.34",46281,97.80,True
2408,"t=22.19,h=36.34,p=1011.34",46272,94.50,True
2409,"t=22.19,h=36.34,p=1011.34",46274,93.90,True
2410,"t=22.21,h=36.35,p=1011.39",46277,178.50,True
2411,"t=22.21,h=36.35,p=1011.39",46291,97.60,True
2412,"t=22.22,h=36.36,p=1011.41",46277,93.80,True
2413,"t=22.22,h=36.36,p=1011.41",46279,261.00,True
2414,"t=22.21,h=36.33,p=1011.38",46289,171.30,True
2415,"t=22.21,h=36.33,p=1011.38",46293,94.60,True
2416,"t=22.19,h=36.36,p=1011.34",46275,94.50,True
2417,"t=22.19,h=36.36,p=1011.34",46279,358.30,True
2418,"t=22.21,h=36.34,p=1011.39",46298,148.30,True
2419,"t=22.21,h=36.34,p=1011.39",46305,110.50,True
2420,"t=22.21,h=36.35,p=1011.40",46291,97.00,True
2421,"t=22.21,h=36.35,p=1011.40",46282,94.20,True
2422,"t=22.21,h=36.35,p=1011.39",46283,314.10,True
2423,"t=22.21,h=36.35,p=1011.39",46285,97.20,True
2424,"t=22.22,h=36.34,p=1011.41",46286,143.20,True
2425,"t=22.22,h=36.34,p=1011.41",46289,93.40,True
2426,"t=22.21,h=36.36,p=1011.38",46299,95.60,True
2427,"t=22.21,h=36.36,p=1011.38",46273,341.80,True
2428,"t=22.21,h=36.32,p=1011.36",46282,322.50,True
2429,"t=22.21,h=36.32,p=1011.36",46285,143.80,True
2430,"t=22.21,h=36.32,p=1011.34",46303,262.20,True
2431,"t=22.21,h=36.32,p=1011.34",46295,211.70,True
2432,"t=22.21,h=36.35,p=1011.37",46290,400.30,True
2433,"t=22.21,h=36.35,p=1011.37",46301,96.40,True
2434,"t=22.21,h=36.34,p=1011.36",46289,95.20,True
2435,"t=22.21,h=36.34,p=1011.36",46281,189.50,True
2436,"t=22.21,h=36.35,p=1011.36",46291,96.70,True
2437,"t=22.21,h=36.35,p=1011.36",46281,341.00,True
2438,"t=22.21,h=36.35,p=1011.38",46290,330.30,True
2439,"t=22.21,h=36.35,p=1011.38",46286,215.70,True
2440,"t=22.21,h=36.33,p=1011.37",46279,212.30,True
2441,"t=22.21,h=36.33,p=1011.37",46279,343.90,True
2442,"t=22.21,h=36.34,p=1011.36",46291,374.40,True
2443,"t=22.21,h=36.34,p=1011.36",46286,187.80,True
2444,"t=22.21,h=36.33,p=1011.37",46274,95.00,True
2445,"t=22.21,h=36.33,p=1011.37",46279,142.20,True
2446,"t=22.21,h=36.33,p=1011.37",46283,96.30,True
2447,"t=22.21,h=36.33,p=1011.37",46279,116.50,True
2448,"t=22.19,h=36.33,p=1011.33",46276,317.30,True
2449,"t=22.19,h=36.33,p=1011.33",46281,218.20,True
2450,"t=22.19,h=36.33,p=1011.31",46278,347.10,True
2451,"t=22.19,h=36.33,p=1011.31",46284,352.10,True
2452,"t=22.19,h=36.33,p=1011.33",46278,151.20,True
2453,"t=22.19,h=36.33,p=1011.33",46274,110.00,True
2454,"t=22.21,h=36.34,p=1011.39",46305,142.60,True
2455,"t=22.21,h=36.34,p=1011.39",46294,388.00,True
2456,"t=22.21,h=36.32,p=1011.38",46286,97.40,True
2457,"t=22.21,h=36.32,p=1011.38",46281,93.80,True
2458,"t=22.21,h=36.32,p=1011.36",46275,142.10,True
2459,"t=22.21,h=36.32,p=1011.36",46285,284.30,True
2460,"t=22.21,h=36.32,p=1011.36",46281,97.30,True
2461,"t=22.21,h=36.33,p=1011.36",46281,95.70,True
2462,"t=22.21,h=36.33,p=1011.36",46282,93.60,True
2463,"t=22.21,h=36.34,p=1011.41",46295,139.30,True
2464,"t=22.21,h=36.34,p=1011.41",46295,401.10,True
2465,"t=22.21,h=36.32,p=1011.38",46290,348.90,True
2466,"t=22.21,h=36.32,p=1011.38",46287,172.00,True
2467,"t=22.21,h=36.30,p=1011.39",46290,97.00,True
2468,"t=22.21,h=36.30,p=1011.39",46286,95.40,True
2469,"t=22.21,h=36.32,p=1011.35",46279,136.00,True
2470,"t=22.21,h=36.32,p=1011.35",46288,116.30,True
2471,"t=22.21,h=36.31,p=1011.33",46282,350.30,True
2472,"t=22.21,h=36.31,p=1011.33",46296,356.50,True
2473,"t=22.21,h=36.33,p=1011.36",46292,189.80,True
2474,"t=22.21,h=36.33,p=1011.36",46285,94.20,True
2475,"t=22.21,h=36.32,p=1011.37",46275,94.40,True
2476,"t=22.21,h=36.32,p=1011.37",46281,350.30,True
2477,"t=22.22,h=36.32,p=1011.38",46282,208.10,True
2478,"t=22.22,h=36.32,p=1011.38",46278,276.00,True
2479,"t=22.21,h=36.33,p=1011.37",46284,216.90,True
2480,"t=22.21,h=36.33,p=1011.37",46306,141.40,True
2481,"t=22.21,h=36.32,p=1011.38",46292,346.30,True
2482,"t=22.21,h=36.32,p=1011.38",46302,143.60,True
2483,"t=22.21,h=36.36,p=1011.39",46287,260.40,True
2484,"t=22.21,h=36.36,p=1011.39",46289,217.00,True
2485,"t=22.21,h=36.33,p=1011.38",46280,124.60,True
2486,"t=22.21,h=36.33,p=1011.38",46279,341.60,True
2487,"t=22.21,h=36.36,p=1011.37",46284,286.80,True
2488,"t=22.21,h=36.36,p=1011.37",46278,139.20,True
2489,"t=22.19,h=36.34,p=1011.31",46287,95.60,True
2490,"t=22.19,h=36.34,p=1011.31",46283,94.20,True
2491,"t=22.19,h=36.36,p=1011.34",46279,341.00,True
2492,"t=22.19,h=36.36,p=1011.34",46288,359.50,True
2493,"t=22.19,h=36.36,p=1011.32",46286,120.40,True
2494,"t=22.19,h=36.36,p=1011.32",46280,98.80,True
2495,"t=22.21,h=36.36,p=1011.36",46288,380.20,True
2496,"t=22.21,h=36.36,p=1011.36",46293,142.30,True
2497,"t=22.21,h=36.36,p=1011.36",46294,96.20,True
2498,"t=22.21,h=36.36,p=1011.36",46284,95.00,True
2499,"t=22.21,h=36.37,p=1011.35",46282,332.60,True
2500,"t=22.21,h=36.37,p=1011.35",46289,234.10,True
2501,"t=22.21,h=36.37,p=1011.36",46283,347.40,True
2502,"t=22.21,h=36.37,p=1011.36",46285,155.00,True
2503,"t=22.21,h=36.36,p=1011.33",46284,95.10,True
2504,"t=22.21,h=36.36,p=1011.33",46283,368.20,True
2505,"t=22.21,h=36.36,p=1011.38",46281,122.30,True
2506,"t=22.21,h=36.36,p=1011.38",46275,167.60,True
2507,"t=22.21,h=36.36,p=1011.37",46291,237.90,True
2508,"t=22.21,h=36.36,p=1011.37",46286,186.10,True
2509,"t=22.21,h=36.37,p=1011.35",46290,341.90,True
2510,"t=22.21,h=36.37,p=1011.35",46305,327.20,True
2511,"t=22.21,h=36.37,p=1011.32",46287,285.90,True
2512,"t=22.21,h=36.37,p=1011.32",46291,345.50,True
2513,"t=22.21,h=36.37,p=1011.32",46288,94.30,True
2514,"t=22.21,h=36.39,p=1011.37",46287,94.00,True
2515,"t=22.21,h=36.39,p=1011.37",46283,326.00,True
2516,"t=22.22,h=36.36,p=1011.39",46291,343.30,True
2517,"t=22.22,h=36.36,p=1011.39",46285,345.80,True
2518,"t=22.21,h=36.38,p=1011.34",46289,205.20,True
2519,"t=22.21,h=36.38,p=1011.34",46287,337.20,True
2520,"t=22.21,h=36.38,p=1011.34",46285,380.90,True
2521,"t=22.21,h=36.38,p=1011.34",46289,333.10,True
2522,"t=22.21,h=36.38,p=1011.35",46282,359.30,True
2523,"t=22.21,h=36.38,p=1011.35",46284,164.40,True
2524,"t=22.21,h=36.37,p=1011.32",46290,347.80,True
2525,"t=22.21,h=36.37,p=1011.32",46296,335.30,True
2526,"t=22.21,h=36.38,p=1011.36",46291,248.70,True
2527,"t=22.21,h=36.38,p=1011.36",46284,217.30,True
2528,"t=22.20,h=36.37,p=1011.37",46283,317.30,True
2529,"t=22.20,h=36.37,p=1011.37",46297,95.10,True
2530,"t=22.20,h=36.37,p=1011.34",46279,160.20,True
2531,"t=22.20,h=36.37,p=1011.34",46282,95.70,True
2532,"t=22.21,h=36.37,p=1011.37",46278,354.70,True
2533,"t=22.21,h=36.37,p=1011.37",46285,269.50,True
2534,"t=22.21,h=36.37,p=1011.37",46285,95.00,True
2535,"t=22.21,h=36.37,p=1011.37",46275,93.00,True
2536,"t=22.21,h=36.38,p=1011.35",46278,347.10,True
2537,"t=22.21,h=36.38,p=1011.35",46283,94.30,True
2538,"t=22.21,h=36.36,p=1011.33",46289,295.60,True
2539,"t=22.21,h=36.36,p=1011.33",46289,213.10,True
2540,"t=22.21,h=36.38,p=1011.35",46280,295.10,True
2541,"t=22.21,h=36.38,p=1011.35",46282,209.00,True
2542,"t=22.21,h=36.38,p=1011.32",46280,360.50,True
2543,"t=22.21,h=36.38,p=1011.32",46282,111.80,True
2544,"t=22.21,h=36.37,p=1011.32",46280,185.60,True
2545,"t=22.21,h=36.37,p=1011.32",46288,381.40,True
2546,"t=22.21,h=36.35,p=1011.37",46309,96.70,True
2547,"t=22.21,h=36.35,p=1011.37",46288,94.20,True
2548,"t=22.21,h=36.38,p=1011.34",46275,93.90,True
2549,"t=22.21,h=36.38,p=1011.34",46285,370.90,True
2550,"t=22.22,h=36.38,p=1011.35",46283,349.50,True
2551,"t=22.22,h=36.38,p=1011.35",46280,96.30,True
2552,"t=22.21,h=36.38,p=1011.35",46273,94.20,True
2553,"t=22.21,h=36.38,p=1011.35",46277,135.20,True
2554,"t=22.21,h=36.38,p=1011.36",46290,96.50,True
2555,"t=22.21,h=36.38,p=1011.36",46283,369.30,True
2556,"t=22.21,h=36.38,p=1011.35",46282,136.30,True
2557,"t=22.21,h=36.38,p=1011.35",46275,141.60,True
2558,"t=22.21,h=36.38,p=1011.34",46282,118.20,True
2559,"t=22.21,h=36.38,p=1011.34",46302,141.80,True
2560,"t=22.20,h=36.39,p=1011.31",46294,351.80,True
2561,"t=22.20,h=36.39,p=1011.31",46288,350.90,True
2562,"t=22.20,h=36.39,p=1011.33",46283,184.70,True
2563,"t=22.20,h=36.39,p=1011.33",46275,94.30,True
2564,"t=22.22,h=36.39,p=1011.38",46279,267.10,True
2565,"t=22.22,h=36.39,p=1011.38",46284,271.50,True
2566,"t=22.22,h=36.39,p=1011.38",46287,383.10,True
2567,"t=22.18,h=36.39,p=1011.31",46290,125.70,True
2568,"t=22.18,h=36.39,p=1011.31",46280,92.40,True
2569,"t=22.19,h=36.42,p=1011.33",46274,95.30,True
2570,"t=22.19,h=36.42,p=1011.33",46282,337.40,True
2571,"t=22.21,h=36.41,p=1011.36",46293,387.10,True
2572,"t=22.21,h=36.41,p=1011.36",46286,96.50,True
2573,"t=22.21,h=36.42,p=1011.36",46282,344.80,True
2574,"t=22.21,h=36.42,p=1011.36",46289,347.90,True
2575,"t=22.21,h=36.43,p=1011.35",46292,293.40,True
2576,"t=22.21,h=36.43,p=1011.35",46279,94.80,True
2577,"t=22.21,h=36.42,p=1011.34",46283,350.70,True
2578,"t=22.21,h=36.42,p=1011.34",46285,130.50,True
2579,"t=22.21,h=36.43,p=1011.40",46287,333.10,True
2580,"t=22.21,h=36.43,p=1011.40",46290,252.20,True
2581,"t=22.21,h=36.42,p=1011.35",46280,279.30,True
2582,"t=22.21,h=36.42,p=1011.35",46288,321.50,True
2583,"t=22.21,h=36.42,p=1011.35",46287,294.10,True
2584,"t=22.21,h=36.42,p=1011.35",46279,288.00,True
2585,"t=22.21,h=36.43,p=1011.36",46275,269.60,True
2586,"t=22.21,h=36.43,p=1011.36",46293,99.80,True
2587,"t=22.21,h=36.43,p=1011.36",46276,95.00,True
2588,"t=22.21,h=36.43,p=1011.36",46276,351.00,True
2589,"t=22.21,h=36.43,p=1011.35",46290,291.40,True
2590,"t=22.21,h=36.43,p=1011.35",46280,312.80,True
2591,"t=22.21,h=36.42,p=1011.35",46288,96.20,True
2592,"t=22.21,h=36.42,p=1011.35",46280,171.10,True
2593,"t=22.22,h=36.43,p=1011.35",46290,96.70,True
2594,"t=22.22,h=36.43,p=1011.35",46285,139.90,True
2595,"t=22.21,h=36.43,p=1011.33",46283,384.60,True
2596,"t=22.21,h=36.43,p=1011.33",46288,260.20,True
2597,"t=22.22,h=36.45,p=1011.37",46285,271.20,True
2598,"t=22.22,h=36.45,p=1011.37",46284,264.50,True
2599,"t=22.21,h=36.44,p=1011.32",46294,350.10,True
2600,"t=22.21,h=36.44,p=1011.32",46288,144.60,True
2601,"t=22.20,h=36.45,p=1011.32",46285,95.60,True
2602,"t=22.20,h=36.45,p=1011.32",46273,93.10,True
2603,"t=22.22,h=36.44,p=1011.35",46285,144.00,True
2604,"t=22.22,h=36.44,p=1011.35",46290,96.20,True
2605,"t=22.19,h=36.44,p=1011.27",46287,265.90,True
2606,"t=22.19,h=36.44,p=1011.27",46288,209.60,True
2607,"t=22.20,h=36.44,p=1011.31",46284,414.90,True
2608,"t=22.20,h=36.44,p=1011.31",46289,141.60,True
2609,"t=22.20,h=36.44,p=1011.30",46278,354.40,True
2610,"t=22.20,h=36.44,p=1011.30",46289,350.90,True
2611,"t=22.21,h=36.44,p=1011.36",46286,350.10,True
2612,"t=22.21,h=36.44,p=1011.36",46288,215.80,True
2613,"t=22.22,h=36.44,p=1011.33",46286,134.10,True
2614,"t=22.22,h=36.44,p=1011.33",46292,95.70,True
2615,"t=22.22,h=36.44,p=1011.35",46303,95.00,True
2616,"t=22.22,h=36.44,p=1011.35",46299,142.30,True
2617,"t=22.22,h=36.44,p=1011.35",46290,346.10,True
2618,"t=22.21,h=36.44,p=1011.32",46294,345.00,True
2619,"t=22.21,h=36.44,p=1011.32",46288,196.20,True
2620,"t=22.21,h=36.42,p=1011.33",46277,293.00,True
2621,"t=22.21,h=36.42,p=1011.33",46289,296.70,True
2622,"t=22.21,h=36.43,p=1011.32",46286,351.20,True
2623,"t=22.21,h=36.43,p=1011.32",46287,294.10,True
2624,"t=22.21,h=36.43,p=1011.34",46279,199.80,True
2625,"t=22.21,h=36.43,p=1011.34",46284,143.40,True
2626,"t=22.21,h=36.46,p=1011.34",46288,96.10,True
2627,"t=22.21,h=36.46,p=1011.34",46281,94.70,True
2628,"t=22.21,h=36.45,p=1011.37",46275,362.80,True
2629,"t=22.21,h=36.45,p=1011.37",46286,172.50,True
2630,"t=22.21,h=36.44,p=1011.35",46280,94.40,True
2631,"t=22.21,h=36.44,p=1011.35",46286,349.30,True
2632,"t=22.21,h=36.45,p=1011.31",46290,339.40,True
2633,"t=22.21,h=36.45,p=1011.31",46288,94.80,True
2634,"t=22.21,h=36.43,p=1011.33",46274,94.80,True
2635,"t=22.21,h=36.43,p=1011.33",46277,349.00,True
2636,"t=22.21,h=36.44,p=1011.34",46289,155.50,True
2637,"t=22.21,h=36.44,p=1011.34",46294,354.80,True
2638,"t=22.19,h=36.44,p=1011.29",46291,231.90,True
2639,"t=22.19,h=36.44,p=1011.29",46286,94.70,True
2640,"t=22.21,h=36.45,p=1011.32",46284,95.10,True
2641,"t=22.21,h=36.45,p=1011.32",46279,93.50,True
2642,"t=22.22,h=36.45,p=1011.35",46286,326.80,True
2643,"t=22.22,h=36.45,p=1011.35",46296,266.20,True
2644,"t=22.21,h=36.45,p=1011.33",46292,142.70,True
2645,"t=22.21,h=36.45,p=1011.33",46282,93.50,True
2646,"t=22.22,h=36.45,p=1011.35",46286,355.20,True
2647,"t=22.22,h=36.45,p=1011.35",46290,144.10,True
2648,"t=22.20,h=36.45,p=1011.33",46281,96.50,True
2649,"t=22.20,h=36.45,p=1011.33",46273,93.80,True
2650,"t=22.21,h=36.47,p=1011.35",46278,353.80,True
2651,"t=22.21,h=36.47,p=1011.35",46284,275.50,True
2652,"t=22.22,h=36.46,p=1011.34",46291,116.20,True
2653,"t=22.22,h=36.46,p=1011.34",46280,93.00,True
2654,"t=22.22,h=36.45,p=1011.32",46280,141.40,True
2655,"t=22.22,h=36.45,p=1011.32",46290,95.50,True
2656,"t=22.21,h=36.45,p=1011.31",46282,345.00,True
2657,"t=22.21,h=36.45,p=1011.31",46290,267.40,True
2658,"t=22.22,h=36.45,p=1011.36",46277,384.30,True
2659,"t=22.22,h=36.45,p=1011.36",46288,128.20,True
2660,"t=22.22,h=36.45,p=1011.36",46275,94.40,True
2661,"t=22.22,h=36.45,p=1011.36",46283,146.60,True
2662,"t=22.22,h=36.45,p=1011.34",46292,97.60,True
2663,"t=22.22,h=36.45,p=1011.34",46285,222.60,True
2664,"t=22.21,h=36.45,p=1011.35",46287,96.30,True
2665,"t=22.21,h=36.45,p=1011.35",46287,200.70,True
2666,"t=22.21,h=36.46,p=1011.33",46291,164.10,True
2667,"t=22.21,h=36.46,p=1011.33",46290,97.50,True
2668,"t=22.21,h=36.46,p=1011.33",46307,144.50,True
2669,"t=22.21,h=36.45,p=1011.35",46297,142.20,True
2670,"t=22.21,h=36.45,p=1011.35",46292,94.10,True
2671,"t=22.21,h=36.44,p=1011.37",46285,96.60,True
2672,"t=22.21,h=36.44,p=1011.37",46293,333.40,True
2673,"t=22.22,h=36.44,p=1011.37",46277,151.30,True
2674,"t=22.22,h=36.44,p=1011.37",46274,95.60,True
2675,"t=22.20,h=36.43,p=1011.34",46279,94.50,True
2676,"t=22.20,h=36.43,p=1011.34",46279,348.70,True
2677,"t=22.21,h=36.46,p=1011.34",46296,288.70,True
2678,"t=22.21,h=36.46,p=1011.34",46289,143.00,True
2679,"t=22.19,h=36.44,p=1011.32",46288,97.00,True
2680,"t=22.19,h=36.44,p=1011.32",46289,351.90,True
2681,"t=22.20,h=36.44,p=1011.30",46286,351.30,True
2682,"t=22.20,h=36.44,p=1011.30",46286,98.40,True
2683,"t=22.19,h=36.44,p=1011.31",46273,95.80,True
2684,"t=22.19,h=36.44,p=1011.31",46276,349.70,True
2685,"t=22.21,h=36.44,p=1011.35",46289,292.90,True
2686,"t=22.21,h=36.44,p=1011.35",46283,210.80,True
2687,"t=22.20,h=36.44,p=1011.33",46281,352.40,True
2688,"t=22.20,h=36.44,p=1011.33",46287,141.30,True
2689,"t=22.21,h=36.42,p=1011.33",46287,96.40,True
2690,"t=22.21,h=36.42,p=1011.33",46280,93.40,True
2691,"t=22.21,h=36.43,p=1011.35",46282,350.60,True
2692,"t=22.21,h=36.43,p=1011.35",46294,237.20,True
2693,"t=22.21,h=36.46,p=1011.33",46285,269.20,True
2694,"t=22.21,h=36.46,p=1011.33",46296,357.30,True
2695,"t=22.21,h=36.44,p=1011.31",46282,232.80,True
2696,"t=22.21,h=36.44,p=1011.31",46278,212.30,True
2697,"t=22.21,h=36.45,p=1011.35",46282,349.30,True
2698,"t=22.21,h=36.45,p=1011.35",46292,212.30,True
2699,"t=22.21,h=36.42,p=1011.33",46277,95.50,True
2700,"t=22.21,h=36.42,p=1011.33",46284,315.40,True
2701,"t=22.21,h=36.45,p=1011.34",46285,98.50,True
2702,"t=22.21,h=36.45,p=1011.34",46281,274.30,True
2703,"t=22.21,h=36.44,p=1011.32",46292,213.60,True
2704,"t=22.21,h=36.44,p=1011.32",46278,139.00,True
2705,"t=22.21,h=36.44,p=1011.35",46289,350.60,True
2706,"t=22.21,h=36.44,p=1011.35",46291,178.20,True
2707,"t=22.21,h=36.44,p=1011.34",46291,96.90,True
2708,"t=22.21,h=36.44,p=1011.34",46280,109.40,True
2709,"t=22.21,h=36.44,p=1011.34",46285,93.60,True
2710,"t=22.21,h=36.44,p=1011.34",46280,93.70,True
2711,"t=22.21,h=36.44,p=1011.35",46284,145.70,True
2712,"t=22.21,h=36.44,p=1011.35",46292,97.90,True
2713,"t=22.20,h=36.44,p=1011.31",46283,329.30,True
2714,"t=22.20,h=36.44,p=1011.31",46288,295.60,True
2715,"t=22.21,h=36.44,p=1011.34",46286,259.90,True
2716,"t=22.21,h=36.44,p=1011.34",46288,96.10,True
2717,"t=22.21,h=36.44,p=1011.34",46288,373.60,True
2718,"t=22.20,h=36.44,p=1011.34",46289,216.30,True
2719,"t=22.20,h=36.44,p=1011.34",46295,247.40,True
2720,"t=22.21,h=36.42,p=1011.35",46288,383.70,True
2721,"t=22.21,h=36.42,p=1011.35",46292,326.50,True
2722,"t=22.19,h=36.44,p=1011.33",46288,290.10,True
2723,"t=22.19,h=36.44,p=1011.33",46276,349.90,True
2724,"t=22.21,h=36.44,p=1011.37",46297,266.90,True
2725,"t=22.21,h=36.44,p=1011.37",46296,145.20,True
2726,"t=22.21,h=36.46,p=1011.35",46284,96.20,True
2727,"t=22.21,h=36.46,p=1011.35",46278,94.40,True
2728,"t=22.22,h=36.43,p=1011.34",46287,349.10,True
2729,"t=22.22,h=36.43,p=1011.34",46289,343.60,True
2730,"t=22.22,h=36.45,p=1011.35",46289,96.90,True
2731,"t=22.22,h=36.45,p=1011.35",46282,93.80,True
2732,"t=22.21,h=36.43,p=1011.38",46289,366.30,True
2733,"t=22.21,h=36.43,p=1011.38",46297,323.70,True
2734,"t=22.22,h=36.44,p=1011.38",46291,293.60,True
2735,"t=22.22,h=36.44,p=1011.38",46284,348.90,True
2736,"t=22.21,h=36.43,p=1011.35",46289,151.10,True
2737,"t=22.21,h=36.43,p=1011.35",46284,94.90,True
2738,"t=22.21,h=36.45,p=1011.34",46280,96.00,True
2739,"t=22.21,h=36.45,p=1011.34",46282,172.50,True
2740,"t=22.22,h=36.43,p=1011.38",46290,297.20,True
2741,"t=22.22,h=36.43,p=1011.38",46282,290.30,True
2742,"t=22.22,h=36.45,p=1011.34",46276,94.70,True
2743,"t=22.22,h=36.45,p=1011.34",46287,388.60,True
2744,"t=22.22,h=36.43,p=1011.36",46285,97.40,True
2745,"t=22.22,h=36.43,p=1011.36",46279,94.10,True
2746,"t=22.21,h=36.44,p=1011.35",46281,95.20,True
2747,"t=22.21,h=36.44,p=1011.35",46286,352.00,True
2748,"t=22.22,h=36.44,p=1011.36",46287,196.80,True
2749,"t=22.22,h=36.44,p=1011.36",46295,260.00,True
2750,"t=22.22,h=36.45,p=1011.36",46283,96.50,True
2751,"t=22.22,h=36.45,p=1011.36",46275,95.80,True
2752,"t=22.21,h=36.44,p=1011.34",46278,95.70,True
2753,"t=22.21,h=36.44,p=1011.34",46286,125.50,True
2754,"t=22.22,h=36.44,p=1011.35",46289,96.50,True
2755,"t=22.22,h=36.44,p=1011.35",46291,94.80,True
2756,"t=22.19,h=36.44,p=1011.30",46273,135.30,True
2757,"t=22.19,h=36.44,p=1011.30",46281,96.80,True
2758,"t=22.22,h=36.44,p=1011.36",46276,112.90,True
2759,"t=22.22,h=36.44,p=1011.36",46282,106.40,True
2760,"t=22.22,h=36.44,p=1011.35",46314,139.30,True
2761,"t=22.22,h=36.44,p=1011.35",46291,350.60,True
2762,"t=22.19,h=36.44,p=1011.29",46298,359.60,True
2763,"t=22.19,h=36.44,p=1011.29",46285,293.00,True
2764,"t=22.22,h=36.44,p=1011.34",46286,348.20,True
2765,"t=22.22,h=36.44,p=1011.34",46288,98.10,True
2766,"t=22.22,h=36.44,p=1011.33",46287,351.90,True
2767,"t=22.22,h=36.44,p=1011.33",46288,96.80,True
2768,"t=22.22,h=36.44,p=1011.33",46287,350.10,True
2769,"t=22.21,h=36.44,p=1011.34",46292,130.40,True
2770,"t=22.21,h=36.44,p=1011.34",46283,268.70,True
2771,"t=22.22,h=36.45,p=1011.35",46296,216.30,True
2772,"t=22.22,h=36.45,p=1011.35",46280,211.20,True
2773,"t=22.21,h=36.44,p=1011.35",46288,142.10,True
2774,"t=22.21,h=36.44,p=1011.35",46288,96.80,True
2775,"t=22.22,h=36.44,p=1011.33",46283,95.20,True
2776,"t=22.22,h=36.44,p=1011.33",46279,93.20,True
2777,"t=22.22,h=36.42,p=1011.35",46287,349.80,True
2778,"t=22.22,h=36.42,p=1011.35",46285,98.30,True
2779,"t=22.22,h=36.44,p=1011.36",46286,146.20,True
2780,"t=22.22,h=36.44,p=1011.36",46287,97.10,True
2781,"t=22.22,h=36.44,p=1011.33",46286,326.60,True
2782,"t=22.22,h=36.44,p=1011.33",46288,225.40,True
2783,"t=22.22,h=36.43,p=1011.34",46290,280.20,True
2784,"t=22.22,h=36.43,p=1011.34",46287,363.10,True
2785,"t=22.22,h=36.45,p=1011.37",46286,239.30,True
2786,"t=22.22,h=36.45,p=1011.37",46309,148.10,True
2787,"t=22.21,h=36.43,p=1011.35",46289,342.70,True
2788,"t=22.21,h=36.43,p=1011.35",46288,226.90,True
2789,"t=22.22,h=36.45,p=1011.32",46277,95.30,True
2790,"t=22.22,h=36.45,p=1011.32",46284,345.90,True
2791,"t=22.22,h=36.43,p=1011.35",46285,239.10,True
2792,"t=22.22,h=36.43,p=1011.35",46281,271.10,True
2793,"t=22.20,h=36.42,p=1011.33",46292,267.80,True
2794,"t=22.20,h=36.42,p=1011.33",46293,353.00,True
2795,"t=22.21,h=36.43,p=1011.31",46288,295.70,True
2796,"t=22.21,h=36.43,p=1011.31",46299,377.90,True
2797,"t=22.20,h=36.44,p=1011.31",46294,351.10,True
2798,"t=22.20,h=36.44,p=1011.31",46289,459.30,True
2799,"t=22.21,h=36.45,p=1011.32",46287,299.30,True
2800,"t=22.21,h=36.45,p=1011.32",46281,96.10,True
2801,"t=22.21,h=36.43,p=1011.33",46283,146.50,True
2802,"t=22.21,h=36.43,p=1011.33",46283,338.70,True
2803,"t=22.21,h=36.43,p=1011.34",46282,271.60,True
2804,"t=22.21,h=36.43,p=1011.34",46280,123.10,True
2805,"t=22.22,h=36.43,p=1011.35",46286,96.10,True
2806,"t=22.22,h=36.43,p=1011.35",46281,95.20,True
2807,"t=22.22,h=36.43,p=1011.35",46279,240.40,True
2808,"t=22.22,h=36.43,p=1011.35",46292,361.70,True
2809,"t=22.22,h=36.43,p=1011.35",46289,262.90,True
2810,"t=22.22,h=36.43,p=1011.35",46291,119.90,True
2811,"t=22.22,h=36.43,p=1011.35",46287,108.90,True
2812,"t=22.22,h=36.43,p=1011.35",46296,94.60,True
2813,"t=22.22,h=36.43,p=1011.33",46283,94.30,True
2814,"t=22.22,h=36.43,p=1011.33",46278,265.00,True
2815,"t=22.22,h=36.43,p=1011.32",46281,95.70,True
2816,"t=22.22,h=36.43,p=1011.32",46300,400.40,True
2817,"t=22.22,h=36.43,p=1011.35",46292,347.70,True
2818,"t=22.22,h=36.43,p=1011.35",46302,189.50,True
2819,"t=22.21,h=36.43,p=1011.33",46282,113.10,True
2820,"t=22.21,h=36.43,p=1011.33",46281,384.50,True
2821,"t=22.21,h=36.43,p=1011.33",46283,355.00,True
2822,"t=22.22,h=36.39,p=1011.34",46294,317.00,True
2823,"t=22.22,h=36.39,p=1011.34",46291,96.50,True
2824,"t=22.22,h=36.42,p=1011.35",46282,95.80,True
2825,"t=22.22,h=36.42,p=1011.35",46280,140.40,True
2826,"t=22.22,h=36.42,p=1011.32",46292,347.00,True
2827,"t=22.22,h=36.42,p=1011.32",46289,401.40,True
2828,"t=22.21,h=36.40,p=1011.31",46281,98.30,True
2829,"t=22.21,h=36.40,p=1011.31",46272,94.80,True
2830,"t=22.22,h=36.41,p=1011.35",46281,383.90,True
2831,"t=22.22,h=36.41,p=1011.35",46289,94.00,True
2832,"t=22.22,h=36.41,p=1011.36",46278,97.70,True
2833,"t=22.22,h=36.41,p=1011.36",46278,329.10,True
2834,"t=22.22,h=36.42,p=1011.36",46297,354.80,True
2835,"t=22.22,h=36.42,p=1011.36",46294,113.60,True
2836,"t=22.19,h=36.42,p=1011.31",46277,95.70,True
2837,"t=22.19,h=36.42,p=1011.31",46278,347.30,True
2838,"t=22.22,h=36.42,p=1011.34",46281,243.30,True
2839,"t=22.22,h=36.42,p=1011.34",46275,94.60,True
2840,"t=22.20,h=36.40,p=1011.34",46277,349.50,True
2841,"t=22.20,h=36.40,p=1011.34",46284,126.00,True
2842,"t=22.22,h=36.42,p=1011.32",46286,96.20,True
2843,"t=22.22,h=36.42,p=1011.32",46276,93.90,True
2844,"t=22.22,h=36.43,p=1011.34",46284,351.10,True
2845,"t=22.22,h=36.43,p=1011.34",46321,353.30,True
2846,"t=22.22,h=36.43,p=1011.35",46291,143.40,True
2847,"t=22.22,h=36.43,p=1011.35",46287,95.70,True
2848,"t=22.22,h=36.42,p=1011.34",46281,352.80,True
2849,"t=22.22,h=36.42,p=1011.34",46282,189.00,True
2850,"t=22.22,h=36.42,p=1011.33",46282,254.80,True
2851,"t=22.22,h=36.42,p=1011.33",46284,215.00,True
2852,"t=22.22,h=36.42,p=1011.36",46290,145.00,True
2853,"t=22.22,h=36.42,p=1011.36",46292,96.00,True
2854,"t=22.22,h=36.41,p=1011.34",46294,94.30,True
2855,"t=22.22,h=36.41,p=1011.34",46284,351.60,True
2856,"t=22.22,h=36.41,p=1011.35",46291,382.00,True
2857,"t=22.22,h=36.41,p=1011.35",46283,94.10,True
2858,"t=22.22,h=36.41,p=1011.35",46281,93.10,True
2859,"t=22.22,h=36.41,p=1011.35",46278,142.00,True
2860,"t=22.22,h=36.42,p=1011.38",46289,342.60,True
2861,"t=22.22,h=36.42,p=1011.38",46293,362.70,True
2862,"t=22.22,h=36.42,p=1011.36",46291,124.80,True
2863,"t=22.22,h=36.42,p=1011.36",46285,328.70,True
2864,"t=22.22,h=36.41,p=1011.35",46284,348.60,True
2865,"t=22.22,h=36.41,p=1011.35",46289,113.20,True
2866,"t=22.22,h=36.41,p=1011.35",46274,93.60,True
2867,"t=22.22,h=36.41,p=1011.35",46282,91.80,True
2868,"t=22.22,h=36.41,p=1011.36",46274,265.40,True
2869,"t=22.22,h=36.41,p=1011.36",46288,385.70,True
2870,"t=22.19,h=36.42,p=1011.31",46286,211.20,True
2871,"t=22.19,h=36.42,p=1011.31",46280,95.40,True
2872,"t=22.21,h=36.42,p=1011.35",46280,280.20,True
2873,"t=22.21,h=36.42,p=1011.35",46288,338.00,True
2874,"t=22.21,h=36.42,p=1011.35",46291,146.60,True
2875,"t=22.21,h=36.43,p=1011.34",46280,104.50,True
2876,"t=22.21,h=36.43,p=1011.34",46277,243.10,True
2877,"t=22.22,h=36.42,p=1011.36",46292,217.50,True
2878,"t=22.22,h=36.42,p=1011.36",46290,343.90,True
2879,"t=22.20,h=36.40,p=1011.35",46283,183.70,True
2880,"t=22.20,h=36.40,p=1011.35",46287,197.00,True
2881,"t=22.22,h=36.42,p=1011.36",46283,266.40,True
2882,"t=22.22,h=36.42,p=1011.36",46294,336.00,True
2883,"t=22.22,h=36.43,p=1011.35",46285,97.40,True
2884,"t=22.22,h=36.43,p=1011.35",46277,93.30,True
2885,"t=22.22,h=36.42,p=1011.36",46285,172.60,True
2886,"t=22.22,h=36.42,p=1011.36",46292,94.10,True
2887,"t=22.22,h=36.38,p=1011.37",46278,148.60,True
2888,"t=22.22,h=36.38,p=1011.37",46284,98.10,True
2889,"t=22.22,h=36.43,p=1011.36",46276,347.70,True
2890,"t=22.22,h=36.43,p=1011.36",46285,178.50,True
2891,"t=22.22,h=36.41,p=1011.35",46278,339.70,True
2892,"t=22.22,h=36.41,p=1011.35",46285,286.30,True
2893,"t=22.22,h=36.42,p=1011.37",46279,245.10,True
2894,"t=22.22,h=36.42,p=1011.37",46286,388.90,True
2895,"t=22.22,h=36.39,p=1011.38",46293,97.90,True
2896,"t=22.22,h=36.39,p=1011.38",46279,144.00,True
2897,"t=22.22,h=36.43,p=1011.36",46290,323.40,True
2898,"t=22.22,h=36.43,p=1011.36",46286,94.20,True
2899,"t=22.22,h=36.43,p=1011.39",46274,96.30,True
2900,"t=22.22,h=36.43,p=1011.39",46271,344.80,True
2901,"t=22.22,h=36.41,p=1011.38",46289,235.60,True
2902,"t=22.22,h=36.41,p=1011.38",46302,346.30,True
2903,"t=22.22,h=36.44,p=1011.35",46291,269.00,True
2904,"t=22.22,h=36.44,p=1011.35",46296,101.70,True
2905,"t=22.22,h=36.42,p=1011.36",46283,112.60,True
2906,"t=22.22,h=36.42,p=1011.36",46291,277.60,True
2907,"t=22.22,h=36.42,p=1011.36",46294,311.80,True
2908,"t=22.22,h=36.42,p=1011.36",46300,96.60,True
2909,"t=22.20,h=36.42,p=1011.34",46277,97.40,True
2910,"t=22.20,h=36.42,p=1011.34",46281,94.50,True
2911,"t=22.22,h=36.42,p=1011.35",46278,350.40,True
2912,"t=22.22,h=36.42,p=1011.35",46290,168.50,True
2913,"t=22.20,h=36.42,p=1011.34",46280,266.20,True
2914,"t=22.20,h=36.42,p=1011.34",46288,214.60,True
2915,"t=22.21,h=36.42,p=1011.37",46282,320.00,True
2916,"t=22.21,h=36.42,p=1011.37",46287,152.60,True
2917,"t=22.22,h=36.42,p=1011.36",46293,143.20,True
2918,"t=22.22,h=36.42,p=1011.36",46294,97.00,True
2919,"t=22.22,h=36.43,p=1011.38",46283,385.80,True
2920,"t=22.22,h=36.43,p=1011.38",46287,209.70,True
2921,"t=22.22,h=36.42,p=1011.38",46285,352.80,True
2922,"t=22.22,h=36.42,p=1011.38",46289,96.00,True
2923,"t=22.22,h=36.43,p=1011.35",46284,187.70,True
2924,"t=22.22,h=36.43,p=1011.35",46290,344.90,True
2925,"t=22.22,h=36.43,p=1011.35",46288,117.30,True
2926,"t=22.22,h=36.41,p=1011.35",46286,286.80,True
2927,"t=22.22,h=36.41,p=1011.35",46286,264.60,True
2928,"t=22.21,h=36.43,p=1011.33",46288,273.60,True
2929,"t=22.21,h=36.43,p=1011.33",46282,217.80,True
2930,"t=22.21,h=36.43,p=1011.36",46287,138.90,True
2931,"t=22.21,h=36.43,p=1011.36",46281,97.30,True
2932,"t=22.22,h=36.41,p=1011.36",46275,294.20,True
2933,"t=22.22,h=36.41,p=1011.36",46282,218.20,True
2934,"t=22.21,h=36.45,p=1011.38",46277,197.30,True
2935,"t=22.21,h=36.45,p=1011.38",46274,323.40,True
2936,"t=22.22,h=36.43,p=1011.37",46286,220.90,True
2937,"t=22.22,h=36.43,p=1011.37",46277,350.70,True
2938,"t=22.22,h=36.42,p=1011.38",46293,151.90,True
2939,"t=22.22,h=36.42,p=1011.38",46295,142.40,True
2940,"t=22.19,h=36.46,p=1011.33",46286,96.50,True
2941,"t=22.19,h=36.46,p=1011.33",46285,163.00,True
2942,"t=22.21,h=36.44,p=1011.38",46288,138.20,True
2943,"t=22.21,h=36.44,p=1011.38",46289,97.40,True
2944,"t=22.20,h=36.42,p=1011.35",46277,114.40,True
2945,"t=22.20,h=36.42,p=1011.35",46284,341.50,True
2946,"t=22.21,h=36.43,p=1011.37",46291,350.80,True
2947,"t=22.21,h=36.43,p=1011.37",46291,208.20,True
2948,"t=22.19,h=36.44,p=1011.35",46274,97.40,True
2949,"t=22.19,h=36.44,p=1011.35",46276,283.10,True
2950,"t=22.22,h=36.43,p=1011.41",46294,94.50,True
2951,"t=22.22,h=36.43,p=1011.41",46285,93.50,True
2952,"t=22.20,h=36.44,p=1011.34",46281,343.50,True
2953,"t=22.20,h=36.44,p=1011.34",46290,268.80,True
2954,"t=22.19,h=36.45,p=1011.33",46283,213.10,True
2955,"t=22.19,h=36.45,p=1011.33",46272,168.90,True
2956,"t=22.22,h=36.42,p=1011.38",46288,372.80,True
2957,"t=22.22,h=36.42,p=1011.38",46290,94.50,True
2958,"t=22.22,h=36.46,p=1011.36",46315,198.00,True
2959,"t=22.22,h=36.46,p=1011.36",46289,96.90,True
2960,"t=22.22,h=36.43,p=1011.37",46285,145.40,True
2961,"t=22.22,h=36.43,p=1011.37",46285,120.20,True
2962,"t=22.22,h=36.43,p=1011.36",46288,96.00,True
2963,"t=22.22,h=36.43,p=1011.36",46274,101.20,True
2964,"t=22.22,h=36.43,p=1011.35",46280,94.50,True
2965,"t=22.22,h=36.43,p=1011.35",46278,342.30,True
2966,"t=22.22,h=36.43,p=1011.37",46289,165.50,True
2967,"t=22.22,h=36.43,p=1011.37",46293,196.10,True
2968,"t=22.22,h=36.43,p=1011.37",46287,147.00,True
2969,"t=22.22,h=36.43,p=1011.37",46291,347.30,True
2970,"t=22.22,h=36.44,p=1011.37",46277,350.00,True
2971,"t=22.22,h=36.44,p=1011.37",46276,198.90,True
2972,"t=22.22,h=36.44,p=1011.35",46281,95.10,True
2973,"t=22.22,h=36.44,p=1011.35",46287,356.00,True
2974,"t=22.22,h=36.44,p=1011.37",46275,215.40,True
2975,"t=22.22,h=36.44,p=1011.37",46267,270.80,True
2976,"t=22.22,h=36.44,p=1011.37",46276,259.30,True
2977,"t=22.22,h=36.44,p=1011.36",46291,215.40,True
2978,"t=22.22,h=36.44,p=1011.36",46279,177.90,True
2979,"t=22.22,h=36.45,p=1011.36",46276,95.20,True
2980,"t=22.22,h=36.45,p=1011.36",46276,336.80,True
2981,"t=22.22,h=36.45,p=1011.35",46290,278.30,True
2982,"t=22.22,h=36.45,p=1011.35",46282,204.10,True
2983,"t=22.19,h=36.44,p=1011.31",46286,383.80,True
2984,"t=22.19,h=36.44,p=1011.31",46284,142.40,True
2985,"t=22.20,h=36.44,p=1011.32",46283,321.50,True
2986,"t=22.20,h=36.44,p=1011.32",46291,321.00,True
2987,"t=22.22,h=36.47,p=1011.35",46290,145.40,True
2988,"t=22.22,h=36.47,p=1011.35",46282,95.40,True
2989,"t=22.21,h=36.47,p=1011.36",46280,95.70,True
2990,"t=22.21,h=36.47,p=1011.36",46278,268.30,True
2991,"t=22.22,h=36.46,p=1011.38",46290,208.90,True
2992,"t=22.22,h=36.46,p=1011.38",46285,341.60,True
2993,"t=22.19,h=36.44,p=1011.32",46284,294.30,True
2994,"t=22.19,h=36.44,p=1011.32",46277,119.10,True
2995,"t=22.21,h=36.46,p=1011.34",46289,118.30,True
2996,"t=22.21,h=36.46,p=1011.34",46277,148.30,True
2997,"t=22.22,h=36.45,p=1011.36",46273,228.00,True
2998,"t=22.22,h=36.45,p=1011.36",46285,228.50,True
2999,"t=22.22,h=36.44,p=1011.35",46290,292.60,True
3000,"t=22.22,h=36.44,p=1011.35",46293,148.60,True
