Entry,Message,SignTime_uS,VerifyTime_uS,Valid
0,"t=21.88,h=36.52,p=1011.42",46277,423.90,True
1,"t=21.88,h=36.52,p=1011.42",46285,225.80,True
2,"t=21.87,h=36.52,p=1011.38",46274,353.10,True
3,"t=21.87,h=36.52,p=1011.38",46287,309.10,True
4,"t=21.87,h=36.52,p=1011.38",46290,217.80,True
5,"t=21.87,h=36.52,p=1011.38",46275,215.80,True
6,"t=21.88,h=36.50,p=1011.40",46275,216.80,True
7,"t=21.88,h=36.50,p=1011.40",46284,268.80,True
8,"t=21.88,h=36.48,p=1011.40",46282,217.20,True
9,"t=21.88,h=36.48,p=1011.40",46273,270.80,True
10,"t=21.88,h=36.52,p=1011.38",46283,215.70,True
11,"t=21.88,h=36.52,p=1011.38",46277,269.90,True
12,"t=21.88,h=36.50,p=1011.37",46285,213.30,True
13,"t=21.88,h=36.50,p=1011.37",46282,124.10,True
14,"t=21.88,h=36.50,p=1011.40",46282,96.60,True
15,"t=21.88,h=36.50,p=1011.40",46295,95.40,True
16,"t=21.88,h=36.49,p=1011.42",46274,95.30,True
17,"t=21.88,h=36.49,p=1011.42",46278,137.10,True
18,"t=21.88,h=36.49,p=1011.38",46278,116.80,True
19,"t=21.88,h=36.49,p=1011.38",46280,95.00,True
20,"t=21.88,h=36.49,p=1011.40",46281,96.60,True
21,"t=21.88,h=36.49,p=1011.40",46278,95.60,True
22,"t=21.88,h=36.49,p=1011.42",46276,119.20,True
23,"t=21.88,h=36.49,p=1011.42",46283,100.30,True
24,"t=21.87,h=36.48,p=1011.37",46303,325.70,True
25,"t=21.87,h=36.48,p=1011.37",46296,329.90,True
26,"t=21.86,h=36.49,p=1011.38",46282,122.60,True
27,"t=21.86,h=36.49,p=1011.38",46280,94.90,True
28,"t=21.87,h=36.48,p=1011.40",46281,122.30,True
29,"t=21.87,h=36.48,p=1011.40",46284,279.20,True
30,"t=21.87,h=36.48,p=1011.40",46284,154.00,True
31,"t=21.86,h=36.49,p=1011.36",46285,132.30,True
32,"t=21.86,h=36.49,p=1011.36",46274,138.00,True
33,"t=21.87,h=36.47,p=1011.38",46273,320.10,True
34,"t=21.87,h=36.47,p=1011.38",46280,214.30,True
35,"t=21.88,h=36.48,p=1011.41",46280,216.80,True
36,"t=21.88,h=36.48,p=1011.41",46282,200.00,True
37,"t=21.88,h=36.46,p=1011.37",46278,125.80,True
38,"t=21.88,h=36.46,p=1011.37",46283,97.30,True
39,"t=21.89,h=36.48,p=1011.42",46274,95.30,True
40,"t=21.89,h=36.48,p=1011.42",46273,93.60,True
41,"t=21.89,h=36.46,p=1011.41",46278,358.10,True
42,"t=21.89,h=36.46,p=1011.41",46283,300.10,True
43,"t=21.89,h=36.45,p=1011.38",46279,147.90,True
44,"t=21.89,h=36.45,p=1011.38",46285,111.30,True
45,"t=21.89,h=36.50,p=1011.41",46275,104.60,True
46,"t=21.89,h=36.50,p=1011.41",46272,103.30,True
47,"t=21.89,h=36.45,p=1011.40",46278,99.40,True
48,"t=21.89,h=36.45,p=1011.40",46277,100.60,True
49,"t=21.89,h=36.45,p=1011.39",46276,102.30,True
50,"t=21.89,h=36.45,p=1011.39",46290,325.80,True
51,"t=21.89,h=36.46,p=1011.41",46282,288.80,True
52,"t=21.89,h=36.46,p=1011.41",46279,213.10,True
53,"t=21.89,h=36.45,p=1011.40",46277,210.20,True
54,"t=21.89,h=36.45,p=1011.40",46278,129.40,True
55,"t=21.89,h=36.45,p=1011.39",46285,352.50,True
56,"t=21.89,h=36.45,p=1011.39",46285,262.30,True
57,"t=21.89,h=36.44,p=1011.42",46278,99.50,True
58,"t=21.89,h=36.44,p=1011.42",46279,194.40,True
59,"t=21.89,h=36.44,p=1011.40",46287,98.90,True
60,"t=21.89,h=36.44,p=1011.40",46282,337.50,True
61,"t=21.89,h=36.46,p=1011.40",46286,295.50,True
62,"t=21.89,h=36.46,p=1011.40",46276,105.20,True
63,"t=21.88,h=36.44,p=1011.39",46285,358.90,True
64,"t=21.88,h=36.44,p=1011.39",46281,132.40,True
65,"t=21.87,h=36.42,p=1011.38",46276,137.50,True
66,"t=21.87,h=36.42,p=1011.38",46283,350.90,True
67,"t=21.87,h=36.42,p=1011.40",46293,181.20,True
68,"t=21.87,h=36.42,p=1011.40",46288,255.10,True
69,"t=21.89,h=36.42,p=1011.40",46287,339.20,True
70,"t=21.89,h=36.42,p=1011.40",46288,290.10,True
71,"t=21.89,h=36.41,p=1011.39",46280,96.00,True
72,"t=21.89,h=36.41,p=1011.39",46280,334.00,True
73,"t=21.89,h=36.41,p=1011.41",46279,296.70,True
74,"t=21.89,h=36.41,p=1011.41",46268,177.10,True
75,"t=21.89,h=36.41,p=1011.42",46278,358.40,True
76,"t=21.89,h=36.41,p=1011.42",46286,278.70,True
77,"t=21.89,h=36.41,p=1011.41",46277,217.50,True
78,"t=21.89,h=36.41,p=1011.41",46271,136.20,True
79,"t=21.89,h=36.40,p=1011.43",46285,240.70,True
80,"t=21.89,h=36.40,p=1011.43",46286,188.30,True
81,"t=21.89,h=36.40,p=1011.43",46275,93.80,True
82,"t=21.89,h=36.42,p=1011.42",46282,249.90,True
83,"t=21.89,h=36.42,p=1011.42",46285,213.00,True
84,"t=21.89,h=36.37,p=1011.42",46287,215.70,True
85,"t=21.89,h=36.37,p=1011.42",46277,435.20,True
86,"t=21.89,h=36.40,p=1011.42",46288,223.80,True
87,"t=21.89,h=36.40,p=1011.42",46275,217.50,True
88,"t=21.89,h=36.40,p=1011.40",46288,304.20,True
89,"t=21.89,h=36.40,p=1011.40",46297,212.50,True
90,"t=21.89,h=36.39,p=1011.39",46278,240.50,True
91,"t=21.89,h=36.39,p=1011.39",46281,243.30,True
92,"t=21.90,h=36.39,p=1011.40",46283,216.60,True
93,"t=21.90,h=36.39,p=1011.40",46289,239.90,True
94,"t=21.89,h=36.39,p=1011.38",46287,233.40,True
95,"t=21.89,h=36.39,p=1011.38",46298,285.60,True
96,"t=21.88,h=36.39,p=1011.35",46281,217.50,True
97,"t=21.88,h=36.39,p=1011.35",46289,241.00,True
98,"t=21.89,h=36.40,p=1011.38",46291,246.10,True
99,"t=21.89,h=36.40,p=1011.38",46290,330.20,True
100,"t=21.89,h=36.40,p=1011.41",46283,363.20,True
101,"t=21.89,h=36.40,p=1011.41",46282,298.80,True
102,"t=21.89,h=36.40,p=1011.41",46272,292.40,True
103,"t=21.89,h=36.40,p=1011.41",46278,293.80,True
104,"t=21.89,h=36.42,p=1011.39",46307,220.00,True
105,"t=21.89,h=36.42,p=1011.39",46278,213.60,True
106,"t=21.88,h=36.41,p=1011.39",46272,330.70,True
107,"t=21.88,h=36.41,p=1011.39",46282,357.40,True
108,"t=21.88,h=36.42,p=1011.40",46286,185.20,True
109,"t=21.88,h=36.42,p=1011.40",46282,94.00,True
110,"t=21.90,h=36.43,p=1011.42",46271,286.70,True
111,"t=21.90,h=36.43,p=1011.42",46281,96.60,True
112,"t=21.88,h=36.44,p=1011.39",46273,331.90,True
113,"t=21.88,h=36.44,p=1011.39",46283,99.40,True
114,"t=21.90,h=36.46,p=1011.39",46284,270.40,True
115,"t=21.90,h=36.46,p=1011.39",46284,234.70,True
116,"t=21.90,h=36.45,p=1011.40",46289,242.00,True
117,"t=21.90,h=36.45,p=1011.40",46286,217.20,True
118,"t=21.90,h=36.46,p=1011.41",46274,466.20,True
119,"t=21.90,h=36.46,p=1011.41",46287,215.80,True
120,"t=21.90,h=36.47,p=1011.42",46277,218.20,True
121,"t=21.90,h=36.47,p=1011.42",46278,339.70,True
122,"t=21.90,h=36.47,p=1011.42",46286,353.10,True
123,"t=21.90,h=36.47,p=1011.42",46290,298.90,True
124,"t=21.89,h=36.48,p=1011.38",46282,290.30,True
125,"t=21.89,h=36.48,p=1011.38",46285,357.60,True
126,"t=21.90,h=36.50,p=1011.41",46280,396.90,True
127,"t=21.90,h=36.50,p=1011.41",46281,220.40,True
128,"t=21.90,h=36.51,p=1011.41",46278,97.70,True
129,"t=21.90,h=36.51,p=1011.41",46284,175.70,True
130,"t=21.90,h=36.52,p=1011.40",46287,359.40,True
131,"t=21.90,h=36.52,p=1011.40",46291,200.30,True
132,"t=21.90,h=36.53,p=1011.43",46284,95.50,True
133,"t=21.90,h=36.53,p=1011.43",46278,305.40,True
134,"t=21.90,h=36.53,p=1011.43",46286,143.00,True
135,"t=21.90,h=36.54,p=1011.42",46283,243.70,True
136,"t=21.90,h=36.54,p=1011.42",46288,192.30,True
137,"t=21.90,h=36.54,p=1011.39",46283,269.80,True
138,"t=21.90,h=36.54,p=1011.39",46285,96.40,True
139,"t=21.90,h=36.57,p=1011.39",46276,355.60,True
140,"t=21.90,h=36.57,p=1011.39",46284,251.40,True
141,"t=21.85,h=36.57,p=1011.32",46277,95.70,True
142,"t=21.85,h=36.57,p=1011.32",46282,326.40,True
143,"t=21.90,h=36.58,p=1011.41",46285,284.40,True
144,"t=21.90,h=36.58,p=1011.41",46286,215.00,True
145,"t=21.89,h=36.60,p=1011.37",46279,195.90,True
146,"t=21.89,h=36.60,p=1011.37",46271,96.60,True
147,"t=21.91,h=36.59,p=1011.42",46304,336.60,True
148,"t=21.91,h=36.59,p=1011.42",46290,292.40,True
149,"t=21.89,h=36.59,p=1011.40",46276,393.10,True
150,"t=21.89,h=36.59,p=1011.40",46285,261.20,True
151,"t=21.89,h=36.59,p=1011.40",46290,92.70,True
152,"t=21.89,h=36.59,p=1011.40",46276,342.50,True
153,"t=21.90,h=36.58,p=1011.40",46286,97.00,True
154,"t=21.90,h=36.58,p=1011.40",46270,94.60,True
155,"t=21.90,h=36.59,p=1011.41",46293,353.20,True
156,"t=21.90,h=36.59,p=1011.41",46295,142.10,True
157,"t=21.91,h=36.60,p=1011.42",46287,353.30,True
158,"t=21.91,h=36.60,p=1011.42",46280,296.20,True
159,"t=21.91,h=36.59,p=1011.41",46280,132.50,True
160,"t=21.91,h=36.59,p=1011.41",46275,242.30,True
161,"t=21.90,h=36.60,p=1011.41",46286,221.90,True
162,"t=21.90,h=36.60,p=1011.41",46272,392.30,True
163,"t=21.90,h=36.62,p=1011.41",46280,163.20,True
164,"t=21.90,h=36.62,p=1011.41",46269,269.50,True
165,"t=21.90,h=36.61,p=1011.41",46283,217.40,True
166,"t=21.90,h=36.61,p=1011.41",46275,135.90,True
167,"t=21.91,h=36.61,p=1011.44",46282,98.00,True
168,"t=21.91,h=36.61,p=1011.44",46274,145.30,True
169,"t=21.90,h=36.62,p=1011.43",46285,97.50,True
170,"t=21.90,h=36.62,p=1011.43",46281,143.10,True
171,"t=21.91,h=36.62,p=1011.41",46288,372.50,True
172,"t=21.91,h=36.62,p=1011.41",46292,210.30,True
173,"t=21.90,h=36.62,p=1011.42",46276,94.50,True
174,"t=21.90,h=36.62,p=1011.42",46282,91.00,True
175,"t=21.91,h=36.62,p=1011.41",46279,351.00,True
176,"t=21.91,h=36.62,p=1011.41",46292,215.70,True
177,"t=21.90,h=36.62,p=1011.40",46282,96.00,True
178,"t=21.90,h=36.62,p=1011.40",46280,93.50,True
179,"t=21.90,h=36.61,p=1011.41",46278,380.20,True
180,"t=21.90,h=36.61,p=1011.41",46282,96.90,True
181,"t=21.84,h=36.61,p=1011.32",46294,183.20,True
182,"t=21.84,h=36.61,p=1011.32",46291,97.80,True
183,"t=21.90,h=36.60,p=1011.41",46274,97.50,True
184,"t=21.90,h=36.60,p=1011.41",46284,95.90,True
185,"t=21.90,h=36.60,p=1011.35",46280,337.10,True
186,"t=21.89,h=36.58,p=1011.35",46280,96.90,True
187,"t=21.89,h=36.58,p=1011.35",46272,537.10,True
188,"t=21.90,h=36.59,p=1011.37",46290,96.80,True
189,"t=21.90,h=36.59,p=1011.37",46292,156.10,True
190,"t=21.91,h=36.59,p=1011.37",46278,120.60,True
191,"t=21.91,h=36.59,p=1011.37",46275,96.80,True
192,"t=21.91,h=36.58,p=1011.40",46283,353.50,True
193,"t=21.91,h=36.58,p=1011.40",46288,130.70,True
194,"t=21.91,h=36.55,p=1011.39",46274,96.50,True
195,"t=21.91,h=36.55,p=1011.39",46274,97.90,True
196,"t=21.91,h=36.58,p=1011.39",46276,268.40,True
197,"t=21.91,h=36.58,p=1011.39",46291,355.20,True
198,"t=21.91,h=36.53,p=1011.39",46287,245.10,True
199,"t=21.91,h=36.53,p=1011.39",46287,95.70,True
200,"t=21.91,h=36.53,p=1011.37",46279,95.50,True
201,"t=21.91,h=36.53,p=1011.37",46285,140.00,True
202,"t=21.91,h=36.53,p=1011.39",46286,97.80,True
203,"t=21.91,h=36.53,p=1011.39",46278,94.40,True
204,"t=21.90,h=36.55,p=1011.39",46280,96.70,True
205,"t=21.90,h=36.55,p=1011.39",46277,326.20,True
206,"t=21.91,h=36.52,p=1011.36",46281,295.00,True
207,"t=21.91,h=36.52,p=1011.36",46277,219.10,True
208,"t=21.90,h=36.52,p=1011.36",46289,96.60,True
209,"t=21.90,h=36.52,p=1011.36",46305,356.70,True
210,"t=21.91,h=36.52,p=1011.33",46283,97.60,True
211,"t=21.91,h=36.52,p=1011.33",46274,354.10,True
212,"t=21.91,h=36.52,p=1011.37",46284,291.70,True
213,"t=21.91,h=36.52,p=1011.37",46278,145.80,True
214,"t=21.90,h=36.51,p=1011.36",46281,101.40,True
215,"t=21.90,h=36.51,p=1011.36",46279,252.10,True
216,"t=21.90,h=36.50,p=1011.36",46280,238.00,True
217,"t=21.90,h=36.50,p=1011.36",46275,214.80,True
218,"t=21.88,h=36.50,p=1011.32",46276,355.00,True
219,"t=21.88,h=36.50,p=1011.32",46287,138.10,True
220,"t=21.90,h=36.50,p=1011.39",46283,96.10,True
221,"t=21.90,h=36.50,p=1011.39",46277,93.70,True
222,"t=21.91,h=36.50,p=1011.38",46276,242.70,True
223,"t=21.91,h=36.50,p=1011.38",46289,259.00,True
224,"t=21.90,h=36.50,p=1011.35",46285,137.60,True
225,"t=21.90,h=36.50,p=1011.35",46282,97.60,True
226,"t=21.91,h=36.48,p=1011.35",46278,119.10,True
227,"t=21.91,h=36.48,p=1011.35",46281,352.60,True
228,"t=21.91,h=36.48,p=1011.36",46282,97.60,True
229,"t=21.91,h=36.48,p=1011.36",46273,95.30,True
230,"t=21.91,h=36.48,p=1011.39",46282,96.00,True
231,"t=21.91,h=36.48,p=1011.39",46289,357.80,True
232,"t=21.91,h=36.48,p=1011.37",46280,299.10,True
233,"t=21.91,h=36.48,p=1011.37",46273,144.40,True
234,"t=21.91,h=36.48,p=1011.39",46291,96.90,True
235,"t=21.91,h=36.48,p=1011.39",46297,259.40,True
236,"t=21.91,h=36.48,p=1011.38",46294,96.80,True
237,"t=21.91,h=36.48,p=1011.38",46288,385.80,True
238,"t=21.91,h=36.48,p=1011.38",46288,96.60,True
239,"t=21.91,h=36.50,p=1011.40",46277,121.80,True
240,"t=21.91,h=36.50,p=1011.40",46285,95.40,True
241,"t=21.91,h=36.47,p=1011.37",46272,125.20,True
242,"t=21.91,h=36.47,p=1011.37",46273,198.00,True
243,"t=21.91,h=36.48,p=1011.38",46315,156.20,True
244,"t=21.91,h=36.48,p=1011.38",46290,96.90,True
245,"t=21.91,h=36.47,p=1011.38",46283,96.00,True
246,"t=21.91,h=36.47,p=1011.38",46279,357.40,True
247,"t=21.92,h=36.47,p=1011.39",46288,101.60,True
248,"t=21.92,h=36.47,p=1011.39",46275,359.10,True
249,"t=21.92,h=36.50,p=1011.39",46293,149.80,True
250,"t=21.92,h=36.50,p=1011.39",46282,354.20,True
251,"t=21.92,h=36.50,p=1011.38",46289,95.20,True
252,"t=21.92,h=36.50,p=1011.38",46280,185.60,True
253,"t=21.91,h=36.48,p=1011.36",46283,98.00,True
254,"t=21.91,h=36.48,p=1011.36",46275,353.90,True
255,"t=21.90,h=36.48,p=1011.34",46281,137.40,True
256,"t=21.90,h=36.48,p=1011.34",46291,94.80,True
257,"t=21.90,h=36.48,p=1011.32",46275,98.20,True
258,"t=21.90,h=36.48,p=1011.32",46282,97.30,True
259,"t=21.91,h=36.47,p=1011.38",46285,274.30,True
260,"t=21.91,h=36.47,p=1011.38",46292,224.50,True
261,"t=21.90,h=36.48,p=1011.34",46276,258.90,True
262,"t=21.90,h=36.48,p=1011.34",46280,206.90,True
263,"t=21.90,h=36.50,p=1011.34",46316,263.90,True
264,"t=21.90,h=36.50,p=1011.34",46288,219.70,True
265,"t=21.91,h=36.48,p=1011.40",46283,374.80,True
266,"t=21.91,h=36.48,p=1011.40",46284,352.50,True
267,"t=21.91,h=36.48,p=1011.37",46284,131.20,True
268,"t=21.91,h=36.48,p=1011.37",46272,96.50,True
269,"t=21.92,h=36.49,p=1011.37",46281,356.50,True
270,"t=21.92,h=36.49,p=1011.37",46285,272.90,True
271,"t=21.92,h=36.47,p=1011.35",46276,213.50,True
272,"t=21.92,h=36.47,p=1011.35",46301,121.40,True
273,"t=21.91,h=36.48,p=1011.37",46283,97.10,True
274,"t=21.91,h=36.48,p=1011.37",46279,349.70,True
275,"t=21.91,h=36.47,p=1011.39",46283,229.10,True
276,"t=21.91,h=36.47,p=1011.39",46285,320.50,True
277,"t=21.91,h=36.47,p=1011.35",46281,218.60,True
278,"t=21.91,h=36.47,p=1011.35",46277,213.80,True
279,"t=21.92,h=36.47,p=1011.37",46277,100.80,True
280,"t=21.92,h=36.47,p=1011.37",46289,93.60,True
281,"t=21.91,h=36.46,p=1011.36",46286,274.30,True
282,"t=21.91,h=36.46,p=1011.36",46295,213.80,True
283,"t=21.87,h=36.47,p=1011.27",46271,229.30,True
284,"t=21.87,h=36.47,p=1011.27",46277,260.40,True
285,"t=21.91,h=36.46,p=1011.35",46282,219.40,True
286,"t=21.91,h=36.46,p=1011.35",46280,98.90,True
287,"t=21.91,h=36.47,p=1011.33",46272,306.20,True
288,"t=21.91,h=36.47,p=1011.33",46289,384.00,True
289,"t=21.91,h=36.46,p=1011.32",46284,171.00,True
290,"t=21.91,h=36.46,p=1011.32",46280,95.20,True
291,"t=21.91,h=36.46,p=1011.36",46284,343.10,True
292,"t=21.91,h=36.46,p=1011.36",46287,291.70,True
293,"t=21.91,h=36.46,p=1011.36",46284,376.80,True
294,"t=21.90,h=36.44,p=1011.33",46284,292.50,True
295,"t=21.90,h=36.44,p=1011.33",46279,351.70,True
296,"t=21.90,h=36.47,p=1011.33",46298,95.50,True
297,"t=21.90,h=36.47,p=1011.33",46293,95.40,True
298,"t=21.91,h=36.46,p=1011.36",46277,94.10,True
299,"t=21.91,h=36.46,p=1011.36",46284,93.80,True
300,"t=21.91,h=36.45,p=1011.36",46277,301.30,True
301,"t=21.91,h=36.45,p=1011.36",46291,219.80,True
302,"t=21.90,h=36.44,p=1011.31",46282,355.40,True
303,"t=21.90,h=36.44,p=1011.31",46289,195.10,True
304,"t=21.91,h=36.46,p=1011.37",46279,336.60,True
305,"t=21.91,h=36.46,p=1011.37",46287,237.50,True
306,"t=21.91,h=36.46,p=1011.34",46275,213.10,True
307,"t=21.91,h=36.46,p=1011.34",46286,353.50,True
308,"t=21.91,h=36.46,p=1011.34",46288,296.30,True
309,"t=21.91,h=36.46,p=1011.34",46279,95.60,True
310,"t=21.91,h=36.46,p=1011.30",46275,355.80,True
311,"t=21.91,h=36.46,p=1011.30",46282,116.70,True
312,"t=21.91,h=36.47,p=1011.33",46271,358.70,True
313,"t=21.91,h=36.47,p=1011.33",46281,213.80,True
314,"t=21.91,h=36.46,p=1011.34",46278,217.10,True
315,"t=21.91,h=36.46,p=1011.34",46279,213.10,True
316,"t=21.91,h=36.47,p=1011.33",46271,121.00,True
317,"t=21.91,h=36.47,p=1011.33",46274,119.60,True
318,"t=21.91,h=36.46,p=1011.36",46288,96.00,True
319,"t=21.91,h=36.46,p=1011.36",46287,263.20,True
320,"t=21.91,h=36.44,p=1011.36",46290,146.60,True
321,"t=21.91,h=36.44,p=1011.36",46284,94.80,True
322,"t=21.91,h=36.46,p=1011.36",46277,98.60,True
323,"t=21.91,h=36.46,p=1011.36",46282,325.70,True
324,"t=21.92,h=36.45,p=1011.34",46291,216.00,True
325,"t=21.92,h=36.45,p=1011.34",46282,213.00,True
326,"t=21.90,h=36.47,p=1011.34",46282,155.70,True
327,"t=21.90,h=36.47,p=1011.34",46287,95.40,True
328,"t=21.90,h=36.46,p=1011.30",46280,97.20,True
329,"t=21.90,h=36.46,p=1011.30",46280,96.20,True
330,"t=21.92,h=36.45,p=1011.35",46276,190.50,True
331,"t=21.92,h=36.45,p=1011.35",46282,96.60,True
332,"t=21.90,h=36.46,p=1011.31",46279,93.90,True
333,"t=21.90,h=36.46,p=1011.31",46292,350.90,True
334,"t=21.90,h=36.47,p=1011.32",46291,141.90,True
335,"t=21.90,h=36.47,p=1011.32",46279,96.60,True
336,"t=21.90,h=36.47,p=1011.33",46292,97.70,True
337,"t=21.90,h=36.47,p=1011.33",46292,343.30,True
338,"t=21.92,h=36.46,p=1011.36",46283,95.00,True
339,"t=21.92,h=36.46,p=1011.36",46276,94.70,True
340,"t=21.92,h=36.46,p=1011.34",46279,291.60,True
341,"t=21.92,h=36.46,p=1011.34",46292,96.30,True
342,"t=21.92,h=36.46,p=1011.36",46275,94.20,True
343,"t=21.92,h=36.46,p=1011.36",46280,347.00,True
344,"t=21.92,h=36.46,p=1011.36",46283,126.80,True
345,"t=21.92,h=36.47,p=1011.35",46303,353.70,True
346,"t=21.92,h=36.47,p=1011.35",46285,170.30,True
347,"t=21.92,h=36.47,p=1011.34",46304,352.70,True
348,"t=21.92,h=36.47,p=1011.34",46286,219.70,True
349,"t=21.92,h=36.45,p=1011.35",46296,317.20,True
350,"t=21.92,h=36.45,p=1011.35",46287,216.90,True
351,"t=21.91,h=36.48,p=1011.35",46278,320.60,True
352,"t=21.91,h=36.48,p=1011.35",46290,354.80,True
353,"t=21.91,h=36.47,p=1011.33",46282,185.20,True
354,"t=21.91,h=36.47,p=1011.33",46273,94.80,True
355,"t=21.92,h=36.47,p=1011.36",46274,353.70,True
356,"t=21.92,h=36.47,p=1011.36",46281,274.90,True
357,"t=21.92,h=36.50,p=1011.33",46278,95.70,True
358,"t=21.92,h=36.50,p=1011.33",46281,296.60,True
359,"t=21.92,h=36.49,p=1011.36",46291,217.50,True
360,"t=21.92,h=36.49,p=1011.36",46279,256.50,True
361,"t=21.91,h=36.45,p=1011.34",46293,224.20,True
362,"t=21.91,h=36.45,p=1011.34",46290,109.50,True
363,"t=21.92,h=36.50,p=1011.36",46280,105.70,True
364,"t=21.92,h=36.50,p=1011.36",46278,138.00,True
365,"t=21.92,h=36.50,p=1011.33",46290,97.00,True
366,"t=21.92,h=36.50,p=1011.33",46277,307.50,True
367,"t=21.91,h=36.47,p=1011.34",46283,97.60,True
368,"t=21.91,h=36.47,p=1011.34",46271,346.60,True
369,"t=21.90,h=36.48,p=1011.34",46283,290.80,True
370,"t=21.90,h=36.48,p=1011.34",46269,245.20,True
371,"t=21.91,h=36.50,p=1011.33",46312,362.30,True
372,"t=21.91,h=36.50,p=1011.33",46285,94.80,True
373,"t=21.91,h=36.50,p=1011.34",46282,97.30,True
374,"t=21.91,h=36.50,p=1011.34",46284,95.90,True
375,"t=21.92,h=36.50,p=1011.37",46284,288.80,True
376,"t=21.92,h=36.50,p=1011.37",46290,216.30,True
377,"t=21.91,h=36.47,p=1011.34",46281,214.40,True
378,"t=21.91,h=36.47,p=1011.34",46295,354.30,True
379,"t=21.92,h=36.47,p=1011.37",46288,122.70,True
380,"t=21.92,h=36.47,p=1011.37",46278,95.10,True
381,"t=21.92,h=36.49,p=1011.35",46280,98.10,True
382,"t=21.92,h=36.49,p=1011.35",46279,331.20,True
383,"t=21.92,h=36.49,p=1011.35",46286,317.20,True
384,"t=21.92,h=36.49,p=1011.35",46287,218.10,True
385,"t=21.92,h=36.49,p=1011.34",46273,164.10,True
386,"t=21.92,h=36.49,p=1011.34",46286,96.90,True
387,"t=21.92,h=36.47,p=1011.34",46276,95.70,True
388,"t=21.92,h=36.47,p=1011.34",46279,344.70,True
389,"t=21.92,h=36.47,p=1011.34",46285,244.60,True
390,"t=21.92,h=36.47,p=1011.34",46276,94.60,True
391,"t=21.92,h=36.49,p=1011.35",46272,97.30,True
392,"t=21.92,h=36.49,p=1011.35",46275,98.90,True
393,"t=21.92,h=36.49,p=1011.37",46278,96.40,True
394,"t=21.92,h=36.49,p=1011.37",46280,242.60,True
395,"t=21.92,h=36.49,p=1011.35",46285,233.70,True
396,"t=21.92,h=36.49,p=1011.35",46283,97.30,True
397,"t=21.92,h=36.49,p=1011.35",46291,355.80,True
398,"t=21.92,h=36.51,p=1011.32",46292,276.90,True
399,"t=21.92,h=36.51,p=1011.32",46274,343.90,True
400,"t=21.92,h=36.47,p=1011.36",46283,96.60,True
401,"t=21.92,h=36.47,p=1011.36",46272,377.70,True
402,"t=21.92,h=36.49,p=1011.31",46283,97.40,True
403,"t=21.92,h=36.49,p=1011.31",46305,139.60,True
404,"t=21.92,h=36.47,p=1011.33",46277,97.30,True
405,"t=21.92,h=36.47,p=1011.33",46273,140.50,True
406,"t=21.91,h=36.47,p=1011.32",46287,96.10,True
407,"t=21.91,h=36.47,p=1011.32",46278,97.80,True
408,"t=21.82,h=36.48,p=1011.13",46276,102.90,True
409,"t=21.82,h=36.48,p=1011.13",46282,353.00,True
410,"t=21.92,h=36.49,p=1011.32",46284,95.70,True
411,"t=21.92,h=36.49,p=1011.32",46277,393.00,True
412,"t=21.90,h=36.47,p=1011.28",46282,215.90,True
413,"t=21.90,h=36.47,p=1011.28",46281,94.80,True
414,"t=21.91,h=36.47,p=1011.32",46285,138.50,True
415,"t=21.91,h=36.47,p=1011.32",46293,95.50,True
416,"t=21.91,h=36.46,p=1011.31",46284,368.40,True
417,"t=21.91,h=36.46,p=1011.31",46284,215.90,True
418,"t=21.92,h=36.45,p=1011.33",46279,95.50,True
419,"t=21.92,h=36.45,p=1011.33",46281,95.60,True
420,"t=21.92,h=36.45,p=1011.33",46280,353.00,True
421,"t=21.92,h=36.45,p=1011.33",46287,96.90,True
422,"t=21.92,h=36.45,p=1011.32",46280,141.10,True
423,"t=21.92,h=36.45,p=1011.32",46285,98.70,True
424,"t=21.92,h=36.44,p=1011.29",46286,394.30,True
425,"t=21.92,h=36.44,p=1011.29",46290,148.40,True
426,"t=21.92,h=36.45,p=1011.29",46282,103.40,True
427,"t=21.92,h=36.45,p=1011.29",46317,242.40,True
428,"t=21.92,h=36.45,p=1011.30",46285,214.30,True
429,"t=21.92,h=36.45,p=1011.30",46274,96.20,True
430,"t=21.92,h=36.49,p=1011.29",46277,96.10,True
431,"t=21.92,h=36.49,p=1011.29",46302,121.30,True
432,"t=21.92,h=36.46,p=1011.25",46285,96.30,True
433,"t=21.92,h=36.46,p=1011.25",46276,206.10,True
434,"t=21.92,h=36.46,p=1011.25",46287,348.50,True
435,"t=21.92,h=36.46,p=1011.25",46284,283.20,True
436,"t=21.92,h=36.46,p=1011.25",46288,214.50,True
437,"t=21.92,h=36.46,p=1011.25",46277,347.30,True
438,"t=21.92,h=36.46,p=1011.28",46291,263.30,True
439,"t=21.92,h=36.46,p=1011.28",46280,95.90,True
440,"t=21.92,h=36.45,p=1011.27",46295,313.90,True
441,"t=21.92,h=36.45,p=1011.27",46295,213.20,True
442,"t=21.92,h=36.46,p=1011.29",46277,218.10,True
443,"t=21.92,h=36.46,p=1011.29",46274,97.90,True
444,"t=21.92,h=36.46,p=1011.24",46283,329.70,True
445,"t=21.92,h=36.46,p=1011.24",46286,298.10,True
446,"t=21.91,h=36.46,p=1011.24",46281,270.60,True
447,"t=21.91,h=36.46,p=1011.24",46285,218.70,True
448,"t=21.90,h=36.46,p=1011.23",46275,127.00,True
449,"t=21.90,h=36.46,p=1011.23",46298,268.40,True
450,"t=21.90,h=36.46,p=1011.23",46289,221.20,True
451,"t=21.92,h=36.46,p=1011.25",46270,95.30,True
452,"t=21.92,h=36.46,p=1011.25",46278,92.80,True
453,"t=21.91,h=36.46,p=1011.24",46276,355.00,True
454,"t=21.91,h=36.46,p=1011.24",46288,117.50,True
455,"t=21.92,h=36.45,p=1011.26",46276,93.70,True
456,"t=21.92,h=36.45,p=1011.26",46279,92.00,True
457,"t=21.92,h=36.44,p=1011.23",46278,316.90,True
458,"t=21.92,h=36.44,p=1011.23",46288,214.60,True
459,"t=21.92,h=36.46,p=1011.23",46280,215.40,True
460,"t=21.92,h=36.46,p=1011.23",46283,375.30,True
461,"t=21.92,h=36.45,p=1011.24",46290,156.40,True
462,"t=21.92,h=36.45,p=1011.24",46281,95.20,True
463,"t=21.92,h=36.45,p=1011.24",46282,93.90,True
464,"t=21.92,h=36.45,p=1011.24",46286,291.10,True
465,"t=21.92,h=36.45,p=1011.23",46284,216.10,True
466,"t=21.92,h=36.45,p=1011.23",46272,211.80,True
467,"t=21.92,h=36.46,p=1011.21",46272,98.80,True
468,"t=21.92,h=36.46,p=1011.21",46273,351.80,True
469,"t=21.92,h=36.45,p=1011.23",46285,97.30,True
470,"t=21.92,h=36.45,p=1011.23",46279,243.00,True
471,"t=21.92,h=36.45,p=1011.21",46285,217.60,True
472,"t=21.92,h=36.45,p=1011.21",46275,213.60,True
473,"t=21.92,h=36.44,p=1011.18",46278,214.40,True
474,"t=21.92,h=36.44,p=1011.18",46284,390.30,True
475,"t=21.92,h=36.44,p=1011.20",46281,116.00,True
476,"t=21.92,h=36.44,p=1011.20",46277,350.80,True
477,"t=21.92,h=36.45,p=1011.18",46285,347.70,True
478,"t=21.92,h=36.45,p=1011.18",46286,214.90,True
479,"t=21.92,h=36.43,p=1011.18",46276,215.60,True
480,"t=21.92,h=36.43,p=1011.18",46281,144.50,True
481,"t=21.92,h=36.46,p=1011.20",46289,147.50,True
482,"t=21.92,h=36.46,p=1011.20",46289,117.60,True
483,"t=21.91,h=36.46,p=1011.19",46285,95.80,True
484,"t=21.91,h=36.46,p=1011.19",46276,94.80,True
485,"t=21.92,h=36.45,p=1011.20",46281,268.50,True
486,"t=21.92,h=36.45,p=1011.20",46281,218.80,True
487,"t=21.92,h=36.45,p=1011.20",46286,399.30,True
488,"t=21.92,h=36.45,p=1011.20",46286,297.00,True
489,"t=21.91,h=36.46,p=1011.19",46282,342.00,True
490,"t=21.91,h=36.46,p=1011.19",46288,145.90,True
491,"t=21.91,h=36.46,p=1011.18",46279,278.80,True
492,"t=21.91,h=36.46,p=1011.18",46283,353.40,True
493,"t=21.91,h=36.45,p=1011.19",46288,110.10,True
494,"t=21.91,h=36.45,p=1011.19",46276,96.10,True
495,"t=21.92,h=36.44,p=1011.19",46278,146.00,True
496,"t=21.92,h=36.44,p=1011.19",46292,94.00,True
497,"t=21.92,h=36.45,p=1011.24",46282,97.10,True
498,"t=21.92,h=36.45,p=1011.24",46281,351.60,True
499,"t=21.92,h=36.44,p=1011.23",46285,198.60,True
500,"t=21.92,h=36.44,p=1011.23",46285,260.70,True
501,"t=21.92,h=36.44,p=1011.23",46287,217.10,True
502,"t=21.93,h=36.43,p=1011.21",46281,325.00,True
503,"t=21.93,h=36.43,p=1011.21",46283,355.10,True
504,"t=21.93,h=36.44,p=1011.21",46294,278.60,True
505,"t=21.93,h=36.44,p=1011.21",46277,95.00,True
506,"t=21.92,h=36.44,p=1011.21",46280,96.40,True
507,"t=21.92,h=36.44,p=1011.21",46274,372.60,True
508,"t=21.93,h=36.43,p=1011.20",46292,367.80,True
509,"t=21.93,h=36.43,p=1011.20",46287,113.00,True
510,"t=21.92,h=36.44,p=1011.21",46273,96.70,True
511,"t=21.92,h=36.44,p=1011.21",46271,222.70,True
512,"t=21.92,h=36.47,p=1011.24",46288,97.40,True
513,"t=21.92,h=36.47,p=1011.24",46281,309.70,True
514,"t=21.93,h=36.47,p=1011.23",46289,219.30,True
515,"t=21.93,h=36.47,p=1011.23",46280,158.30,True
516,"t=21.93,h=36.46,p=1011.25",46291,297.40,True
517,"t=21.93,h=36.46,p=1011.25",46297,267.00,True
518,"t=21.93,h=36.46,p=1011.25",46290,220.10,True
519,"t=21.93,h=36.46,p=1011.25",46289,334.10,True
520,"t=21.92,h=36.47,p=1011.24",46288,299.50,True
521,"t=21.92,h=36.47,p=1011.24",46285,356.00,True
522,"t=21.91,h=36.46,p=1011.21",46279,298.20,True
523,"t=21.91,h=36.46,p=1011.21",46275,94.80,True
524,"t=21.91,h=36.45,p=1011.21",46310,301.30,True
525,"t=21.91,h=36.45,p=1011.21",46289,99.80,True
526,"t=21.91,h=36.45,p=1011.19",46279,311.00,True
527,"t=21.91,h=36.45,p=1011.19",46287,216.80,True
528,"t=21.91,h=36.46,p=1011.21",46271,352.90,True
529,"t=21.91,h=36.46,p=1011.21",46280,97.60,True
530,"t=21.91,h=36.43,p=1011.23",46277,350.20,True
531,"t=21.91,h=36.43,p=1011.23",46280,364.00,True
532,"t=21.92,h=36.44,p=1011.24",46290,345.40,True
533,"t=21.92,h=36.44,p=1011.24",46282,295.30,True
534,"t=21.93,h=36.46,p=1011.23",46278,354.50,True
535,"t=21.93,h=36.46,p=1011.23",46283,251.90,True
536,"t=21.93,h=36.46,p=1011.25",46283,348.00,True
537,"t=21.93,h=36.46,p=1011.25",46289,120.30,True
538,"t=21.92,h=36.46,p=1011.25",46284,116.30,True
539,"t=21.92,h=36.46,p=1011.25",46271,212.40,True
540,"t=21.92,h=36.46,p=1011.22",46272,215.20,True
541,"t=21.92,h=36.46,p=1011.22",46275,273.30,True
542,"t=21.93,h=36.46,p=1011.25",46290,218.30,True
543,"t=21.93,h=36.46,p=1011.25",46282,191.30,True
544,"t=21.93,h=36.46,p=1011.24",46277,96.20,True
545,"t=21.93,h=36.46,p=1011.24",46279,169.90,True
546,"t=21.93,h=36.46,p=1011.30",46287,154.60,True
547,"t=21.93,h=36.46,p=1011.30",46292,97.20,True
548,"t=21.93,h=36.45,p=1011.26",46269,96.50,True
549,"t=21.93,h=36.45,p=1011.26",46272,243.50,True
550,"t=21.93,h=36.45,p=1011.26",46278,238.60,True
551,"t=21.93,h=36.45,p=1011.26",46295,215.20,True
552,"t=21.93,h=36.45,p=1011.29",46285,340.70,True
553,"t=21.93,h=36.45,p=1011.29",46289,282.20,True
554,"t=21.93,h=36.45,p=1011.29",46276,95.00,True
555,"t=21.92,h=36.43,p=1011.26",46280,96.90,True
556,"t=21.92,h=36.43,p=1011.26",46274,149.20,True
557,"t=21.93,h=36.45,p=1011.30",46294,96.90,True
558,"t=21.93,h=36.45,p=1011.30",46282,93.90,True
559,"t=21.91,h=36.44,p=1011.25",46278,329.20,True
560,"t=21.91,h=36.44,p=1011.25",46310,242.40,True
561,"t=21.92,h=36.45,p=1011.26",46286,211.10,True
562,"t=21.92,h=36.45,p=1011.26",46281,206.90,True
563,"t=21.93,h=36.44,p=1011.29",46284,166.30,True
564,"t=21.93,h=36.44,p=1011.29",46295,120.20,True
565,"t=21.93,h=36.43,p=1011.26",46282,96.50,True
566,"t=21.93,h=36.43,p=1011.26",46281,94.30,True
567,"t=21.92,h=36.45,p=1011.24",46282,329.50,True
568,"t=21.92,h=36.45,p=1011.24",46295,189.70,True
569,"t=21.92,h=36.44,p=1011.27",46286,97.30,True
570,"t=21.92,h=36.44,p=1011.27",46278,95.00,True
571,"t=21.93,h=36.45,p=1011.28",46276,97.00,True
572,"t=21.93,h=36.45,p=1011.28",46284,122.90,True
573,"t=21.93,h=36.46,p=1011.27",46282,96.10,True
574,"t=21.93,h=36.46,p=1011.27",46280,96.70,True
575,"t=21.93,h=36.43,p=1011.29",46276,195.40,True
576,"t=21.93,h=36.43,p=1011.29",46286,367.00,True
577,"t=21.93,h=36.46,p=1011.33",46282,296.40,True
578,"t=21.93,h=36.46,p=1011.33",46275,268.10,True
579,"t=21.93,h=36.44,p=1011.27",46280,216.20,True
580,"t=21.93,h=36.44,p=1011.27",46272,214.90,True
581,"t=21.93,h=36.44,p=1011.33",46269,97.40,True
582,"t=21.93,h=36.44,p=1011.33",46272,238.20,True
583,"t=21.93,h=36.45,p=1011.30",46289,231.30,True
584,"t=21.93,h=36.45,p=1011.30",46283,331.20,True
585,"t=21.93,h=36.42,p=1011.32",46279,192.90,True
586,"t=21.93,h=36.42,p=1011.32",46274,145.30,True
587,"t=21.93,h=36.42,p=1011.30",46289,95.60,True
588,"t=21.93,h=36.42,p=1011.30",46285,255.80,True
589,"t=21.93,h=36.43,p=1011.32",46297,215.90,True
590,"t=21.93,h=36.43,p=1011.32",46284,214.00,True
591,"t=21.93,h=36.42,p=1011.30",46285,332.70,True
592,"t=21.93,h=36.42,p=1011.30",46285,290.00,True
593,"t=21.92,h=36.40,p=1011.32",46277,95.60,True
594,"t=21.92,h=36.40,p=1011.32",46273,94.60,True
595,"t=21.93,h=36.41,p=1011.32",46278,310.90,True
596,"t=21.93,h=36.41,p=1011.32",46283,367.70,True
597,"t=21.92,h=36.40,p=1011.28",46286,95.40,True
598,"t=21.92,h=36.40,p=1011.28",46269,94.30,True
599,"t=21.93,h=36.41,p=1011.29",46285,191.80,True
600,"t=21.93,h=36.41,p=1011.29",46288,104.40,True
601,"t=21.91,h=36.39,p=1011.30",46280,282.50,True
602,"t=21.91,h=36.39,p=1011.30",46282,218.70,True
603,"t=21.92,h=36.39,p=1011.30",46282,169.90,True
604,"t=21.92,h=36.39,p=1011.30",46288,96.30,True
605,"t=21.92,h=36.39,p=1011.32",46273,97.50,True
606,"t=21.92,h=36.39,p=1011.32",46290,151.30,True
607,"t=21.92,h=36.39,p=1011.32",46287,99.00,True
608,"t=21.93,h=36.41,p=1011.34",46271,96.00,True
609,"t=21.93,h=36.41,p=1011.34",46273,94.50,True
610,"t=21.93,h=36.39,p=1011.31",46278,356.70,True
611,"t=21.93,h=36.39,p=1011.31",46286,96.60,True
612,"t=21.93,h=36.38,p=1011.31",46278,352.30,True
613,"t=21.93,h=36.38,p=1011.31",46281,357.50,True
614,"t=21.93,h=36.42,p=1011.29",46285,250.20,True
615,"t=21.93,h=36.42,p=1011.29",46270,94.60,True
616,"t=21.93,h=36.39,p=1011.29",46283,155.90,True
617,"t=21.93,h=36.39,p=1011.29",46284,360.40,True
618,"t=21.93,h=36.38,p=1011.29",46284,100.40,True
619,"t=21.93,h=36.38,p=1011.29",46274,277.90,True
620,"t=21.93,h=36.38,p=1011.30",46288,141.60,True
621,"t=21.93,h=36.38,p=1011.30",46289,96.40,True
622,"t=21.93,h=36.38,p=1011.31",46272,96.20,True
623,"t=21.93,h=36.38,p=1011.31",46277,350.90,True
624,"t=21.93,h=36.38,p=1011.31",46282,356.50,True
625,"t=21.93,h=36.38,p=1011.31",46290,144.90,True
626,"t=21.93,h=36.38,p=1011.30",46286,164.90,True
627,"t=21.93,h=36.38,p=1011.30",46286,119.30,True
628,"t=21.93,h=36.37,p=1011.32",46278,95.50,True
629,"t=21.93,h=36.37,p=1011.32",46280,354.50,True
630,"t=21.93,h=36.38,p=1011.35",46283,296.00,True
631,"t=21.93,h=36.38,p=1011.35",46278,261.30,True
632,"t=21.93,h=36.39,p=1011.33",46281,95.70,True
633,"t=21.93,h=36.39,p=1011.33",46272,354.30,True
634,"t=21.92,h=36.39,p=1011.31",46283,387.60,True
635,"t=21.92,h=36.39,p=1011.31",46284,97.70,True
636,"t=21.92,h=36.39,p=1011.33",46281,94.90,True
637,"t=21.92,h=36.39,p=1011.33",46279,94.10,True
638,"t=21.93,h=36.37,p=1011.33",46287,134.20,True
639,"t=21.93,h=36.37,p=1011.33",46292,97.10,True
640,"t=21.91,h=36.36,p=1011.30",46274,360.40,True
641,"t=21.91,h=36.36,p=1011.30",46281,281.60,True
642,"t=21.92,h=36.37,p=1011.34",46295,149.20,True
643,"t=21.92,h=36.37,p=1011.34",46297,203.70,True
644,"t=21.93,h=36.38,p=1011.32",46288,96.90,True
645,"t=21.93,h=36.38,p=1011.32",46280,97.50,True
646,"t=21.93,h=36.38,p=1011.30",46276,95.90,True
647,"t=21.93,h=36.38,p=1011.30",46279,95.10,True
648,"t=21.93,h=36.38,p=1011.33",46278,357.10,True
649,"t=21.93,h=36.38,p=1011.33",46289,165.10,True
650,"t=21.93,h=36.38,p=1011.34",46287,96.50,True
651,"t=21.93,h=36.38,p=1011.34",46291,359.00,True
652,"t=21.93,h=36.38,p=1011.33",46286,146.10,True
653,"t=21.93,h=36.38,p=1011.33",46282,287.30,True
654,"t=21.93,h=36.38,p=1011.33",46286,97.10,True
655,"t=21.93,h=36.38,p=1011.33",46278,353.40,True
656,"t=21.93,h=36.38,p=1011.33",46286,182.90,True
657,"t=21.93,h=36.38,p=1011.33",46278,144.40,True
658,"t=21.93,h=36.37,p=1011.33",46288,95.90,True
659,"t=21.93,h=36.37,p=1011.33",46282,352.40,True
660,"t=21.93,h=36.37,p=1011.33",46293,353.00,True
661,"t=21.93,h=36.35,p=1011.34",46287,110.00,True
662,"t=21.93,h=36.35,p=1011.34",46283,241.40,True
663,"t=21.93,h=36.38,p=1011.37",46293,297.70,True
664,"t=21.93,h=36.38,p=1011.37",46287,288.70,True
665,"t=21.93,h=36.37,p=1011.31",46275,126.00,True
666,"t=21.93,h=36.37,p=1011.31",46280,94.30,True
667,"t=21.93,h=36.37,p=1011.36",46275,95.60,True
668,"t=21.93,h=36.37,p=1011.36",46283,380.00,True
669,"t=21.93,h=36.38,p=1011.37",46293,258.70,True
670,"t=21.93,h=36.38,p=1011.37",46299,95.60,True
671,"t=21.92,h=36.38,p=1011.31",46273,96.80,True
672,"t=21.92,h=36.38,p=1011.31",46280,359.20,True
673,"t=21.93,h=36.37,p=1011.31",46286,387.20,True
674,"t=21.93,h=36.37,p=1011.31",46289,96.80,True
675,"t=21.93,h=36.39,p=1011.33",46279,96.20,True
676,"t=21.93,h=36.39,p=1011.33",46275,93.90,True
677,"t=21.93,h=36.38,p=1011.36",46275,173.00,True
678,"t=21.93,h=36.38,p=1011.36",46290,149.30,True
679,"t=21.92,h=36.37,p=1011.32",46279,121.40,True
680,"t=21.92,h=36.37,p=1011.32",46271,94.90,True
681,"t=21.93,h=36.38,p=1011.34",46289,95.90,True
682,"t=21.93,h=36.38,p=1011.34",46290,356.30,True
683,"t=21.93,h=36.37,p=1011.35",46297,190.00,True
684,"t=21.93,h=36.37,p=1011.35",46274,94.70,True
685,"t=21.94,h=36.38,p=1011.34",46271,359.10,True
686,"t=21.94,h=36.38,p=1011.34",46279,257.60,True
687,"t=21.93,h=36.38,p=1011.33",46282,313.30,True
688,"t=21.93,h=36.38,p=1011.33",46287,364.10,True
689,"t=21.94,h=36.37,p=1011.31",46285,200.10,True
690,"t=21.94,h=36.37,p=1011.31",46272,347.70,True
691,"t=21.93,h=36.38,p=1011.35",46289,334.70,True
692,"t=21.93,h=36.38,p=1011.35",46290,346.20,True
693,"t=21.93,h=36.38,p=1011.35",46283,297.70,True
694,"t=21.93,h=36.38,p=1011.35",46278,235.90,True
695,"t=21.94,h=36.38,p=1011.36",46272,213.70,True
696,"t=21.94,h=36.38,p=1011.36",46287,354.40,True
697,"t=21.94,h=36.38,p=1011.35",46280,96.00,True
698,"t=21.94,h=36.38,p=1011.35",46291,298.50,True
699,"t=21.93,h=36.38,p=1011.31",46282,96.50,True
700,"t=21.93,h=36.38,p=1011.31",46280,156.90,True
701,"t=21.93,h=36.37,p=1011.31",46284,390.80,True
702,"t=21.93,h=36.37,p=1011.31",46288,298.50,True
703,"t=21.93,h=36.38,p=1011.32",46277,101.90,True
704,"t=21.93,h=36.38,p=1011.32",46283,352.20,True
705,"t=21.93,h=36.37,p=1011.33",46288,294.30,True
706,"t=21.93,h=36.37,p=1011.33",46280,335.70,True
707,"t=21.93,h=36.38,p=1011.34",46296,293.80,True
708,"t=21.93,h=36.38,p=1011.34",46286,96.60,True
709,"t=21.93,h=36.38,p=1011.31",46273,278.20,True
710,"t=21.93,h=36.38,p=1011.31",46283,218.50,True
711,"t=21.93,h=36.38,p=1011.31",46274,355.10,True
712,"t=21.93,h=36.39,p=1011.35",46284,301.00,True
713,"t=21.93,h=36.39,p=1011.35",46289,95.10,True
714,"t=21.93,h=36.38,p=1011.34",46284,97.00,True
715,"t=21.93,h=36.38,p=1011.34",46290,412.90,True
716,"t=21.94,h=36.37,p=1011.37",46290,96.30,True
717,"t=21.94,h=36.37,p=1011.37",46289,287.00,True
718,"t=21.93,h=36.37,p=1011.34",46288,216.10,True
719,"t=21.93,h=36.37,p=1011.34",46280,219.10,True
720,"t=21.93,h=36.37,p=1011.33",46286,241.10,True
721,"t=21.93,h=36.37,p=1011.33",46292,149.50,True
722,"t=21.94,h=36.38,p=1011.36",46283,96.90,True
723,"t=21.94,h=36.38,p=1011.36",46273,95.20,True
724,"t=21.93,h=36.37,p=1011.38",46298,379.10,True
725,"t=21.93,h=36.37,p=1011.38",46278,292.20,True
726,"t=21.94,h=36.37,p=1011.32",46279,356.60,True
727,"t=21.94,h=36.37,p=1011.32",46284,265.00,True
728,"t=21.94,h=36.35,p=1011.33",46294,218.50,True
729,"t=21.94,h=36.35,p=1011.33",46280,213.50,True
730,"t=21.93,h=36.36,p=1011.34",46281,363.40,True
731,"t=21.93,h=36.36,p=1011.34",46282,292.10,True
732,"t=21.94,h=36.36,p=1011.33",46284,354.90,True
733,"t=21.94,h=36.36,p=1011.33",46285,97.10,True
734,"t=21.94,h=36.36,p=1011.35",46275,96.90,True
735,"t=21.94,h=36.36,p=1011.35",46295,356.50,True
736,"t=21.94,h=36.35,p=1011.34",46285,145.70,True
737,"t=21.94,h=36.35,p=1011.34",46276,308.90,True
738,"t=21.94,h=36.36,p=1011.36",46285,393.90,True
739,"t=21.94,h=36.36,p=1011.36",46287,252.30,True
740,"t=21.94,h=36.37,p=1011.38",46272,95.10,True
741,"t=21.94,h=36.37,p=1011.38",46277,264.90,True
742,"t=21.94,h=36.36,p=1011.36",46285,349.80,True
743,"t=21.94,h=36.36,p=1011.36",46293,144.80,True
744,"t=21.94,h=36.35,p=1011.33",46292,351.50,True
745,"t=21.94,h=36.35,p=1011.33",46292,122.70,True
746,"t=21.94,h=36.36,p=1011.36",46277,243.10,True
747,"t=21.94,h=36.36,p=1011.36",46287,219.40,True
748,"t=21.93,h=36.36,p=1011.36",46274,341.50,True
749,"t=21.93,h=36.36,p=1011.36",46284,229.50,True
750,"t=21.93,h=36.36,p=1011.33",46287,106.20,True
751,"t=21.93,h=36.36,p=1011.33",46273,94.30,True
752,"t=21.93,h=36.36,p=1011.35",46310,346.50,True
753,"t=21.93,h=36.36,p=1011.35",46282,94.80,True
754,"t=21.92,h=36.36,p=1011.33",46290,355.50,True
755,"t=21.92,h=36.36,p=1011.33",46292,253.30,True
756,"t=21.93,h=36.36,p=1011.33",46282,142.40,True
757,"t=21.93,h=36.36,p=1011.33",46282,98.40,True
758,"t=21.93,h=36.36,p=1011.34",46278,155.80,True
759,"t=21.93,h=36.36,p=1011.34",46283,331.40,True
760,"t=21.93,h=36.36,p=1011.36",46282,292.60,True
761,"t=21.93,h=36.36,p=1011.36",46273,279.90,True
762,"t=21.94,h=36.35,p=1011.36",46272,95.20,True
763,"t=21.94,h=36.35,p=1011.36",46273,137.00,True
764,"t=21.94,h=36.35,p=1011.36",46282,107.20,True
765,"t=21.94,h=36.35,p=1011.36",46273,352.50,True
766,"t=21.94,h=36.35,p=1011.36",46282,204.80,True
767,"t=21.94,h=36.34,p=1011.36",46271,266.60,True
768,"t=21.94,h=36.34,p=1011.36",46281,215.30,True
769,"t=21.94,h=36.35,p=1011.36",46274,161.00,True
770,"t=21.94,h=36.35,p=1011.36",46282,142.70,True
771,"t=21.94,h=36.36,p=1011.41",46290,98.70,True
772,"t=21.94,h=36.36,p=1011.41",46277,94.30,True
773,"t=21.94,h=36.36,p=1011.35",46283,94.70,True
774,"t=21.94,h=36.36,p=1011.35",46283,383.20,True
775,"t=21.94,h=36.36,p=1011.35",46290,216.50,True
776,"t=21.94,h=36.36,p=1011.35",46278,213.30,True
777,"t=21.92,h=36.36,p=1011.35",46278,212.70,True
778,"t=21.92,h=36.36,p=1011.35",46275,355.40,True
779,"t=21.94,h=36.37,p=1011.36",46285,312.60,True
780,"t=21.94,h=36.37,p=1011.36",46304,96.00,True
781,"t=21.94,h=36.36,p=1011.38",46275,94.80,True
782,"t=21.94,h=36.36,p=1011.38",46277,352.70,True
783,"t=21.94,h=36.37,p=1011.39",46291,217.50,True
784,"t=21.94,h=36.37,p=1011.39",46282,208.30,True
785,"t=21.94,h=36.35,p=1011.38",46285,96.80,True
786,"t=21.94,h=36.35,p=1011.38",46276,319.60,True
787,"t=21.93,h=36.35,p=1011.35",46286,98.10,True
788,"t=21.93,h=36.35,p=1011.35",46286,95.80,True
789,"t=21.93,h=36.35,p=1011.33",46281,321.00,True
790,"t=21.93,h=36.35,p=1011.33",46287,95.70,True
791,"t=21.93,h=36.32,p=1011.36",46290,94.50,True
792,"t=21.93,h=36.32,p=1011.36",46282,93.20,True
793,"t=21.94,h=36.34,p=1011.37",46279,95.90,True
794,"t=21.94,h=36.34,p=1011.37",46278,136.30,True
795,"t=21.93,h=36.33,p=1011.36",46287,96.70,True
796,"t=21.93,h=36.33,p=1011.36",46273,94.80,True
797,"t=21.94,h=36.35,p=1011.35",46283,361.20,True
798,"t=21.94,h=36.35,p=1011.35",46289,258.10,True
799,"t=21.94,h=36.36,p=1011.38",46279,300.80,True
800,"t=21.94,h=36.36,p=1011.38",46285,214.30,True
801,"t=21.94,h=36.36,p=1011.37",46277,216.80,True
802,"t=21.94,h=36.36,p=1011.37",46282,215.00,True
803,"t=21.94,h=36.36,p=1011.40",46267,216.20,True
804,"t=21.94,h=36.36,p=1011.40",46270,281.60,True
805,"t=21.94,h=36.35,p=1011.40",46285,215.00,True
806,"t=21.94,h=36.35,p=1011.40",46283,211.70,True
807,"t=21.94,h=36.35,p=1011.40",46275,98.70,True
808,"t=21.94,h=36.35,p=1011.40",46280,290.60,True
809,"t=21.94,h=36.36,p=1011.38",46282,97.00,True
810,"t=21.94,h=36.36,p=1011.38",46272,95.10,True
811,"t=21.94,h=36.35,p=1011.39",46280,95.60,True
812,"t=21.94,h=36.35,p=1011.39",46286,94.60,True
813,"t=21.94,h=36.36,p=1011.43",46283,167.60,True
814,"t=21.94,h=36.36,p=1011.43",46292,96.60,True
815,"t=21.94,h=36.36,p=1011.43",46290,94.30,True
816,"t=21.93,h=36.35,p=1011.37",46279,96.10,True
817,"t=21.93,h=36.35,p=1011.37",46284,358.50,True
818,"t=21.94,h=36.34,p=1011.38",46284,214.00,True
819,"t=21.94,h=36.34,p=1011.38",46276,372.40,True
820,"t=21.93,h=36.35,p=1011.38",46291,96.60,True
821,"t=21.93,h=36.35,p=1011.38",46288,109.90,True
822,"t=21.93,h=36.36,p=1011.37",46275,95.20,True
823,"t=21.93,h=36.36,p=1011.37",46275,296.30,True
824,"t=21.94,h=36.36,p=1011.39",46288,96.00,True
825,"t=21.94,h=36.36,p=1011.39",46286,337.80,True
826,"t=21.93,h=36.36,p=1011.34",46283,378.80,True
827,"t=21.93,h=36.36,p=1011.34",46271,121.60,True
828,"t=21.93,h=36.36,p=1011.35",46283,354.10,True
829,"t=21.93,h=36.36,p=1011.35",46281,158.70,True
830,"t=21.94,h=36.37,p=1011.38",46271,95.40,True
831,"t=21.94,h=36.37,p=1011.38",46273,95.30,True
832,"t=21.93,h=36.35,p=1011.34",46281,199.90,True
833,"t=21.93,h=36.35,p=1011.34",46284,95.60,True
834,"t=21.93,h=36.36,p=1011.38",46276,284.90,True
835,"t=21.93,h=36.36,p=1011.38",46288,215.10,True
836,"t=21.93,h=36.35,p=1011.34",46288,392.10,True
837,"t=21.93,h=36.35,p=1011.34",46286,117.60,True
838,"t=21.94,h=36.36,p=1011.37",46285,97.20,True
839,"t=21.94,h=36.36,p=1011.37",46273,95.60,True
840,"t=21.94,h=36.34,p=1011.38",46269,95.50,True
841,"t=21.94,h=36.34,p=1011.38",46272,359.60,True
842,"t=21.94,h=36.35,p=1011.38",46283,222.00,True
843,"t=21.94,h=36.35,p=1011.38",46271,213.00,True
844,"t=21.94,h=36.35,p=1011.37",46279,213.90,True
845,"t=21.94,h=36.35,p=1011.37",46280,267.60,True
846,"t=21.94,h=36.36,p=1011.37",46287,270.60,True
847,"t=21.94,h=36.36,p=1011.37",46289,230.30,True
848,"t=21.95,h=36.35,p=1011.38",46283,214.50,True
849,"t=21.95,h=36.35,p=1011.38",46288,247.50,True
850,"t=21.94,h=36.35,p=1011.34",46284,219.90,True
851,"t=21.94,h=36.35,p=1011.34",46280,94.60,True
852,"t=21.94,h=36.35,p=1011.38",46271,96.70,True
853,"t=21.94,h=36.35,p=1011.38",46282,200.40,True
854,"t=21.95,h=36.35,p=1011.40",46283,327.80,True
855,"t=21.95,h=36.35,p=1011.40",46288,93.80,True
856,"t=21.94,h=36.34,p=1011.38",46281,96.40,True
857,"t=21.94,h=36.34,p=1011.38",46277,360.20,True
858,"t=21.94,h=36.34,p=1011.39",46283,106.30,True
859,"t=21.94,h=36.34,p=1011.39",46279,93.30,True
860,"t=21.94,h=36.32,p=1011.37",46279,353.50,True
861,"t=21.94,h=36.32,p=1011.37",46292,262.50,True
862,"t=21.94,h=36.33,p=1011.38",46292,218.80,True
863,"t=21.94,h=36.33,p=1011.38",46278,215.30,True
864,"t=21.94,h=36.32,p=1011.38",46279,302.60,True
865,"t=21.94,h=36.32,p=1011.38",46286,98.10,True
866,"t=21.94,h=36.32,p=1011.38",46277,139.70,True
867,"t=21.93,h=36.32,p=1011.33",46286,96.30,True
868,"t=21.93,h=36.32,p=1011.33",46278,94.30,True
869,"t=21.93,h=36.32,p=1011.36",46295,330.20,True
870,"t=21.93,h=36.32,p=1011.36",46291,216.50,True
871,"t=21.93,h=36.31,p=1011.37",46272,218.50,True
872,"t=21.93,h=36.31,p=1011.37",46272,200.80,True
873,"t=21.93,h=36.31,p=1011.36",46276,119.60,True
874,"t=21.93,h=36.31,p=1011.36",46285,95.50,True
875,"t=21.94,h=36.31,p=1011.34",46286,376.50,True
876,"t=21.94,h=36.31,p=1011.34",46284,127.20,True
877,"t=21.94,h=36.33,p=1011.37",46280,353.60,True
878,"t=21.94,h=36.33,p=1011.37",46318,331.40,True
879,"t=21.95,h=36.31,p=1011.37",46284,239.70,True
880,"t=21.95,h=36.31,p=1011.37",46269,214.20,True
881,"t=21.95,h=36.31,p=1011.38",46279,136.40,True
882,"t=21.95,h=36.31,p=1011.38",46287,355.10,True
883,"t=21.94,h=36.31,p=1011.35",46291,98.30,True
884,"t=21.94,h=36.31,p=1011.35",46273,96.30,True
885,"t=21.94,h=36.30,p=1011.38",46282,187.90,True
886,"t=21.94,h=36.30,p=1011.38",46284,97.60,True
887,"t=21.95,h=36.29,p=1011.38",46286,98.50,True
888,"t=21.95,h=36.29,p=1011.38",46282,157.30,True
889,"t=21.94,h=36.29,p=1011.38",46290,116.70,True
890,"t=21.94,h=36.29,p=1011.38",46278,163.60,True
891,"t=21.95,h=36.31,p=1011.37",46283,98.50,True
892,"t=21.95,h=36.31,p=1011.37",46272,144.40,True
893,"t=21.95,h=36.29,p=1011.35",46286,97.50,True
894,"t=21.95,h=36.29,p=1011.35",46277,145.80,True
895,"t=21.95,h=36.30,p=1011.40",46289,352.30,True
896,"t=21.95,h=36.30,p=1011.40",46293,307.50,True
897,"t=21.94,h=36.27,p=1011.37",46288,357.20,True
898,"t=21.94,h=36.27,p=1011.37",46291,96.20,True
899,"t=21.94,h=36.28,p=1011.36",46293,96.50,True
900,"t=21.94,h=36.28,p=1011.36",46275,95.10,True
901,"t=21.95,h=36.28,p=1011.38",46280,386.80,True
902,"t=21.95,h=36.28,p=1011.38",46300,264.30,True
903,"t=21.94,h=36.28,p=1011.35",46286,353.60,True
904,"t=21.94,h=36.28,p=1011.35",46286,351.90,True
905,"t=21.94,h=36.27,p=1011.32",46296,212.00,True
906,"t=21.94,h=36.27,p=1011.32",46283,95.80,True
907,"t=21.95,h=36.27,p=1011.38",46285,271.40,True
908,"t=21.95,h=36.27,p=1011.38",46283,217.80,True
909,"t=21.94,h=36.27,p=1011.36",46291,353.50,True
910,"t=21.94,h=36.27,p=1011.36",46291,101.60,True
911,"t=21.94,h=36.27,p=1011.34",46282,143.70,True
912,"t=21.94,h=36.27,p=1011.34",46285,95.90,True
913,"t=21.95,h=36.27,p=1011.34",46270,116.30,True
914,"t=21.95,h=36.27,p=1011.34",46273,96.40,True
915,"t=21.95,h=36.26,p=1011.36",46279,99.30,True
916,"t=21.95,h=36.26,p=1011.36",46285,212.70,True
917,"t=21.95,h=36.26,p=1011.35",46286,215.50,True
918,"t=21.95,h=36.26,p=1011.35",46291,360.70,True
919,"t=21.95,h=36.26,p=1011.35",46296,98.30,True
920,"t=21.95,h=36.26,p=1011.39",46279,95.80,True
921,"t=21.95,h=36.26,p=1011.39",46281,93.60,True
922,"t=21.95,h=36.24,p=1011.36",46275,94.70,True
923,"t=21.95,h=36.24,p=1011.36",46275,108.20,True
924,"t=21.95,h=36.27,p=1011.39",46274,390.80,True
925,"t=21.95,h=36.27,p=1011.39",46283,96.30,True
926,"t=21.95,h=36.26,p=1011.37",46274,268.60,True
927,"t=21.95,h=36.26,p=1011.37",46293,218.50,True
928,"t=21.95,h=36.24,p=1011.37",46280,337.10,True
929,"t=21.95,h=36.24,p=1011.37",46292,98.00,True
930,"t=21.95,h=36.27,p=1011.35",46276,96.10,True
931,"t=21.95,h=36.27,p=1011.35",46302,357.60,True
932,"t=21.95,h=36.24,p=1011.40",46280,298.50,True
933,"t=21.95,h=36.24,p=1011.40",46280,198.00,True
934,"t=21.94,h=36.24,p=1011.34",46269,95.80,True
935,"t=21.94,h=36.24,p=1011.34",46280,276.20,True
936,"t=21.95,h=36.23,p=1011.34",46293,214.60,True
937,"t=21.95,h=36.23,p=1011.34",46287,209.00,True
938,"t=21.95,h=36.23,p=1011.38",46279,171.80,True
939,"t=21.95,h=36.23,p=1011.38",46293,96.40,True
940,"t=21.94,h=36.25,p=1011.35",46269,97.20,True
941,"t=21.94,h=36.25,p=1011.35",46275,94.80,True
942,"t=21.94,h=36.24,p=1011.35",46282,147.70,True
943,"t=21.94,h=36.24,p=1011.35",46289,144.20,True
944,"t=21.95,h=36.26,p=1011.34",46287,98.40,True
945,"t=21.95,h=36.26,p=1011.34",46278,95.90,True
946,"t=21.88,h=36.24,p=1011.23",46277,269.40,True
947,"t=21.88,h=36.24,p=1011.23",46281,178.90,True
948,"t=21.95,h=36.23,p=1011.35",46293,269.80,True
949,"t=21.95,h=36.23,p=1011.35",46293,329.60,True
950,"t=21.94,h=36.22,p=1011.33",46295,246.20,True
951,"t=21.94,h=36.22,p=1011.33",46286,218.60,True
952,"t=21.95,h=36.24,p=1011.35",46287,275.30,True
953,"t=21.95,h=36.24,p=1011.35",46285,358.80,True
954,"t=21.95,h=36.24,p=1011.34",46286,97.60,True
955,"t=21.95,h=36.24,p=1011.34",46276,95.90,True
956,"t=21.95,h=36.24,p=1011.37",46277,96.00,True
957,"t=21.95,h=36.24,p=1011.37",46276,139.30,True
958,"t=21.95,h=36.24,p=1011.32",46284,96.40,True
959,"t=21.95,h=36.24,p=1011.32",46278,356.50,True
960,"t=21.95,h=36.23,p=1011.31",46282,241.30,True
961,"t=21.95,h=36.23,p=1011.31",46308,216.10,True
962,"t=21.95,h=36.23,p=1011.37",46281,216.60,True
963,"t=21.95,h=36.23,p=1011.37",46286,355.30,True
964,"t=21.95,h=36.23,p=1011.33",46282,97.30,True
965,"t=21.95,h=36.23,p=1011.33",46279,135.20,True
966,"t=21.95,h=36.22,p=1011.35",46288,338.00,True
967,"t=21.95,h=36.22,p=1011.35",46287,296.80,True
968,"t=21.95,h=36.23,p=1011.35",46291,292.30,True
969,"t=21.95,h=36.23,p=1011.35",46289,116.00,True
970,"t=21.95,h=36.23,p=1011.35",46294,388.50,True
971,"t=21.88,h=36.24,p=1011.23",46281,98.80,True
972,"t=21.88,h=36.24,p=1011.23",46272,355.20,True
973,"t=21.94,h=36.22,p=1011.30",46282,124.50,True
974,"t=21.94,h=36.22,p=1011.30",46292,96.80,True
975,"t=21.94,h=36.22,p=1011.31",46286,96.70,True
976,"t=21.94,h=36.22,p=1011.31",46279,356.00,True
977,"t=21.95,h=36.23,p=1011.34",46295,182.80,True
978,"t=21.95,h=36.23,p=1011.34",46285,190.30,True
979,"t=21.93,h=36.23,p=1011.31",46281,98.20,True
980,"t=21.93,h=36.23,p=1011.31",46279,279.70,True
981,"t=21.94,h=36.24,p=1011.30",46288,350.90,True
982,"t=21.94,h=36.24,p=1011.30",46292,96.80,True
983,"t=21.93,h=36.22,p=1011.30",46274,97.60,True
984,"t=21.93,h=36.22,p=1011.30",46279,96.60,True
985,"t=21.94,h=36.23,p=1011.34",46273,246.10,True
986,"t=21.94,h=36.23,p=1011.34",46284,222.70,True
987,"t=21.94,h=36.21,p=1011.35",46281,361.10,True
988,"t=21.94,h=36.21,p=1011.35",46295,218.20,True
989,"t=21.95,h=36.20,p=1011.34",46289,199.80,True
990,"t=21.95,h=36.20,p=1011.34",46284,352.00,True
991,"t=21.95,h=36.22,p=1011.31",46285,96.60,True
992,"t=21.95,h=36.22,p=1011.31",46270,94.80,True
993,"t=21.95,h=36.22,p=1011.34",46280,96.80,True
994,"t=21.95,h=36.22,p=1011.34",46291,367.10,True
995,"t=21.95,h=36.23,p=1011.39",46285,96.80,True
996,"t=21.95,h=36.23,p=1011.39",46275,95.60,True
997,"t=21.95,h=36.21,p=1011.36",46275,96.40,True
998,"t=21.95,h=36.21,p=1011.36",46302,353.60,True
999,"t=21.95,h=36.20,p=1011.37",46294,97.00,True
1000,"t=21.95,h=36.20,p=1011.37",46279,339.60,True
1001,"t=21.95,h=36.22,p=1011.36",46290,280.20,True
1002,"t=21.95,h=36.22,p=1011.36",46276,329.10,True
1003,"t=21.95,h=36.23,p=1011.34",46296,154.40,True
1004,"t=21.95,h=36.23,p=1011.34",46286,277.70,True
1005,"t=21.95,h=36.22,p=1011.33",46289,97.10,True
1006,"t=21.95,h=36.22,p=1011.33",46279,266.70,True
1007,"t=21.95,h=36.21,p=1011.34",46297,271.20,True
1008,"t=21.95,h=36.21,p=1011.34",46293,216.50,True
1009,"t=21.95,h=36.21,p=1011.34",46285,263.90,True
1010,"t=21.95,h=36.21,p=1011.34",46293,212.50,True
1011,"t=21.95,h=36.21,p=1011.34",46285,181.90,True
1012,"t=21.95,h=36.21,p=1011.34",46299,96.70,True
1013,"t=21.95,h=36.21,p=1011.34",46285,355.70,True
1014,"t=21.95,h=36.21,p=1011.34",46298,241.30,True
1015,"t=21.95,h=36.21,p=1011.35",46285,212.90,True
1016,"t=21.95,h=36.21,p=1011.35",46277,211.30,True
1017,"t=21.95,h=36.22,p=1011.36",46278,126.10,True
1018,"t=21.95,h=36.22,p=1011.36",46288,99.80,True
1019,"t=21.94,h=36.22,p=1011.31",46278,304.70,True
1020,"t=21.94,h=36.22,p=1011.31",46288,215.50,True
1021,"t=21.94,h=36.22,p=1011.31",46277,211.70,True
1022,"t=21.93,h=36.21,p=1011.33",46294,152.70,True
1023,"t=21.93,h=36.21,p=1011.33",46296,97.00,True
1024,"t=21.95,h=36.21,p=1011.36",46274,96.80,True
1025,"t=21.95,h=36.21,p=1011.36",46275,95.40,True
1026,"t=21.95,h=36.22,p=1011.36",46285,359.70,True
1027,"t=21.95,h=36.22,p=1011.36",46284,217.00,True
1028,"t=21.95,h=36.20,p=1011.36",46288,211.90,True
1029,"t=21.95,h=36.20,p=1011.36",46278,181.00,True
1030,"t=21.95,h=36.23,p=1011.35",46291,94.00,True
1031,"t=21.95,h=36.23,p=1011.35",46293,326.30,True
1032,"t=21.95,h=36.22,p=1011.33",46286,215.50,True
1033,"t=21.95,h=36.22,p=1011.33",46274,211.40,True
1034,"t=21.95,h=36.22,p=1011.36",46276,351.80,True
1035,"t=21.95,h=36.22,p=1011.36",46284,293.80,True
1036,"t=21.96,h=36.21,p=1011.35",46280,384.00,True
1037,"t=21.96,h=36.21,p=1011.35",46286,96.00,True
1038,"t=21.95,h=36.23,p=1011.34",46288,94.90,True
1039,"t=21.95,h=36.23,p=1011.34",46294,350.90,True
1040,"t=21.96,h=36.23,p=1011.34",46284,335.20,True
1041,"t=21.96,h=36.23,p=1011.34",46286,129.80,True
1042,"t=21.95,h=36.22,p=1011.31",46271,94.80,True
1043,"t=21.95,h=36.22,p=1011.31",46283,354.50,True
1044,"t=21.96,h=36.21,p=1011.34",46281,95.90,True
1045,"t=21.96,h=36.21,p=1011.34",46280,296.30,True
1046,"t=21.96,h=36.21,p=1011.35",46286,215.10,True
1047,"t=21.96,h=36.21,p=1011.35",46281,208.90,True
1048,"t=21.95,h=36.21,p=1011.33",46276,337.60,True
1049,"t=21.95,h=36.21,p=1011.33",46288,293.50,True
1050,"t=21.94,h=36.22,p=1011.30",46270,102.30,True
1051,"t=21.94,h=36.22,p=1011.30",46280,96.40,True
1052,"t=21.95,h=36.22,p=1011.31",46273,330.40,True
1053,"t=21.95,h=36.22,p=1011.31",46285,265.70,True
1054,"t=21.94,h=36.22,p=1011.33",46289,144.20,True
1055,"t=21.94,h=36.22,p=1011.33",46290,156.60,True
1056,"t=21.96,h=36.22,p=1011.32",46291,356.40,True
1057,"t=21.96,h=36.22,p=1011.32",46293,139.10,True
1058,"t=21.95,h=36.22,p=1011.32",46270,216.50,True
1059,"t=21.95,h=36.22,p=1011.32",46280,96.30,True
1060,"t=21.94,h=36.22,p=1011.29",46280,189.40,True
1061,"t=21.94,h=36.22,p=1011.29",46279,362.40,True
1062,"t=21.95,h=36.22,p=1011.33",46285,218.80,True
1063,"t=21.95,h=36.22,p=1011.33",46279,212.60,True
1064,"t=21.96,h=36.23,p=1011.35",46282,95.30,True
1065,"t=21.96,h=36.23,p=1011.35",46289,294.40,True
1066,"t=21.96,h=36.22,p=1011.34",46290,209.30,True
1067,"t=21.96,h=36.22,p=1011.34",46277,206.90,True
1068,"t=21.95,h=36.22,p=1011.34",46283,212.90,True
1069,"t=21.95,h=36.22,p=1011.34",46289,310.60,True
1070,"t=21.96,h=36.23,p=1011.35",46296,215.80,True
1071,"t=21.96,h=36.23,p=1011.35",46275,213.80,True
1072,"t=21.96,h=36.23,p=1011.33",46277,216.70,True
1073,"t=21.96,h=36.23,p=1011.33",46280,267.40,True
1074,"t=21.96,h=36.23,p=1011.33",46289,215.30,True
1075,"t=21.96,h=36.21,p=1011.35",46280,324.80,True
1076,"t=21.96,h=36.21,p=1011.35",46287,201.40,True
1077,"t=21.96,h=36.26,p=1011.34",46275,351.00,True
1078,"t=21.96,h=36.26,p=1011.34",46283,325.70,True
1079,"t=21.96,h=36.23,p=1011.37",46286,158.60,True
1080,"t=21.96,h=36.23,p=1011.37",46272,104.50,True
1081,"t=21.96,h=36.22,p=1011.37",46284,95.30,True
1082,"t=21.96,h=36.22,p=1011.37",46280,96.40,True
1083,"t=21.95,h=36.23,p=1011.32",46281,95.00,True
1084,"t=21.95,h=36.23,p=1011.32",46280,344.60,True
1085,"t=21.96,h=36.23,p=1011.33",46292,219.40,True
1086,"t=21.96,h=36.23,p=1011.33",46280,160.40,True
1087,"t=21.93,h=36.23,p=1011.31",46285,98.80,True
1088,"t=21.93,h=36.23,p=1011.31",46285,295.80,True
1089,"t=21.95,h=36.22,p=1011.39",46286,278.90,True
1090,"t=21.95,h=36.22,p=1011.39",46285,215.30,True
1091,"t=21.95,h=36.21,p=1011.35",46273,212.00,True
1092,"t=21.95,h=36.21,p=1011.35",46279,351.20,True
1093,"t=21.96,h=36.22,p=1011.36",46286,97.90,True
1094,"t=21.96,h=36.22,p=1011.36",46277,186.80,True
1095,"t=21.91,h=36.24,p=1011.29",46284,97.40,True
1096,"t=21.91,h=36.24,p=1011.29",46285,95.60,True
1097,"t=21.95,h=36.26,p=1011.31",46270,182.10,True
1098,"t=21.95,h=36.26,p=1011.31",46285,392.40,True
1099,"t=21.95,h=36.22,p=1011.33",46290,130.00,True
1100,"t=21.95,h=36.22,p=1011.33",46281,92.50,True
1101,"t=21.96,h=36.23,p=1011.31",46274,277.30,True
1102,"t=21.96,h=36.23,p=1011.31",46286,343.70,True
1103,"t=21.96,h=36.25,p=1011.32",46286,243.60,True
1104,"t=21.96,h=36.25,p=1011.32",46283,237.50,True
1105,"t=21.96,h=36.25,p=1011.34",46277,415.20,True
1106,"t=21.96,h=36.25,p=1011.34",46282,306.50,True
1107,"t=21.96,h=36.23,p=1011.32",46307,331.40,True
1108,"t=21.96,h=36.23,p=1011.32",46282,336.50,True
1109,"t=21.95,h=36.24,p=1011.29",46290,97.80,True
1110,"t=21.95,h=36.24,p=1011.29",46274,349.40,True
1111,"t=21.96,h=36.25,p=1011.32",46287,97.00,True
1112,"t=21.96,h=36.25,p=1011.32",46282,275.00,True
1113,"t=21.96,h=36.26,p=1011.33",46291,355.50,True
1114,"t=21.96,h=36.26,p=1011.33",46289,253.40,True
1115,"t=21.96,h=36.26,p=1011.33",46277,93.30,True
1116,"t=21.96,h=36.26,p=1011.33",46288,194.30,True
1117,"t=21.96,h=36.26,p=1011.32",46282,97.20,True
1118,"t=21.96,h=36.26,p=1011.32",46278,296.70,True
1119,"t=21.96,h=36.25,p=1011.30",46286,358.60,True
1120,"t=21.96,h=36.25,p=1011.30",46289,222.10,True
1121,"t=21.96,h=36.25,p=1011.33",46268,96.60,True
1122,"t=21.96,h=36.25,p=1011.33",46277,186.20,True
1123,"t=21.96,h=36.25,p=1011.34",46284,139.70,True
1124,"t=21.96,h=36.25,p=1011.34",46287,97.00,True
1125,"t=21.96,h=36.25,p=1011.34",46277,95.80,True
1126,"t=21.96,h=36.26,p=1011.34",46271,96.10,True
1127,"t=21.96,h=36.26,p=1011.34",46276,270.00,True
1128,"t=21.96,h=36.25,p=1011.31",46285,329.20,True
1129,"t=21.96,h=36.25,p=1011.31",46286,299.20,True
1130,"t=21.96,h=36.25,p=1011.33",46280,217.70,True
1131,"t=21.96,h=36.25,p=1011.33",46272,277.70,True
1132,"t=21.96,h=36.25,p=1011.33",46281,216.60,True
1133,"t=21.96,h=36.25,p=1011.33",46272,291.50,True
1134,"t=21.95,h=36.26,p=1011.32",46288,217.50,True
1135,"t=21.95,h=36.26,p=1011.32",46276,354.60,True
1136,"t=21.95,h=36.24,p=1011.34",46289,159.20,True
1137,"t=21.95,h=36.24,p=1011.34",46277,95.40,True
1138,"t=21.95,h=36.26,p=1011.30",46278,354.80,True
1139,"t=21.95,h=36.26,p=1011.30",46285,100.40,True
1140,"t=21.92,h=36.26,p=1011.28",46295,352.50,True
1141,"t=21.92,h=36.26,p=1011.28",46288,97.40,True
1142,"t=21.96,h=36.28,p=1011.32",46292,96.50,True
1143,"t=21.96,h=36.28,p=1011.32",46274,94.60,True
1144,"t=21.96,h=36.26,p=1011.34",46290,266.00,True
1145,"t=21.96,h=36.26,p=1011.34",46280,133.70,True
1146,"t=21.96,h=36.27,p=1011.33",46279,358.80,True
1147,"t=21.96,h=36.27,p=1011.33",46280,300.40,True
1148,"t=21.96,h=36.28,p=1011.34",46280,346.00,True
1149,"t=21.96,h=36.28,p=1011.34",46284,219.20,True
1150,"t=21.96,h=36.27,p=1011.34",46282,150.30,True
1151,"t=21.96,h=36.27,p=1011.34",46297,113.90,True
1152,"t=21.96,h=36.28,p=1011.35",46283,96.60,True
1153,"t=21.96,h=36.28,p=1011.35",46283,329.00,True
1154,"t=21.96,h=36.27,p=1011.33",46282,301.30,True
1155,"t=21.96,h=36.27,p=1011.33",46279,286.00,True
1156,"t=21.96,h=36.27,p=1011.35",46287,218.20,True
1157,"t=21.96,h=36.27,p=1011.35",46282,359.10,True
1158,"t=21.96,h=36.28,p=1011.32",46285,291.30,True
1159,"t=21.96,h=36.28,p=1011.32",46288,97.70,True
1160,"t=21.97,h=36.27,p=1011.32",46272,95.80,True
1161,"t=21.97,h=36.27,p=1011.32",46283,94.40,True
1162,"t=21.96,h=36.28,p=1011.32",46282,270.50,True
1163,"t=21.96,h=36.28,p=1011.32",46289,287.80,True
1164,"t=21.95,h=36.28,p=1011.30",46283,218.00,True
1165,"t=21.95,h=36.28,p=1011.30",46273,215.10,True
1166,"t=21.96,h=36.28,p=1011.33",46280,273.20,True
1167,"t=21.96,h=36.28,p=1011.33",46288,351.50,True
1168,"t=21.95,h=36.27,p=1011.34",46281,98.60,True
1169,"t=21.95,h=36.27,p=1011.34",46264,99.50,True
1170,"t=21.96,h=36.27,p=1011.34",46281,246.10,True
1171,"t=21.96,h=36.27,p=1011.34",46303,210.00,True
1172,"t=21.95,h=36.28,p=1011.31",46290,217.10,True
1173,"t=21.95,h=36.28,p=1011.31",46274,213.50,True
1174,"t=21.96,h=36.27,p=1011.32",46282,355.30,True
1175,"t=21.96,h=36.27,p=1011.32",46285,297.10,True
1176,"t=21.95,h=36.27,p=1011.30",46282,199.70,True
1177,"t=21.95,h=36.27,p=1011.30",46298,208.80,True
1178,"t=21.95,h=36.27,p=1011.30",46287,354.00,True
1179,"t=21.96,h=36.27,p=1011.30",46284,227.40,True
1180,"t=21.96,h=36.27,p=1011.30",46279,93.30,True
1181,"t=21.96,h=36.27,p=1011.33",46285,146.70,True
1182,"t=21.96,h=36.27,p=1011.33",46280,98.10,True
1183,"t=21.97,h=36.27,p=1011.33",46273,351.20,True
1184,"t=21.97,h=36.27,p=1011.33",46281,216.10,True
1185,"t=21.96,h=36.28,p=1011.34",46282,259.70,True
1186,"t=21.96,h=36.28,p=1011.34",46284,188.30,True
1187,"t=21.96,h=36.27,p=1011.34",46287,353.00,True
1188,"t=21.96,h=36.27,p=1011.34",46289,100.90,True
1189,"t=21.96,h=36.27,p=1011.34",46285,366.60,True
1190,"t=21.96,h=36.27,p=1011.34",46288,230.00,True
1191,"t=21.96,h=36.26,p=1011.33",46286,274.40,True
1192,"t=21.96,h=36.26,p=1011.33",46289,245.70,True
1193,"t=21.97,h=36.27,p=1011.36",46291,99.20,True
1194,"t=21.97,h=36.27,p=1011.36",46320,95.50,True
1195,"t=21.96,h=36.26,p=1011.31",46277,95.60,True
1196,"t=21.96,h=36.26,p=1011.31",46281,143.70,True
1197,"t=21.96,h=36.26,p=1011.31",46313,136.30,True
1198,"t=21.96,h=36.26,p=1011.31",46288,95.60,True
1199,"t=21.96,h=36.27,p=1011.30",46274,94.80,True
1200,"t=21.96,h=36.27,p=1011.30",46278,347.30,True
1201,"t=21.96,h=36.23,p=1011.31",46280,186.90,True
1202,"t=21.96,h=36.23,p=1011.31",46282,352.10,True
1203,"t=21.95,h=36.25,p=1011.28",46290,141.70,True
1204,"t=21.95,h=36.25,p=1011.28",46286,359.90,True
1205,"t=21.96,h=36.25,p=1011.31",46288,96.80,True
1206,"t=21.96,h=36.25,p=1011.31",46280,349.70,True
1207,"t=21.95,h=36.23,p=1011.29",46284,299.10,True
1208,"t=21.95,h=36.23,p=1011.29",46277,166.80,True
1209,"t=21.95,h=36.26,p=1011.29",46288,585.80,True
1210,"t=21.95,h=36.26,p=1011.29",46291,359.30,True
1211,"t=21.96,h=36.27,p=1011.32",46284,98.20,True
1212,"t=21.96,h=36.27,p=1011.32",46278,95.80,True
1213,"t=21.96,h=36.26,p=1011.32",46276,318.40,True
1214,"t=21.96,h=36.26,p=1011.32",46285,217.30,True
1215,"t=21.96,h=36.25,p=1011.30",46280,282.90,True
1216,"t=21.96,h=36.25,p=1011.30",46290,220.40,True
1217,"t=21.96,h=36.25,p=1011.32",46276,159.50,True
1218,"t=21.96,h=36.25,p=1011.32",46285,96.80,True
1219,"t=21.97,h=36.25,p=1011.33",46280,284.30,True
1220,"t=21.97,h=36.25,p=1011.33",46287,277.20,True
1221,"t=21.97,h=36.25,p=1011.32",46294,218.60,True
1222,"t=21.97,h=36.25,p=1011.32",46286,214.50,True
1223,"t=21.96,h=36.25,p=1011.31",46276,95.60,True
1224,"t=21.96,h=36.25,p=1011.31",46277,386.60,True
1225,"t=21.96,h=36.25,p=1011.31",46285,96.30,True
1226,"t=21.96,h=36.25,p=1011.31",46274,137.00,True
1227,"t=21.96,h=36.26,p=1011.30",46298,97.50,True
1228,"t=21.96,h=36.26,p=1011.30",46285,355.20,True
1229,"t=21.96,h=36.26,p=1011.32",46287,373.10,True
1230,"t=21.96,h=36.26,p=1011.32",46282,215.20,True
1231,"t=21.96,h=36.26,p=1011.32",46276,95.00,True
1232,"t=21.95,h=36.26,p=1011.28",46279,93.60,True
1233,"t=21.95,h=36.26,p=1011.28",46283,143.30,True
1234,"t=21.97,h=36.23,p=1011.32",46288,269.60,True
1235,"t=21.97,h=36.23,p=1011.32",46281,185.90,True
1236,"t=21.96,h=36.26,p=1011.32",46275,96.70,True
1237,"t=21.96,h=36.26,p=1011.32",46273,381.30,True
1238,"t=21.97,h=36.26,p=1011.33",46282,243.90,True
1239,"t=21.97,h=36.26,p=1011.33",46278,346.90,True
1240,"t=21.97,h=36.27,p=1011.31",46286,211.00,True
1241,"t=21.97,h=36.27,p=1011.31",46276,346.90,True
1242,"t=21.96,h=36.26,p=1011.31",46289,201.20,True
1243,"t=21.96,h=36.26,p=1011.31",46279,272.50,True
1244,"t=21.96,h=36.23,p=1011.28",46292,212.60,True
1245,"t=21.96,h=36.23,p=1011.28",46278,351.30,True
1246,"t=21.95,h=36.27,p=1011.31",46285,137.10,True
1247,"t=21.95,h=36.27,p=1011.31",46277,283.00,True
1248,"t=21.96,h=36.25,p=1011.31",46286,308.50,True
1249,"t=21.96,h=36.25,p=1011.31",46303,347.60,True
1250,"t=21.95,h=36.26,p=1011.29",46288,389.70,True
1251,"t=21.95,h=36.26,p=1011.29",46288,354.30,True
1252,"t=21.97,h=36.25,p=1011.32",46295,127.50,True
1253,"t=21.97,h=36.25,p=1011.32",46292,95.20,True
1254,"t=21.97,h=36.26,p=1011.31",46275,138.30,True
1255,"t=21.97,h=36.26,p=1011.31",46287,97.10,True
1256,"t=21.96,h=36.27,p=1011.33",46277,157.20,True
1257,"t=21.96,h=36.27,p=1011.33",46286,280.10,True
1258,"t=21.97,h=36.27,p=1011.33",46280,216.30,True
1259,"t=21.97,h=36.27,p=1011.33",46269,145.80,True
1260,"t=21.96,h=36.26,p=1011.34",46272,351.40,True
1261,"t=21.96,h=36.26,p=1011.34",46283,98.00,True
1262,"t=21.96,h=36.23,p=1011.33",46280,306.90,True
1263,"t=21.96,h=36.23,p=1011.33",46287,218.30,True
1264,"t=21.97,h=36.26,p=1011.32",46277,210.90,True
1265,"t=21.97,h=36.26,p=1011.32",46275,354.70,True
1266,"t=21.97,h=36.26,p=1011.33",46288,152.70,True
1267,"t=21.97,h=36.26,p=1011.33",46275,145.10,True
1268,"t=21.97,h=36.26,p=1011.32",46290,94.60,True
1269,"t=21.97,h=36.26,p=1011.32",46277,164.40,True
1270,"t=21.97,h=36.27,p=1011.29",46288,336.50,True
1271,"t=21.97,h=36.27,p=1011.29",46287,358.40,True
1272,"t=21.97,h=36.26,p=1011.32",46285,348.10,True
1273,"t=21.97,h=36.26,p=1011.32",46284,198.80,True
1274,"t=21.97,h=36.27,p=1011.34",46272,96.90,True
1275,"t=21.97,h=36.27,p=1011.34",46277,388.70,True
1276,"t=21.97,h=36.27,p=1011.34",46284,242.60,True
1277,"t=21.97,h=36.27,p=1011.34",46276,95.60,True
1278,"t=21.96,h=36.27,p=1011.33",46272,357.20,True
1279,"t=21.96,h=36.27,p=1011.33",46281,257.80,True
1280,"t=21.97,h=36.27,p=1011.33",46295,164.30,True
1281,"t=21.97,h=36.27,p=1011.33",46286,97.40,True
1282,"t=21.97,h=36.27,p=1011.33",46271,291.00,True
1283,"t=21.97,h=36.28,p=1011.35",46290,217.80,True
1284,"t=21.97,h=36.28,p=1011.35",46280,350.00,True
1285,"t=21.96,h=36.27,p=1011.31",46278,97.20,True
1286,"t=21.96,h=36.27,p=1011.31",46277,366.50,True
1287,"t=21.96,h=36.28,p=1011.32",46285,96.50,True
1288,"t=21.96,h=36.28,p=1011.32",46278,357.10,True
1289,"t=21.95,h=36.28,p=1011.29",46289,292.10,True
1290,"t=21.95,h=36.28,p=1011.29",46276,95.60,True
1291,"t=21.96,h=36.27,p=1011.28",46283,145.80,True
1292,"t=21.96,h=36.27,p=1011.28",46290,96.60,True
1293,"t=21.97,h=36.29,p=1011.31",46275,96.10,True
1294,"t=21.97,h=36.29,p=1011.31",46275,94.00,True
1295,"t=21.97,h=36.27,p=1011.34",46280,96.60,True
1296,"t=21.97,h=36.27,p=1011.34",46279,197.00,True
1297,"t=21.97,h=36.26,p=1011.32",46285,117.40,True
1298,"t=21.97,h=36.26,p=1011.32",46273,95.10,True
1299,"t=21.97,h=36.27,p=1011.32",46274,96.20,True
1300,"t=21.97,h=36.27,p=1011.32",46281,335.60,True
1301,"t=21.97,h=36.26,p=1011.33",46286,278.50,True
1302,"t=21.97,h=36.26,p=1011.33",46287,216.00,True
1303,"t=21.97,h=36.29,p=1011.32",46272,218.60,True
1304,"t=21.97,h=36.29,p=1011.32",46282,337.40,True
1305,"t=21.97,h=36.28,p=1011.34",46285,217.80,True
1306,"t=21.97,h=36.28,p=1011.34",46283,356.20,True
1307,"t=21.97,h=36.27,p=1011.34",46285,111.10,True
1308,"t=21.97,h=36.27,p=1011.34",46280,96.90,True
1309,"t=21.97,h=36.27,p=1011.34",46273,95.30,True
1310,"t=21.97,h=36.27,p=1011.34",46282,99.40,True
1311,"t=21.97,h=36.27,p=1011.36",46296,200.50,True
1312,"t=21.97,h=36.27,p=1011.36",46308,98.00,True
1313,"t=21.97,h=36.27,p=1011.33",46272,95.30,True
1314,"t=21.97,h=36.27,p=1011.33",46281,243.40,True
1315,"t=21.97,h=36.26,p=1011.33",46282,214.00,True
1316,"t=21.97,h=36.26,p=1011.33",46282,145.40,True
1317,"t=21.97,h=36.27,p=1011.34",46289,97.70,True
1318,"t=21.97,h=36.27,p=1011.34",46280,145.70,True
1319,"t=21.94,h=36.27,p=1011.29",46287,98.10,True
1320,"t=21.94,h=36.27,p=1011.29",46274,346.70,True
1321,"t=21.95,h=36.27,p=1011.32",46288,288.90,True
1322,"t=21.95,h=36.27,p=1011.32",46276,98.90,True
1323,"t=21.97,h=36.27,p=1011.31",46282,360.60,True
1324,"t=21.97,h=36.27,p=1011.31",46285,94.80,True
1325,"t=21.96,h=36.27,p=1011.31",46275,352.20,True
1326,"t=21.96,h=36.27,p=1011.31",46278,242.40,True
1327,"t=21.96,h=36.28,p=1011.30",46282,120.80,True
1328,"t=21.96,h=36.28,p=1011.30",46285,97.60,True
1329,"t=21.96,h=36.28,p=1011.30",46283,334.30,True
1330,"t=21.96,h=36.28,p=1011.30",46285,298.50,True
1331,"t=21.96,h=36.28,p=1011.32",46284,256.50,True
1332,"t=21.96,h=36.28,p=1011.32",46284,354.10,True
1333,"t=21.97,h=36.28,p=1011.33",46311,96.50,True
1334,"t=21.97,h=36.28,p=1011.33",46288,94.10,True
1335,"t=21.97,h=36.28,p=1011.33",46292,94.60,True
1336,"t=21.97,h=36.29,p=1011.31",46281,261.70,True
1337,"t=21.97,h=36.29,p=1011.31",46287,215.00,True
1338,"t=21.97,h=36.27,p=1011.36",46288,358.40,True
1339,"t=21.97,h=36.27,p=1011.36",46293,244.80,True
1340,"t=21.97,h=36.27,p=1011.33",46288,338.60,True
1341,"t=21.97,h=36.27,p=1011.33",46280,346.30,True
1342,"t=21.97,h=36.26,p=1011.30",46283,289.00,True
1343,"t=21.97,h=36.26,p=1011.30",46289,366.50,True
1344,"t=21.97,h=36.26,p=1011.33",46282,98.50,True
1345,"t=21.97,h=36.26,p=1011.33",46278,95.80,True
1346,"t=21.97,h=36.29,p=1011.36",46284,356.50,True
1347,"t=21.97,h=36.29,p=1011.36",46289,97.60,True
1348,"t=21.97,h=36.28,p=1011.33",46286,95.60,True
1349,"t=21.97,h=36.28,p=1011.33",46286,143.90,True
1350,"t=21.97,h=36.29,p=1011.33",46283,119.60,True
1351,"t=21.97,h=36.29,p=1011.33",46278,353.50,True
1352,"t=21.97,h=36.28,p=1011.33",46295,100.70,True
1353,"t=21.97,h=36.28,p=1011.33",46292,120.60,True
1354,"t=21.97,h=36.29,p=1011.35",46288,95.90,True
1355,"t=21.97,h=36.29,p=1011.35",46279,325.40,True
1356,"t=21.96,h=36.26,p=1011.33",46295,157.90,True
1357,"t=21.96,h=36.26,p=1011.33",46287,97.50,True
1358,"t=21.97,h=36.29,p=1011.33",46276,95.30,True
1359,"t=21.97,h=36.29,p=1011.33",46277,175.90,True
1360,"t=21.97,h=36.29,p=1011.31",46290,97.10,True
1361,"t=21.97,h=36.29,p=1011.31",46276,95.10,True
1362,"t=21.96,h=36.28,p=1011.31",46280,321.30,True
1363,"t=21.96,h=36.28,p=1011.31",46287,216.20,True
1364,"t=21.96,h=36.28,p=1011.31",46291,350.60,True
1365,"t=21.96,h=36.28,p=1011.31",46287,275.40,True
1366,"t=21.95,h=36.27,p=1011.31",46282,215.70,True
1367,"t=21.95,h=36.27,p=1011.31",46275,174.40,True
1368,"t=21.97,h=36.29,p=1011.33",46285,296.10,True
1369,"t=21.97,h=36.29,p=1011.33",46289,213.10,True
1370,"t=21.97,h=36.29,p=1011.34",46282,267.00,True
1371,"t=21.97,h=36.29,p=1011.34",46294,94.90,True
1372,"t=21.97,h=36.29,p=1011.39",46275,356.40,True
1373,"t=21.97,h=36.29,p=1011.39",46285,97.90,True
1374,"t=21.97,h=36.29,p=1011.34",46282,149.90,True
1375,"t=21.97,h=36.29,p=1011.34",46288,95.10,True
1376,"t=21.97,h=36.29,p=1011.35",46277,355.70,True
1377,"t=21.97,h=36.29,p=1011.35",46285,216.80,True
1378,"t=21.97,h=36.29,p=1011.33",46274,211.80,True
1379,"t=21.97,h=36.29,p=1011.33",46275,144.50,True
1380,"t=21.97,h=36.29,p=1011.33",46288,344.80,True
1381,"t=21.97,h=36.29,p=1011.33",46282,297.50,True
1382,"t=21.97,h=36.29,p=1011.33",46277,211.70,True
1383,"t=21.97,h=36.29,p=1011.33",46275,218.50,True
1384,"t=21.97,h=36.29,p=1011.32",46286,361.00,True
1385,"t=21.97,h=36.29,p=1011.32",46281,175.00,True
1386,"t=21.97,h=36.29,p=1011.33",46276,95.40,True
1387,"t=21.97,h=36.29,p=1011.33",46276,388.00,True
1388,"t=21.97,h=36.29,p=1011.33",46286,95.40,True
1389,"t=21.97,h=36.30,p=1011.35",46277,96.20,True
1390,"t=21.97,h=36.30,p=1011.35",46279,347.70,True
1391,"t=21.97,h=36.29,p=1011.36",46290,291.50,True
1392,"t=21.97,h=36.29,p=1011.36",46287,138.70,True
1393,"t=21.97,h=36.29,p=1011.35",46284,97.30,True
1394,"t=21.97,h=36.29,p=1011.35",46312,189.00,True
1395,"t=21.97,h=36.30,p=1011.37",46287,270.90,True
1396,"t=21.97,h=36.30,p=1011.37",46288,245.80,True
1397,"t=21.97,h=36.29,p=1011.36",46293,218.40,True
1398,"t=21.97,h=36.29,p=1011.36",46287,137.70,True
1399,"t=21.97,h=36.30,p=1011.36",46286,97.00,True
1400,"t=21.97,h=36.30,p=1011.36",46283,245.50,True
1401,"t=21.95,h=36.28,p=1011.31",46286,260.70,True
1402,"t=21.95,h=36.28,p=1011.31",46290,392.10,True
1403,"t=21.96,h=36.28,p=1011.34",46283,121.70,True
1404,"t=21.96,h=36.28,p=1011.34",46277,96.00,True
1405,"t=21.97,h=36.30,p=1011.33",46275,203.40,True
1406,"t=21.97,h=36.30,p=1011.33",46284,281.70,True
1407,"t=21.96,h=36.30,p=1011.33",46285,211.60,True
1408,"t=21.96,h=36.30,p=1011.33",46279,195.20,True
1409,"t=21.97,h=36.29,p=1011.37",46274,356.50,True
1410,"t=21.97,h=36.29,p=1011.37",46286,95.70,True
1411,"t=21.97,h=36.26,p=1011.36",46284,96.40,True
1412,"t=21.97,h=36.26,p=1011.36",46289,135.50,True
1413,"t=21.97,h=36.29,p=1011.34",46290,93.70,True
1414,"t=21.97,h=36.29,p=1011.34",46285,112.80,True
1415,"t=21.97,h=36.29,p=1011.36",46283,348.60,True
1416,"t=21.97,h=36.29,p=1011.36",46294,355.80,True
1417,"t=21.97,h=36.29,p=1011.34",46293,371.90,True
1418,"t=21.97,h=36.29,p=1011.34",46289,116.90,True
1419,"t=21.97,h=36.30,p=1011.34",46278,94.80,True
1420,"t=21.97,h=36.30,p=1011.34",46309,174.80,True
1421,"t=21.97,h=36.29,p=1011.34",46291,337.70,True
1422,"t=21.97,h=36.29,p=1011.34",46290,95.50,True
1423,"t=21.97,h=36.29,p=1011.37",46273,95.70,True
1424,"t=21.97,h=36.29,p=1011.37",46276,263.00,True
1425,"t=21.97,h=36.29,p=1011.35",46289,375.50,True
1426,"t=21.97,h=36.29,p=1011.35",46286,96.30,True
1427,"t=21.98,h=36.29,p=1011.39",46275,97.10,True
1428,"t=21.98,h=36.29,p=1011.39",46271,95.10,True
1429,"t=21.97,h=36.29,p=1011.36",46287,267.50,True
1430,"t=21.97,h=36.29,p=1011.36",46293,250.00,True
1431,"t=21.96,h=36.29,p=1011.33",46299,221.50,True
1432,"t=21.96,h=36.29,p=1011.33",46276,220.30,True
1433,"t=21.97,h=36.29,p=1011.37",46277,335.00,True
1434,"t=21.97,h=36.29,p=1011.37",46286,211.60,True
1435,"t=21.96,h=36.29,p=1011.35",46279,358.90,True
1436,"t=21.96,h=36.29,p=1011.35",46295,102.20,True
1437,"t=21.93,h=36.29,p=1011.28",46275,219.50,True
1438,"t=21.93,h=36.29,p=1011.28",46287,97.70,True
1439,"t=21.93,h=36.29,p=1011.28",46274,110.50,True
1440,"t=21.96,h=36.29,p=1011.34",46287,340.80,True
1441,"t=21.96,h=36.29,p=1011.34",46288,215.50,True
1442,"t=21.97,h=36.30,p=1011.36",46277,215.90,True
1443,"t=21.97,h=36.30,p=1011.36",46277,145.10,True
1444,"t=21.97,h=36.30,p=1011.36",46288,97.50,True
1445,"t=21.97,h=36.30,p=1011.36",46274,94.90,True
1446,"t=21.97,h=36.30,p=1011.36",46279,281.20,True
1447,"t=21.97,h=36.30,p=1011.36",46285,97.50,True
1448,"t=21.98,h=36.28,p=1011.36",46278,94.20,True
1449,"t=21.98,h=36.28,p=1011.36",46279,106.80,True
1450,"t=21.97,h=36.32,p=1011.38",46309,242.50,True
1451,"t=21.97,h=36.32,p=1011.38",46284,264.60,True
1452,"t=21.98,h=36.32,p=1011.38",46296,169.20,True
1453,"t=21.98,h=36.32,p=1011.38",46283,280.20,True
1454,"t=21.97,h=36.30,p=1011.38",46286,222.20,True
1455,"t=21.97,h=36.30,p=1011.38",46277,160.10,True
1456,"t=21.97,h=36.32,p=1011.36",46285,353.90,True
1457,"t=21.97,h=36.32,p=1011.36",46291,172.90,True
1458,"t=21.98,h=36.32,p=1011.38",46275,262.40,True
1459,"t=21.98,h=36.32,p=1011.38",46287,143.70,True
1460,"t=21.97,h=36.29,p=1011.36",46288,112.90,True
1461,"t=21.97,h=36.29,p=1011.36",46283,344.30,True
1462,"t=21.97,h=36.29,p=1011.36",46291,378.20,True
1463,"t=21.97,h=36.29,p=1011.36",46289,176.00,True
1464,"t=21.97,h=36.30,p=1011.36",46288,390.10,True
1465,"t=21.97,h=36.30,p=1011.36",46283,121.30,True
1466,"t=21.97,h=36.29,p=1011.36",46284,96.50,True
1467,"t=21.97,h=36.29,p=1011.36",46281,95.70,True
1468,"t=21.97,h=36.32,p=1011.38",46277,350.70,True
1469,"t=21.97,h=36.32,p=1011.38",46281,241.20,True
1470,"t=21.96,h=36.31,p=1011.35",46280,95.20,True
1471,"t=21.96,h=36.31,p=1011.35",46280,318.80,True
1472,"t=21.97,h=36.32,p=1011.37",46297,97.90,True
1473,"t=21.97,h=36.32,p=1011.37",46280,97.30,True
1474,"t=21.96,h=36.32,p=1011.32",46278,392.60,True
1475,"t=21.96,h=36.32,p=1011.32",46284,214.40,True
1476,"t=21.96,h=36.30,p=1011.38",46282,358.70,True
1477,"t=21.96,h=36.30,p=1011.38",46288,280.80,True
1478,"t=21.96,h=36.30,p=1011.34",46284,217.90,True
1479,"t=21.96,h=36.30,p=1011.34",46274,165.90,True
1480,"t=21.97,h=36.32,p=1011.35",46281,327.50,True
1481,"t=21.97,h=36.32,p=1011.35",46288,288.80,True
1482,"t=21.96,h=36.30,p=1011.35",46273,330.40,True
1483,"t=21.96,h=36.30,p=1011.35",46283,97.80,True
1484,"t=21.97,h=36.30,p=1011.35",46278,254.20,True
1485,"t=21.97,h=36.30,p=1011.35",46286,97.50,True
1486,"t=21.97,h=36.30,p=1011.36",46276,260.20,True
1487,"t=21.97,h=36.30,p=1011.36",46288,218.60,True
1488,"t=21.97,h=36.30,p=1011.36",46277,216.40,True
1489,"t=21.97,h=36.30,p=1011.36",46275,357.80,True
1490,"t=21.97,h=36.32,p=1011.34",46287,221.10,True
1491,"t=21.97,h=36.32,p=1011.34",46281,280.80,True
1492,"t=21.97,h=36.32,p=1011.34",46286,97.40,True
1493,"t=21.97,h=36.33,p=1011.35",46285,348.50,True
1494,"t=21.97,h=36.33,p=1011.35",46285,354.20,True
1495,"t=21.97,h=36.30,p=1011.34",46293,224.50,True
1496,"t=21.97,h=36.30,p=1011.34",46278,93.70,True
1497,"t=21.97,h=36.30,p=1011.37",46282,341.40,True
1498,"t=21.97,h=36.30,p=1011.37",46285,369.70,True
1499,"t=21.97,h=36.28,p=1011.37",46288,215.40,True
1500,"t=21.97,h=36.28,p=1011.37",46274,224.10,True
1501,"t=21.97,h=36.32,p=1011.34",46279,163.90,True
1502,"t=21.97,h=36.32,p=1011.34",46277,332.80,True
1503,"t=21.97,h=36.32,p=1011.34",46289,357.80,True
1504,"t=21.97,h=36.32,p=1011.34",46285,98.00,True
1505,"t=21.97,h=36.32,p=1011.36",46281,96.20,True
1506,"t=21.97,h=36.32,p=1011.36",46282,119.60,True
1507,"t=21.97,h=36.30,p=1011.35",46286,272.70,True
1508,"t=21.97,h=36.30,p=1011.35",46301,262.80,True
1509,"t=21.96,h=36.33,p=1011.34",46282,112.60,True
1510,"t=21.96,h=36.33,p=1011.34",46279,301.10,True
1511,"t=21.97,h=36.32,p=1011.35",46290,241.10,True
1512,"t=21.97,h=36.32,p=1011.35",46284,242.20,True
1513,"t=21.96,h=36.29,p=1011.32",46276,144.80,True
1514,"t=21.96,h=36.29,p=1011.32",46279,348.50,True
1515,"t=21.97,h=36.32,p=1011.33",46296,355.40,True
1516,"t=21.97,h=36.32,p=1011.33",46301,102.20,True
1517,"t=21.94,h=36.33,p=1011.26",46271,144.40,True
1518,"t=21.94,h=36.33,p=1011.26",46282,385.50,True
1519,"t=21.96,h=36.33,p=1011.33",46283,267.50,True
1520,"t=21.96,h=36.33,p=1011.33",46272,214.20,True
1521,"t=21.98,h=36.32,p=1011.34",46281,250.70,True
1522,"t=21.98,h=36.32,p=1011.34",46288,343.20,True
1523,"t=21.97,h=36.29,p=1011.32",46286,360.00,True
1524,"t=21.97,h=36.29,p=1011.32",46284,308.10,True
1525,"t=21.97,h=36.29,p=1011.33",46288,356.70,True
1526,"t=21.97,h=36.29,p=1011.33",46283,212.90,True
1527,"t=21.96,h=36.33,p=1011.30",46276,215.70,True
1528,"t=21.96,h=36.33,p=1011.30",46281,221.70,True
1529,"t=21.97,h=36.30,p=1011.36",46288,98.20,True
1530,"t=21.97,h=36.30,p=1011.36",46278,96.20,True
1531,"t=21.97,h=36.32,p=1011.34",46279,96.80,True
1532,"t=21.97,h=36.32,p=1011.34",46287,355.20,True
1533,"t=21.97,h=36.32,p=1011.32",46286,237.90,True
1534,"t=21.97,h=36.32,p=1011.32",46275,272.30,True
1535,"t=21.97,h=36.32,p=1011.31",46290,232.30,True
1536,"t=21.97,h=36.32,p=1011.31",46295,162.50,True
1537,"t=21.97,h=36.32,p=1011.33",46293,148.60,True
1538,"t=21.97,h=36.32,p=1011.33",46299,247.60,True
1539,"t=21.97,h=36.32,p=1011.32",46285,292.60,True
1540,"t=21.97,h=36.32,p=1011.32",46285,220.50,True
1541,"t=21.97,h=36.30,p=1011.32",46276,148.50,True
1542,"t=21.97,h=36.30,p=1011.32",46279,271.20,True
1543,"t=21.97,h=36.32,p=1011.30",46283,240.00,True
1544,"t=21.97,h=36.32,p=1011.30",46285,359.80,True
1545,"t=21.97,h=36.30,p=1011.34",46292,230.90,True
1546,"t=21.97,h=36.30,p=1011.34",46277,211.10,True
1547,"t=21.97,h=36.30,p=1011.34",46285,350.80,True
1548,"t=21.96,h=36.33,p=1011.32",46296,355.10,True
1549,"t=21.96,h=36.33,p=1011.32",46289,293.10,True
1550,"t=21.95,h=36.31,p=1011.32",46277,292.40,True
1551,"t=21.95,h=36.31,p=1011.32",46285,212.80,True
1552,"t=21.96,h=36.32,p=1011.31",46287,331.10,True
1553,"t=21.96,h=36.32,p=1011.31",46290,144.10,True
1554,"t=21.95,h=36.31,p=1011.30",46281,97.50,True
1555,"t=21.95,h=36.31,p=1011.30",46272,95.40,True
1556,"t=21.97,h=36.30,p=1011.33",46274,95.80,True
1557,"t=21.97,h=36.30,p=1011.33",46274,95.00,True
1558,"t=21.97,h=36.29,p=1011.34",46279,325.20,True
1559,"t=21.97,h=36.29,p=1011.34",46288,274.20,True
1560,"t=21.96,h=36.29,p=1011.35",46290,360.00,True
1561,"t=21.96,h=36.29,p=1011.35",46288,172.40,True
1562,"t=21.98,h=36.30,p=1011.34",46290,97.00,True
1563,"t=21.98,h=36.30,p=1011.34",46273,95.00,True
1564,"t=21.97,h=36.32,p=1011.34",46282,246.80,True
1565,"t=21.97,h=36.32,p=1011.34",46285,295.10,True
1566,"t=21.97,h=36.29,p=1011.32",46282,254.30,True
1567,"t=21.97,h=36.29,p=1011.32",46284,221.10,True
1568,"t=21.97,h=36.30,p=1011.32",46279,246.60,True
1569,"t=21.97,h=36.30,p=1011.32",46290,276.20,True
1570,"t=21.97,h=36.30,p=1011.33",46274,149.60,True
1571,"t=21.97,h=36.30,p=1011.33",46284,97.60,True
1572,"t=21.97,h=36.29,p=1011.33",46274,94.50,True
1573,"t=21.97,h=36.29,p=1011.33",46281,349.10,True
1574,"t=21.97,h=36.32,p=1011.30",46281,272.30,True
1575,"t=21.97,h=36.32,p=1011.30",46280,219.80,True
1576,"t=21.97,h=36.33,p=1011.30",46269,130.00,True
1577,"t=21.97,h=36.33,p=1011.30",46275,100.70,True
1578,"t=21.98,h=36.28,p=1011.31",46283,357.30,True
1579,"t=21.98,h=36.28,p=1011.31",46292,291.90,True
1580,"t=21.96,h=36.28,p=1011.33",46275,96.60,True
1581,"t=21.96,h=36.28,p=1011.33",46287,267.40,True
1582,"t=21.97,h=36.30,p=1011.33",46281,216.90,True
1583,"t=21.97,h=36.30,p=1011.33",46282,272.70,True
1584,"t=21.98,h=36.29,p=1011.30",46281,137.40,True
1585,"t=21.98,h=36.29,p=1011.30",46282,97.10,True
1586,"t=21.97,h=36.29,p=1011.29",46282,349.90,True
1587,"t=21.97,h=36.29,p=1011.29",46288,373.30,True
1588,"t=21.96,h=36.29,p=1011.28",46282,175.10,True
1589,"t=21.96,h=36.29,p=1011.28",46269,94.40,True
1590,"t=21.98,h=36.28,p=1011.29",46284,273.40,True
1591,"t=21.98,h=36.28,p=1011.29",46282,360.10,True
1592,"t=21.95,h=36.29,p=1011.25",46286,315.20,True
1593,"t=21.95,h=36.29,p=1011.25",46287,359.80,True
1594,"t=21.98,h=36.28,p=1011.30",46289,350.60,True
1595,"t=21.98,h=36.28,p=1011.30",46295,355.80,True
1596,"t=21.98,h=36.28,p=1011.29",46281,263.80,True
1597,"t=21.98,h=36.28,p=1011.29",46280,216.50,True
1598,"t=21.98,h=36.28,p=1011.29",46278,363.70,True
1599,"t=21.98,h=36.27,p=1011.31",46282,137.40,True
1600,"t=21.98,h=36.27,p=1011.31",46276,93.90,True
1601,"t=21.98,h=36.28,p=1011.29",46273,334.60,True
1602,"t=21.98,h=36.28,p=1011.29",46282,365.10,True
1603,"t=21.98,h=36.26,p=1011.29",46294,331.90,True
1604,"t=21.98,h=36.26,p=1011.29",46295,292.20,True
1605,"t=21.98,h=36.27,p=1011.29",46279,217.10,True
1606,"t=21.98,h=36.27,p=1011.29",46275,214.40,True
1607,"t=21.98,h=36.29,p=1011.31",46279,343.60,True
1608,"t=21.98,h=36.29,p=1011.31",46289,215.40,True
1609,"t=21.98,h=36.29,p=1011.29",46277,376.90,True
1610,"t=21.98,h=36.29,p=1011.29",46285,389.70,True
1611,"t=21.98,h=36.27,p=1011.28",46290,296.40,True
1612,"t=21.98,h=36.27,p=1011.28",46279,217.30,True
1613,"t=21.97,h=36.29,p=1011.29",46278,214.70,True
1614,"t=21.97,h=36.29,p=1011.29",46278,324.60,True
1615,"t=21.98,h=36.29,p=1011.26",46289,96.70,True
1616,"t=21.98,h=36.29,p=1011.26",46296,357.70,True
1617,"t=21.98,h=36.28,p=1011.25",46285,294.20,True
1618,"t=21.98,h=36.28,p=1011.25",46276,357.50,True
1619,"t=21.98,h=36.28,p=1011.27",46289,139.50,True
1620,"t=21.98,h=36.28,p=1011.27",46286,96.20,True
1621,"t=21.98,h=36.28,p=1011.27",46279,93.80,True
1622,"t=21.98,h=36.28,p=1011.27",46278,328.00,True
1623,"t=21.97,h=36.30,p=1011.27",46287,301.20,True
1624,"t=21.97,h=36.30,p=1011.27",46277,393.50,True
1625,"t=21.98,h=36.28,p=1011.26",46285,351.50,True
1626,"t=21.98,h=36.28,p=1011.26",46282,264.40,True
1627,"t=21.96,h=36.28,p=1011.22",46271,96.00,True
1628,"t=21.96,h=36.28,p=1011.22",46272,94.00,True
1629,"t=21.98,h=36.28,p=1011.25",46279,354.20,True
1630,"t=21.98,h=36.28,p=1011.25",46283,123.20,True
1631,"t=21.96,h=36.28,p=1011.24",46275,334.00,True
1632,"t=21.96,h=36.28,p=1011.24",46283,309.00,True
1633,"t=21.96,h=36.28,p=1011.23",46282,96.20,True
1634,"t=21.96,h=36.28,p=1011.23",46272,94.40,True
1635,"t=21.98,h=36.28,p=1011.29",46273,287.50,True
1636,"t=21.98,h=36.28,p=1011.29",46281,360.50,True
1637,"t=21.96,h=36.28,p=1011.26",46285,212.90,True
1638,"t=21.96,h=36.28,p=1011.26",46277,209.10,True
1639,"t=21.98,h=36.28,p=1011.25",46275,353.90,True
1640,"t=21.98,h=36.28,p=1011.25",46286,236.70,True
1641,"t=21.98,h=36.27,p=1011.26",46272,96.10,True
1642,"t=21.98,h=36.27,p=1011.26",46276,354.00,True
1643,"t=21.98,h=36.27,p=1011.27",46287,134.60,True
1644,"t=21.98,h=36.27,p=1011.27",46281,346.00,True
1645,"t=21.97,h=36.28,p=1011.24",46282,301.10,True
1646,"t=21.97,h=36.28,p=1011.24",46277,287.10,True
1647,"t=21.98,h=36.27,p=1011.24",46282,215.70,True
1648,"t=21.98,h=36.27,p=1011.24",46297,330.50,True
1649,"t=21.98,h=36.27,p=1011.26",46284,96.50,True
1650,"t=21.98,h=36.27,p=1011.26",46276,249.60,True
1651,"t=21.98,h=36.27,p=1011.26",46286,213.20,True
1652,"t=21.97,h=36.27,p=1011.24",46276,282.60,True
1653,"t=21.97,h=36.27,p=1011.24",46284,217.20,True
1654,"t=21.98,h=36.29,p=1011.25",46276,245.00,True
1655,"t=21.98,h=36.29,p=1011.25",46285,95.70,True
1656,"t=21.97,h=36.27,p=1011.24",46273,98.20,True
1657,"t=21.97,h=36.27,p=1011.24",46277,356.20,True
1658,"t=21.97,h=36.27,p=1011.25",46287,298.20,True
1659,"t=21.97,h=36.27,p=1011.25",46285,356.10,True
1660,"t=21.97,h=36.26,p=1011.25",46293,98.50,True
1661,"t=21.97,h=36.26,p=1011.25",46292,96.20,True
1662,"t=21.96,h=36.27,p=1011.21",46278,95.50,True
1663,"t=21.96,h=36.27,p=1011.21",46284,312.80,True
1664,"t=21.97,h=36.26,p=1011.25",46291,99.10,True
1665,"t=21.97,h=36.26,p=1011.25",46281,96.30,True
1666,"t=21.95,h=36.26,p=1011.20",46274,95.80,True
1667,"t=21.95,h=36.26,p=1011.20",46277,94.60,True
1668,"t=21.97,h=36.25,p=1011.25",46298,358.10,True
1669,"t=21.97,h=36.25,p=1011.25",46287,109.20,True
1670,"t=21.97,h=36.25,p=1011.22",46285,95.90,True
1671,"t=21.97,h=36.25,p=1011.22",46276,93.90,True
1672,"t=21.97,h=36.23,p=1011.22",46284,333.20,True
1673,"t=21.97,h=36.23,p=1011.22",46292,254.70,True
1674,"t=21.97,h=36.27,p=1011.22",46275,270.60,True
1675,"t=21.97,h=36.27,p=1011.22",46285,353.00,True
1676,"t=21.97,h=36.23,p=1011.22",46298,220.30,True
1677,"t=21.97,h=36.23,p=1011.22",46282,215.00,True
1678,"t=21.97,h=36.25,p=1011.22",46284,278.50,True
1679,"t=21.97,h=36.25,p=1011.22",46275,271.90,True
1680,"t=21.97,h=36.21,p=1011.24",46293,98.60,True
1681,"t=21.97,h=36.21,p=1011.24",46278,95.70,True
1682,"t=21.98,h=36.21,p=1011.22",46276,94.80,True
1683,"t=21.98,h=36.21,p=1011.22",46285,307.20,True
1684,"t=21.98,h=36.22,p=1011.22",46294,215.50,True
1685,"t=21.98,h=36.22,p=1011.22",46285,382.10,True
1686,"t=21.98,h=36.21,p=1011.22",46288,151.60,True
1687,"t=21.98,h=36.21,p=1011.22",46275,296.50,True
1688,"t=21.98,h=36.21,p=1011.25",46289,214.30,True
1689,"t=21.98,h=36.21,p=1011.25",46279,352.70,True
1690,"t=21.98,h=36.21,p=1011.23",46288,144.90,True
1691,"t=21.98,h=36.21,p=1011.23",46286,294.00,True
1692,"t=21.97,h=36.21,p=1011.24",46287,267.80,True
1693,"t=21.97,h=36.21,p=1011.24",46295,215.00,True
1694,"t=21.98,h=36.21,p=1011.25",46277,214.50,True
1695,"t=21.98,h=36.21,p=1011.25",46282,93.80,True
1696,"t=21.97,h=36.21,p=1011.23",46279,372.50,True
1697,"t=21.97,h=36.21,p=1011.23",46288,216.40,True
1698,"t=21.97,h=36.20,p=1011.23",46300,213.80,True
1699,"t=21.97,h=36.20,p=1011.23",46276,177.70,True
1700,"t=21.98,h=36.20,p=1011.23",46281,315.70,True
1701,"t=21.98,h=36.20,p=1011.23",46293,143.30,True
1702,"t=21.98,h=36.20,p=1011.23",46326,286.60,True
1703,"t=21.96,h=36.22,p=1011.20",46287,145.70,True
1704,"t=21.96,h=36.22,p=1011.20",46290,96.50,True
1705,"t=21.97,h=36.21,p=1011.23",46273,95.20,True
1706,"t=21.97,h=36.21,p=1011.23",46282,357.20,True
1707,"t=21.98,h=36.20,p=1011.23",46310,96.80,True
1708,"t=21.98,h=36.20,p=1011.23",46282,351.30,True
1709,"t=21.98,h=36.20,p=1011.23",46293,293.60,True
1710,"t=21.98,h=36.20,p=1011.23",46285,243.40,True
1711,"t=21.97,h=36.20,p=1011.20",46284,216.60,True
1712,"t=21.97,h=36.20,p=1011.20",46275,382.10,True
1713,"t=21.97,h=36.20,p=1011.20",46300,353.30,True
1714,"t=21.97,h=36.20,p=1011.20",46286,96.90,True
1715,"t=21.98,h=36.19,p=1011.24",46278,259.50,True
1716,"t=21.98,h=36.19,p=1011.24",46284,215.30,True
1717,"t=21.98,h=36.19,p=1011.21",46277,395.80,True
1718,"t=21.98,h=36.19,p=1011.21",46286,358.90,True
1719,"t=21.98,h=36.19,p=1011.18",46282,249.20,True
1720,"t=21.98,h=36.19,p=1011.18",46284,182.20,True
1721,"t=21.98,h=36.21,p=1011.25",46287,346.60,True
1722,"t=21.98,h=36.21,p=1011.25",46286,94.80,True
1723,"t=21.98,h=36.20,p=1011.23",46286,176.90,True
1724,"t=21.98,h=36.20,p=1011.23",46291,118.10,True
1725,"t=21.98,h=36.20,p=1011.24",46279,95.30,True
1726,"t=21.98,h=36.20,p=1011.24",46278,145.70,True
1727,"t=21.98,h=36.18,p=1011.25",46296,115.70,True
1728,"t=21.98,h=36.18,p=1011.25",46283,325.00,True
1729,"t=21.98,h=36.17,p=1011.26",46285,331.40,True
1730,"t=21.98,h=36.17,p=1011.26",46317,267.30,True
1731,"t=21.98,h=36.19,p=1011.25",46285,96.50,True
1732,"t=21.98,h=36.19,p=1011.25",46300,140.90,True
1733,"t=21.98,h=36.19,p=1011.23",46292,96.80,True
1734,"t=21.98,h=36.19,p=1011.23",46287,355.20,True
1735,"t=21.98,h=36.19,p=1011.25",46292,359.20,True
1736,"t=21.98,h=36.19,p=1011.25",46297,138.90,True
1737,"t=21.98,h=36.19,p=1011.24",46305,279.50,True
1738,"t=21.98,h=36.19,p=1011.24",46290,211.30,True
1739,"t=21.97,h=36.19,p=1011.22",46276,138.80,True
1740,"t=21.97,h=36.19,p=1011.22",46283,96.90,True
1741,"t=21.97,h=36.19,p=1011.19",46282,352.80,True
1742,"t=21.97,h=36.19,p=1011.19",46293,134.90,True
1743,"t=21.97,h=36.19,p=1011.19",46295,212.50,True
1744,"t=21.97,h=36.19,p=1011.19",46281,205.20,True
1745,"t=21.98,h=36.19,p=1011.19",46281,172.50,True
1746,"t=21.98,h=36.19,p=1011.19",46290,97.30,True
1747,"t=21.96,h=36.19,p=1011.18",46283,271.20,True
1748,"t=21.96,h=36.19,p=1011.18",46284,218.50,True
1749,"t=21.97,h=36.19,p=1011.22",46279,383.20,True
1750,"t=21.97,h=36.19,p=1011.22",46282,357.50,True
1751,"t=21.97,h=36.18,p=1011.19",46292,285.00,True
1752,"t=21.97,h=36.18,p=1011.19",46282,95.00,True
1753,"t=21.98,h=36.18,p=1011.26",46281,95.90,True
1754,"t=21.98,h=36.18,p=1011.26",46278,348.70,True
1755,"t=21.98,h=36.18,p=1011.26",46290,296.70,True
1756,"t=21.98,h=36.17,p=1011.23",46274,258.70,True
1757,"t=21.98,h=36.17,p=1011.23",46278,213.20,True
1758,"t=21.98,h=36.18,p=1011.23",46279,142.30,True
1759,"t=21.98,h=36.18,p=1011.23",46290,96.90,True
1760,"t=21.98,h=36.18,p=1011.25",46295,381.00,True
1761,"t=21.98,h=36.18,p=1011.25",46304,298.40,True
1762,"t=21.98,h=36.17,p=1011.25",46277,199.50,True
1763,"t=21.98,h=36.17,p=1011.25",46277,94.00,True
1764,"t=21.98,h=36.18,p=1011.23",46283,367.90,True
1765,"t=21.98,h=36.18,p=1011.23",46286,294.80,True
1766,"t=21.98,h=36.15,p=1011.26",46273,96.50,True
1767,"t=21.98,h=36.15,p=1011.26",46278,135.60,True
1768,"t=21.98,h=36.17,p=1011.27",46289,98.20,True
1769,"t=21.98,h=36.17,p=1011.27",46280,354.40,True
1770,"t=21.98,h=36.17,p=1011.26",46284,272.50,True
1771,"t=21.98,h=36.17,p=1011.26",46287,216.20,True
1772,"t=21.98,h=36.17,p=1011.24",46276,164.80,True
1773,"t=21.98,h=36.17,p=1011.24",46287,94.20,True
1774,"t=21.98,h=36.17,p=1011.24",46276,347.90,True
1775,"t=21.98,h=36.17,p=1011.24",46288,209.70,True
1776,"t=21.97,h=36.19,p=1011.25",46277,212.70,True
1777,"t=21.97,h=36.19,p=1011.25",46278,122.10,True
1778,"t=21.98,h=36.18,p=1011.27",46283,95.60,True
1779,"t=21.98,h=36.18,p=1011.27",46277,144.20,True
1780,"t=21.97,h=36.16,p=1011.25",46284,96.30,True
1781,"t=21.97,h=36.16,p=1011.25",46271,93.80,True
1782,"t=21.96,h=36.16,p=1011.23",46272,385.30,True
1783,"t=21.96,h=36.16,p=1011.23",46282,402.30,True
1784,"t=21.97,h=36.19,p=1011.22",46287,297.20,True
1785,"t=21.97,h=36.19,p=1011.22",46271,267.30,True
1786,"t=21.98,h=36.15,p=1011.23",46280,95.70,True
1787,"t=21.98,h=36.15,p=1011.23",46273,94.90,True
1788,"t=21.98,h=36.15,p=1011.25",46277,135.00,True
1789,"t=21.98,h=36.15,p=1011.25",46284,96.30,True
1790,"t=21.97,h=36.17,p=1011.25",46282,96.80,True
1791,"t=21.97,h=36.17,p=1011.25",46279,377.00,True
1792,"t=21.98,h=36.15,p=1011.23",46288,201.30,True
1793,"t=21.98,h=36.15,p=1011.23",46272,95.60,True
1794,"t=21.98,h=36.14,p=1011.25",46285,95.10,True
1795,"t=21.98,h=36.14,p=1011.25",46283,187.40,True
1796,"t=21.98,h=36.15,p=1011.25",46289,96.30,True
1797,"t=21.98,h=36.15,p=1011.25",46275,94.50,True
1798,"t=21.98,h=36.15,p=1011.25",46278,94.30,True
1799,"t=21.98,h=36.15,p=1011.25",46277,278.60,True
1800,"t=21.98,h=36.15,p=1011.26",46287,216.10,True
1801,"t=21.98,h=36.15,p=1011.26",46279,272.60,True
1802,"t=21.98,h=36.14,p=1011.26",46287,216.30,True
1803,"t=21.98,h=36.14,p=1011.26",46278,219.40,True
1804,"t=21.98,h=36.14,p=1011.26",46290,95.50,True
1805,"t=21.98,h=36.12,p=1011.24",46278,120.60,True
1806,"t=21.98,h=36.12,p=1011.24",46284,99.10,True
1807,"t=21.98,h=36.14,p=1011.24",46278,95.10,True
1808,"t=21.98,h=36.14,p=1011.24",46284,242.90,True
1809,"t=21.98,h=36.14,p=1011.27",46282,95.30,True
1810,"t=21.98,h=36.14,p=1011.27",46272,95.80,True
1811,"t=21.98,h=36.14,p=1011.26",46275,95.00,True
1812,"t=21.98,h=36.14,p=1011.26",46276,185.70,True
1813,"t=21.98,h=36.13,p=1011.26",46286,243.30,True
1814,"t=21.98,h=36.13,p=1011.26",46286,217.50,True
1815,"t=21.98,h=36.13,p=1011.27",46279,162.00,True
1816,"t=21.98,h=36.13,p=1011.27",46283,255.40,True
1817,"t=21.97,h=36.14,p=1011.27",46288,214.50,True
1818,"t=21.97,h=36.14,p=1011.27",46277,242.10,True
1819,"t=21.97,h=36.13,p=1011.24",46287,215.10,True
1820,"t=21.97,h=36.13,p=1011.24",46275,240.40,True
1821,"t=21.97,h=36.13,p=1011.24",46284,214.40,True
1822,"t=21.97,h=36.13,p=1011.24",46273,212.60,True
1823,"t=21.97,h=36.13,p=1011.24",46289,241.10,True
1824,"t=21.97,h=36.13,p=1011.24",46282,229.50,True
1825,"t=21.97,h=36.10,p=1011.24",46282,240.50,True
1826,"t=21.97,h=36.10,p=1011.24",46289,344.80,True
1827,"t=21.97,h=36.13,p=1011.23",46292,284.80,True
1828,"t=21.97,h=36.13,p=1011.23",46296,356.10,True
1829,"t=21.99,h=36.12,p=1011.24",46286,295.50,True
1830,"t=21.99,h=36.12,p=1011.24",46279,95.10,True
1831,"t=21.99,h=36.12,p=1011.26",46274,99.00,True
1832,"t=21.99,h=36.12,p=1011.26",46278,251.60,True
1833,"t=21.98,h=36.13,p=1011.26",46310,143.40,True
1834,"t=21.98,h=36.13,p=1011.26",46293,97.30,True
1835,"t=21.98,h=36.13,p=1011.27",46279,97.20,True
1836,"t=21.98,h=36.13,p=1011.27",46301,282.40,True
1837,"t=21.98,h=36.10,p=1011.25",46293,329.50,True
1838,"t=21.98,h=36.10,p=1011.25",46286,143.70,True
1839,"t=21.98,h=36.10,p=1011.26",46288,117.00,True
1840,"t=21.98,h=36.10,p=1011.26",46274,265.40,True
1841,"t=21.99,h=36.10,p=1011.28",46291,254.50,True
1842,"t=21.99,h=36.10,p=1011.28",46332,215.20,True
1843,"t=21.98,h=36.11,p=1011.27",46269,213.80,True
1844,"t=21.98,h=36.11,p=1011.27",46274,338.20,True
1845,"t=21.98,h=36.10,p=1011.28",46280,214.60,True
1846,"t=21.98,h=36.10,p=1011.28",46273,263.20,True
1847,"t=21.98,h=36.10,p=1011.27",46281,214.10,True
1848,"t=21.98,h=36.10,p=1011.27",46279,350.70,True
1849,"t=21.98,h=36.10,p=1011.26",46283,96.20,True
1850,"t=21.98,h=36.10,p=1011.26",46298,378.20,True
1851,"t=21.99,h=36.10,p=1011.28",46291,266.50,True
1852,"t=21.99,h=36.10,p=1011.28",46290,96.40,True
1853,"t=21.98,h=36.08,p=1011.26",46281,350.00,True
1854,"t=21.98,h=36.08,p=1011.26",46286,250.30,True
1855,"t=21.97,h=36.08,p=1011.28",46288,362.60,True
1856,"t=21.97,h=36.08,p=1011.28",46291,101.40,True
1857,"t=21.97,h=36.08,p=1011.28",46285,314.40,True
1858,"t=21.97,h=36.10,p=1011.25",46286,333.90,True
1859,"t=21.97,h=36.10,p=1011.25",46288,102.00,True
1860,"t=21.97,h=36.10,p=1011.23",46274,392.10,True
1861,"t=21.97,h=36.10,p=1011.23",46287,98.10,True
1862,"t=21.99,h=36.07,p=1011.28",46274,96.40,True
1863,"t=21.99,h=36.07,p=1011.28",46281,95.00,True
1864,"t=21.98,h=36.10,p=1011.28",46273,352.20,True
1865,"t=21.98,h=36.10,p=1011.28",46286,267.80,True
1866,"t=21.99,h=36.08,p=1011.31",46291,213.20,True
1867,"t=21.99,h=36.08,p=1011.31",46285,215.20,True
1868,"t=21.98,h=36.06,p=1011.29",46291,387.70,True
1869,"t=21.98,h=36.06,p=1011.29",46291,304.80,True
1870,"t=21.99,h=36.10,p=1011.28",46281,171.80,True
1871,"t=21.99,h=36.10,p=1011.28",46294,97.20,True
1872,"t=21.99,h=36.08,p=1011.30",46279,287.00,True
1873,"t=21.99,h=36.08,p=1011.30",46288,216.60,True
1874,"t=21.99,h=36.10,p=1011.30",46275,311.90,True
1875,"t=21.99,h=36.10,p=1011.30",46283,302.60,True
1876,"t=21.98,h=36.07,p=1011.30",46284,267.10,True
1877,"t=21.98,h=36.07,p=1011.30",46281,218.90,True
1878,"t=21.99,h=36.05,p=1011.31",46293,152.90,True
1879,"t=21.99,h=36.05,p=1011.31",46297,321.60,True
1880,"t=21.98,h=36.06,p=1011.29",46290,222.60,True
1881,"t=21.98,h=36.06,p=1011.29",46278,346.10,True
1882,"t=21.98,h=36.07,p=1011.28",46293,294.10,True
1883,"t=21.98,h=36.07,p=1011.28",46277,358.30,True
1884,"t=21.98,h=36.06,p=1011.30",46285,145.30,True
1885,"t=21.98,h=36.06,p=1011.30",46276,136.20,True
1886,"t=21.99,h=36.07,p=1011.32",46286,95.40,True
1887,"t=21.99,h=36.07,p=1011.32",46290,347.50,True
1888,"t=21.99,h=36.06,p=1011.31",46284,355.80,True
1889,"t=21.99,h=36.06,p=1011.31",46286,245.80,True
1890,"t=21.99,h=36.06,p=1011.29",46276,96.60,True
1891,"t=21.99,h=36.06,p=1011.29",46280,269.40,True
1892,"t=21.99,h=36.06,p=1011.29",46288,276.60,True
1893,"t=21.99,h=36.06,p=1011.29",46280,182.20,True
1894,"t=21.97,h=36.06,p=1011.23",46280,357.00,True
1895,"t=21.97,h=36.06,p=1011.23",46288,269.60,True
1896,"t=21.98,h=36.06,p=1011.27",46277,216.40,True
1897,"t=21.98,h=36.06,p=1011.27",46271,95.40,True
1898,"t=21.99,h=36.07,p=1011.29",46274,397.20,True
1899,"t=21.99,h=36.07,p=1011.29",46282,97.70,True
1900,"t=21.99,h=36.06,p=1011.28",46290,96.60,True
1901,"t=21.99,h=36.06,p=1011.28",46282,96.20,True
1902,"t=21.99,h=36.06,p=1011.29",46283,354.80,True
1903,"t=21.99,h=36.06,p=1011.29",46293,260.40,True
1904,"t=21.98,h=36.06,p=1011.30",46285,213.60,True
1905,"t=21.98,h=36.06,p=1011.30",46278,185.90,True
1906,"t=21.99,h=36.06,p=1011.30",46277,95.80,True
1907,"t=21.99,h=36.06,p=1011.30",46284,267.90,True
1908,"t=21.99,h=36.07,p=1011.31",46286,215.50,True
1909,"t=21.99,h=36.07,p=1011.31",46289,270.70,True
1910,"t=21.99,h=36.07,p=1011.31",46288,387.30,True
1911,"t=21.99,h=36.08,p=1011.30",46286,135.50,True
1912,"t=21.99,h=36.08,p=1011.30",46276,95.70,True
1913,"t=21.99,h=36.05,p=1011.30",46276,307.70,True
1914,"t=21.99,h=36.05,p=1011.30",46282,217.00,True
1915,"t=21.99,h=36.08,p=1011.31",46285,269.70,True
1916,"t=21.99,h=36.08,p=1011.31",46293,217.10,True
1917,"t=21.99,h=36.07,p=1011.31",46277,175.00,True
1918,"t=21.99,h=36.07,p=1011.31",46280,322.90,True
1919,"t=21.99,h=36.06,p=1011.30",46287,218.00,True
1920,"t=21.99,h=36.06,p=1011.30",46282,214.00,True
1921,"t=21.99,h=36.05,p=1011.32",46266,216.50,True
1922,"t=21.99,h=36.05,p=1011.32",46273,304.60,True
1923,"t=21.99,h=36.06,p=1011.27",46283,366.90,True
1924,"t=21.99,h=36.06,p=1011.27",46287,299.40,True
1925,"t=21.99,h=36.07,p=1011.30",46279,94.80,True
1926,"t=21.99,h=36.07,p=1011.30",46296,145.60,True
1927,"t=21.98,h=36.04,p=1011.28",46281,99.10,True
1928,"t=21.98,h=36.04,p=1011.28",46277,97.00,True
1929,"t=21.98,h=36.06,p=1011.28",46281,95.40,True
1930,"t=21.98,h=36.06,p=1011.28",46288,94.00,True
1931,"t=21.99,h=36.05,p=1011.29",46281,272.20,True
1932,"t=21.99,h=36.05,p=1011.29",46290,95.90,True
1933,"t=21.99,h=36.06,p=1011.30",46278,95.80,True
1934,"t=21.99,h=36.06,p=1011.30",46284,94.90,True
1935,"t=21.98,h=36.05,p=1011.29",46276,315.70,True
1936,"t=21.98,h=36.05,p=1011.29",46288,211.30,True
1937,"t=21.97,h=36.05,p=1011.27",46284,396.80,True
1938,"t=21.97,h=36.05,p=1011.27",46290,135.80,True
1939,"t=21.99,h=36.05,p=1011.28",46274,95.80,True
1940,"t=21.99,h=36.05,p=1011.28",46279,95.80,True
1941,"t=21.99,h=36.04,p=1011.29",46272,95.80,True
1942,"t=21.99,h=36.04,p=1011.29",46278,353.00,True
1943,"t=21.99,h=36.05,p=1011.31",46285,137.50,True
1944,"t=21.99,h=36.05,p=1011.31",46279,95.10,True
1945,"t=21.99,h=36.05,p=1011.30",46277,267.00,True
1946,"t=21.99,h=36.05,p=1011.30",46288,219.20,True
1947,"t=21.99,h=36.05,p=1011.30",46274,325.80,True
1948,"t=21.99,h=36.05,p=1011.30",46293,215.50,True
1949,"t=21.99,h=36.05,p=1011.29",46274,217.30,True
1950,"t=21.99,h=36.05,p=1011.29",46278,336.90,True
1951,"t=21.99,h=36.04,p=1011.31",46282,199.20,True
1952,"t=21.99,h=36.04,p=1011.31",46274,353.30,True
1953,"t=21.99,h=36.04,p=1011.29",46279,291.50,True
1954,"t=21.99,h=36.04,p=1011.29",46277,215.20,True
1955,"t=21.99,h=36.04,p=1011.29",46266,214.70,True
1956,"t=21.99,h=36.04,p=1011.29",46270,184.60,True
1957,"t=21.99,h=36.04,p=1011.27",46283,95.70,True
1958,"t=21.99,h=36.04,p=1011.27",46276,277.20,True
1959,"t=21.99,h=36.04,p=1011.31",46286,188.80,True
1960,"t=21.99,h=36.03,p=1011.31",46281,98.40,True
1961,"t=21.99,h=36.03,p=1011.31",46302,395.40,True
1962,"t=21.99,h=36.04,p=1011.31",46282,95.80,True
1963,"t=21.99,h=36.04,p=1011.31",46274,288.70,True
1964,"t=21.99,h=36.04,p=1011.29",46286,356.70,True
1965,"t=21.99,h=36.04,p=1011.29",46277,96.60,True
1966,"t=21.99,h=36.06,p=1011.30",46284,95.60,True
1967,"t=21.99,h=36.06,p=1011.30",46281,287.80,True
1968,"t=21.98,h=36.05,p=1011.31",46297,212.70,True
1969,"t=21.98,h=36.05,p=1011.31",46308,155.70,True
1970,"t=21.98,h=36.04,p=1011.32",46290,97.30,True
1971,"t=21.98,h=36.04,p=1011.32",46281,354.40,True
1972,"t=21.98,h=36.05,p=1011.32",46283,146.00,True
1973,"t=21.98,h=36.05,p=1011.32",46287,357.80,True
1974,"t=21.97,h=36.07,p=1011.30",46279,261.80,True
1975,"t=21.97,h=36.07,p=1011.30",46287,98.20,True
1976,"t=21.98,h=36.06,p=1011.29",46277,96.70,True
1977,"t=21.98,h=36.06,p=1011.29",46282,95.40,True
1978,"t=21.98,h=36.07,p=1011.28",46276,289.10,True
1979,"t=21.98,h=36.07,p=1011.28",46291,348.90,True
1980,"t=21.98,h=36.05,p=1011.30",46285,290.00,True
1981,"t=21.98,h=36.05,p=1011.30",46302,228.20,True
1982,"t=21.99,h=36.06,p=1011.31",46281,97.00,True
1983,"t=21.99,h=36.06,p=1011.31",46270,95.50,True
1984,"t=21.98,h=36.07,p=1011.31",46284,212.80,True
1985,"t=21.98,h=36.07,p=1011.31",46292,96.80,True
1986,"t=21.99,h=36.07,p=1011.31",46278,350.90,True
1987,"t=21.99,h=36.07,p=1011.31",46286,180.00,True
1988,"t=21.99,h=36.10,p=1011.32",46280,95.60,True
1989,"t=21.99,h=36.10,p=1011.32",46274,266.40,True
1990,"t=21.99,h=36.08,p=1011.30",46291,215.20,True
1991,"t=21.99,h=36.08,p=1011.30",46279,143.50,True
1992,"t=21.99,h=36.08,p=1011.31",46295,280.20,True
1993,"t=21.99,h=36.08,p=1011.31",46296,215.80,True
1994,"t=21.99,h=36.13,p=1011.32",46282,113.80,True
1995,"t=21.99,h=36.13,p=1011.32",46277,370.50,True
1996,"t=21.99,h=36.12,p=1011.31",46283,97.20,True
1997,"t=21.99,h=36.12,p=1011.31",46299,151.60,True
1998,"t=21.99,h=36.13,p=1011.32",46285,96.50,True
1999,"t=21.99,h=36.13,p=1011.32",46279,258.70,True
2000,"t=21.99,h=36.13,p=1011.30",46285,178.20,True
2001,"t=21.99,h=36.13,p=1011.30",46283,354.50,True
2002,"t=21.99,h=36.13,p=1011.33",46282,277.60,True
2003,"t=21.99,h=36.13,p=1011.33",46281,207.70,True
2004,"t=21.98,h=36.14,p=1011.30",46283,94.00,True
2005,"t=21.98,h=36.14,p=1011.30",46279,92.20,True
2006,"t=21.99,h=36.14,p=1011.34",46277,262.60,True
2007,"t=21.99,h=36.14,p=1011.34",46293,217.20,True
2008,"t=21.99,h=36.14,p=1011.30",46274,190.30,True
2009,"t=21.99,h=36.14,p=1011.30",46286,354.90,True
2010,"t=21.98,h=36.14,p=1011.29",46283,95.50,True
2011,"t=21.98,h=36.14,p=1011.29",46271,94.20,True
2012,"t=21.98,h=36.14,p=1011.29",46276,337.70,True
2013,"t=21.99,h=36.16,p=1011.35",46281,95.70,True
2014,"t=21.99,h=36.16,p=1011.35",46282,277.10,True
2015,"t=21.98,h=36.14,p=1011.30",46283,214.80,True
2016,"t=21.98,h=36.14,p=1011.30",46277,324.00,True
2017,"t=21.98,h=36.17,p=1011.33",46286,97.20,True
2018,"t=21.98,h=36.17,p=1011.33",46279,94.50,True
2019,"t=21.98,h=36.15,p=1011.30",46282,349.20,True
2020,"t=21.98,h=36.15,p=1011.30",46294,264.30,True
2021,"t=21.99,h=36.17,p=1011.31",46283,293.70,True
2022,"t=21.99,h=36.17,p=1011.31",46290,217.00,True
2023,"t=21.99,h=36.18,p=1011.31",46285,361.50,True
2024,"t=21.99,h=36.18,p=1011.31",46284,268.80,True
2025,"t=21.99,h=36.17,p=1011.30",46290,219.30,True
2026,"t=21.99,h=36.17,p=1011.30",46286,97.60,True
2027,"t=21.99,h=36.16,p=1011.33",46279,376.30,True
2028,"t=21.99,h=36.16,p=1011.33",46286,151.20,True
2029,"t=21.99,h=36.18,p=1011.32",46278,95.50,True
2030,"t=21.99,h=36.18,p=1011.32",46308,353.20,True
2031,"t=21.99,h=36.17,p=1011.34",46306,266.70,True
2032,"t=21.99,h=36.17,p=1011.34",46289,217.10,True
2033,"t=21.99,h=36.17,p=1011.32",46284,213.30,True
2034,"t=21.99,h=36.17,p=1011.32",46280,272.10,True
2035,"t=21.99,h=36.19,p=1011.31",46286,334.50,True
2036,"t=21.99,h=36.19,p=1011.31",46284,145.20,True
2037,"t=21.99,h=36.17,p=1011.33",46284,359.10,True
2038,"t=21.99,h=36.17,p=1011.33",46296,98.60,True
2039,"t=21.99,h=36.17,p=1011.32",46278,94.60,True
2040,"t=21.99,h=36.17,p=1011.32",46282,350.10,True
2041,"t=21.99,h=36.20,p=1011.31",46283,136.50,True
2042,"t=21.99,h=36.20,p=1011.31",46301,98.70,True
2043,"t=21.99,h=36.19,p=1011.33",46276,96.40,True
2044,"t=21.99,h=36.19,p=1011.33",46283,331.10,True
2045,"t=21.99,h=36.20,p=1011.33",46290,113.90,True
2046,"t=21.99,h=36.20,p=1011.33",46283,95.20,True
2047,"t=21.98,h=36.21,p=1011.33",46287,219.70,True
2048,"t=21.98,h=36.21,p=1011.33",46281,95.30,True
2049,"t=21.98,h=36.21,p=1011.30",46275,94.90,True
2050,"t=21.98,h=36.21,p=1011.30",46277,95.60,True
2051,"t=21.98,h=36.22,p=1011.33",46282,355.40,True
2052,"t=21.98,h=36.22,p=1011.33",46282,354.70,True
2053,"t=21.98,h=36.24,p=1011.32",46301,138.30,True
2054,"t=21.98,h=36.24,p=1011.32",46270,94.80,True
2055,"t=21.99,h=36.24,p=1011.34",46279,119.40,True
2056,"t=21.99,h=36.24,p=1011.34",46283,94.50,True
2057,"t=21.98,h=36.25,p=1011.30",46289,329.20,True
2058,"t=21.98,h=36.25,p=1011.30",46292,253.40,True
2059,"t=21.99,h=36.25,p=1011.32",46277,214.90,True
2060,"t=21.99,h=36.25,p=1011.32",46274,150.40,True
2061,"t=21.99,h=36.25,p=1011.36",46289,98.50,True
2062,"t=21.99,h=36.25,p=1011.36",46277,390.80,True
2063,"t=21.99,h=36.25,p=1011.33",46284,189.20,True
2064,"t=21.99,h=36.27,p=1011.33",46281,352.90,True
2065,"t=21.99,h=36.27,p=1011.33",46286,331.50,True
2066,"t=21.99,h=36.26,p=1011.34",46289,110.10,True
2067,"t=21.99,h=36.26,p=1011.34",46273,95.50,True
2068,"t=21.99,h=36.26,p=1011.35",46271,96.40,True
2069,"t=21.99,h=36.26,p=1011.35",46276,268.90,True
2070,"t=21.99,h=36.27,p=1011.34",46291,218.90,True
2071,"t=21.99,h=36.27,p=1011.34",46278,155.60,True
2072,"t=21.99,h=36.26,p=1011.34",46282,391.30,True
2073,"t=21.99,h=36.26,p=1011.34",46284,97.70,True
2074,"t=21.99,h=36.27,p=1011.34",46281,94.60,True
2075,"t=21.99,h=36.27,p=1011.34",46311,279.30,True
2076,"t=21.99,h=36.27,p=1011.33",46289,217.40,True
2077,"t=21.99,h=36.27,p=1011.33",46275,212.30,True
2078,"t=21.99,h=36.28,p=1011.37",46287,152.10,True
2079,"t=21.99,h=36.28,p=1011.37",46311,358.00,True
2080,"t=22.00,h=36.29,p=1011.38",46283,145.50,True
2081,"t=22.00,h=36.29,p=1011.38",46285,97.40,True
2082,"t=21.99,h=36.28,p=1011.37",46285,97.10,True
2083,"t=21.99,h=36.28,p=1011.37",46286,147.30,True
2084,"t=21.99,h=36.27,p=1011.34",46285,97.60,True
2085,"t=21.99,h=36.27,p=1011.34",46278,94.30,True
2086,"t=21.98,h=36.28,p=1011.34",46278,286.20,True
2087,"t=21.98,h=36.28,p=1011.34",46284,97.30,True
2088,"t=21.98,h=36.32,p=1011.36",46270,96.50,True
2089,"t=21.98,h=36.32,p=1011.36",46272,94.90,True
2090,"t=21.99,h=36.28,p=1011.33",46278,250.20,True
2091,"t=21.99,h=36.28,p=1011.33",46287,288.80,True
2092,"t=21.98,h=36.29,p=1011.33",46284,95.50,True
2093,"t=21.98,h=36.29,p=1011.33",46273,94.20,True
2094,"t=22.00,h=36.31,p=1011.37",46285,354.40,True
2095,"t=22.00,h=36.31,p=1011.37",46290,94.00,True
2096,"t=21.98,h=36.32,p=1011.34",46280,373.10,True
2097,"t=21.98,h=36.32,p=1011.34",46294,307.30,True
2098,"t=21.99,h=36.32,p=1011.38",46278,216.80,True
2099,"t=21.99,h=36.32,p=1011.38",46275,213.20,True
2100,"t=21.99,h=36.33,p=1011.35",46273,184.80,True
2101,"t=21.99,h=36.33,p=1011.35",46287,354.80,True
2102,"t=21.99,h=36.32,p=1011.34",46284,223.00,True
2103,"t=21.99,h=36.32,p=1011.34",46283,363.20,True
2104,"t=21.99,h=36.33,p=1011.34",46283,247.20,True
2105,"t=21.99,h=36.33,p=1011.34",46276,349.40,True
2106,"t=21.99,h=36.33,p=1011.36",46286,308.10,True
2107,"t=21.99,h=36.33,p=1011.36",46319,178.00,True
2108,"t=21.99,h=36.34,p=1011.35",46293,98.90,True
2109,"t=21.99,h=36.34,p=1011.35",46281,140.90,True
2110,"t=21.99,h=36.34,p=1011.37",46294,97.10,True
2111,"t=21.99,h=36.34,p=1011.37",46287,142.40,True
2112,"t=22.00,h=36.35,p=1011.38",46284,98.20,True
2113,"t=22.00,h=36.35,p=1011.38",46274,335.30,True
2114,"t=22.00,h=36.35,p=1011.36",46284,96.80,True
2115,"t=22.00,h=36.35,p=1011.36",46273,95.00,True
2116,"t=22.00,h=36.35,p=1011.36",46272,329.60,True
2117,"t=21.99,h=36.35,p=1011.36",46294,218.10,True
2118,"t=21.99,h=36.35,p=1011.36",46282,183.10,True
2119,"t=21.99,h=36.36,p=1011.36",46289,96.50,True
2120,"t=21.99,h=36.36,p=1011.36",46279,257.50,True
2121,"t=21.99,h=36.36,p=1011.35",46288,140.50,True
2122,"t=21.99,h=36.36,p=1011.35",46289,243.30,True
2123,"t=22.00,h=36.36,p=1011.40",46285,215.20,True
2124,"t=22.00,h=36.36,p=1011.40",46285,405.50,True
2125,"t=21.98,h=36.36,p=1011.32",46282,96.10,True
2126,"t=21.98,h=36.36,p=1011.32",46278,144.30,True
2127,"t=21.98,h=36.35,p=1011.33",46282,96.00,True
2128,"t=21.98,h=36.35,p=1011.33",46277,96.00,True
2129,"t=21.99,h=36.35,p=1011.30",46278,152.60,True
2130,"t=21.99,h=36.35,p=1011.30",46289,98.20,True
2131,"t=21.98,h=36.39,p=1011.32",46276,268.80,True
2132,"t=21.98,h=36.39,p=1011.32",46285,217.10,True
2133,"t=21.98,h=36.34,p=1011.34",46280,348.30,True
2134,"t=21.98,h=36.34,p=1011.34",46286,138.90,True
2135,"t=21.98,h=36.35,p=1011.32",46329,96.30,True
2136,"t=21.98,h=36.35,p=1011.32",46277,94.20,True
2137,"t=21.99,h=36.34,p=1011.34",46283,154.20,True
2138,"t=21.99,h=36.34,p=1011.34",46285,244.20,True
2139,"t=22.00,h=36.32,p=1011.36",46288,269.40,True
2140,"t=22.00,h=36.32,p=1011.36",46281,217.10,True
2141,"t=21.99,h=36.34,p=1011.34",46278,145.90,True
2142,"t=21.99,h=36.34,p=1011.34",46289,286.70,True
2143,"t=21.99,h=36.35,p=1011.35",46282,216.70,True
2144,"t=21.99,h=36.35,p=1011.35",46270,215.60,True
2145,"t=21.99,h=36.35,p=1011.36",46282,217.40,True
2146,"t=21.99,h=36.35,p=1011.36",46283,360.40,True
2147,"t=21.99,h=36.35,p=1011.37",46288,306.90,True
2148,"t=21.99,h=36.35,p=1011.37",46280,243.50,True
2149,"t=21.99,h=36.35,p=1011.38",46297,377.00,True
2150,"t=21.99,h=36.35,p=1011.38",46321,177.30,True
2151,"t=21.99,h=36.38,p=1011.38",46305,110.00,True
2152,"t=21.99,h=36.38,p=1011.38",46299,147.50,True
2153,"t=22.00,h=36.38,p=1011.39",46304,98.10,True
2154,"t=22.00,h=36.38,p=1011.39",46300,333.60,True
2155,"t=21.99,h=36.36,p=1011.37",46288,298.20,True
2156,"t=21.99,h=36.36,p=1011.37",46280,352.20,True
2157,"t=21.99,h=36.36,p=1011.33",46289,98.10,True
2158,"t=21.99,h=36.36,p=1011.33",46281,94.50,True
2159,"t=21.99,h=36.38,p=1011.34",46290,357.20,True
2160,"t=21.99,h=36.38,p=1011.34",46301,297.80,True
2161,"t=21.99,h=36.38,p=1011.32",46316,157.60,True
2162,"t=21.99,h=36.38,p=1011.32",46309,95.10,True
2163,"t=21.98,h=36.37,p=1011.32",46287,346.10,True
2164,"t=21.98,h=36.37,p=1011.32",46284,215.70,True
2165,"t=21.99,h=36.38,p=1011.35",46301,353.80,True
2166,"t=21.99,h=36.38,p=1011.35",46307,267.30,True
2167,"t=21.98,h=36.37,p=1011.36",46299,218.00,True
2168,"t=21.98,h=36.37,p=1011.36",46287,211.90,True
2169,"t=21.99,h=36.38,p=1011.35",46301,355.40,True
2170,"t=21.99,h=36.38,p=1011.35",46306,152.20,True
2171,"t=21.99,h=36.38,p=1011.35",46296,252.80,True
2172,"t=21.98,h=36.35,p=1011.34",46293,227.50,True
2173,"t=21.98,h=36.35,p=1011.34",46282,210.80,True
2174,"t=22.00,h=36.38,p=1011.37",46296,381.20,True
2175,"t=22.00,h=36.38,p=1011.37",46303,197.00,True
2176,"t=21.99,h=36.36,p=1011.36",46283,265.40,True
2177,"t=21.99,h=36.36,p=1011.36",46294,328.10,True
2178,"t=21.99,h=36.38,p=1011.35",46302,247.00,True
2179,"t=21.99,h=36.38,p=1011.35",46303,96.50,True
2180,"t=22.00,h=36.36,p=1011.35",46277,186.20,True
2181,"t=22.00,h=36.36,p=1011.35",46285,144.60,True
2182,"t=22.00,h=36.39,p=1011.35",46280,96.50,True
2183,"t=22.00,h=36.39,p=1011.35",46271,94.30,True
2184,"t=21.99,h=36.40,p=1011.35",46283,143.60,True
2185,"t=21.99,h=36.40,p=1011.35",46289,119.90,True
2186,"t=21.99,h=36.38,p=1011.36",46295,96.00,True
2187,"t=21.99,h=36.38,p=1011.36",46352,354.40,True
2188,"t=21.99,h=36.39,p=1011.40",46292,146.90,True
2189,"t=21.99,h=36.39,p=1011.40",46289,105.40,True
2190,"t=21.99,h=36.41,p=1011.35",46283,130.20,True
2191,"t=21.99,h=36.41,p=1011.35",46280,369.50,True
2192,"t=21.99,h=36.36,p=1011.40",46291,243.40,True
2193,"t=21.99,h=36.36,p=1011.40",46282,172.90,True
2194,"t=22.00,h=36.38,p=1011.39",46300,358.10,True
2195,"t=22.00,h=36.38,p=1011.39",46306,96.70,True
2196,"t=21.99,h=36.41,p=1011.37",46274,96.10,True
2197,"t=21.99,h=36.41,p=1011.37",46284,355.20,True
2198,"t=21.99,h=36.40,p=1011.35",46289,296.80,True
2199,"t=21.99,h=36.40,p=1011.35",46288,162.80,True
2200,"t=21.97,h=36.40,p=1011.35",46292,115.30,True
2201,"t=21.97,h=36.40,p=1011.35",46289,270.30,True
2202,"t=21.98,h=36.40,p=1011.35",46288,175.90,True
2203,"t=21.98,h=36.40,p=1011.35",46278,97.00,True
2204,"t=21.99,h=36.36,p=1011.38",46277,309.70,True
2205,"t=21.99,h=36.36,p=1011.38",46286,261.10,True
2206,"t=21.98,h=36.39,p=1011.34",46297,214.60,True
2207,"t=21.98,h=36.39,p=1011.34",46278,96.80,True
2208,"t=21.99,h=36.39,p=1011.38",46281,199.30,True
2209,"t=21.99,h=36.39,p=1011.38",46282,96.90,True
2210,"t=21.98,h=36.39,p=1011.37",46283,399.90,True
2211,"t=21.98,h=36.39,p=1011.37",46285,96.30,True
2212,"t=21.99,h=36.39,p=1011.39",46287,160.60,True
2213,"t=21.99,h=36.39,p=1011.39",46290,97.00,True
2214,"t=21.99,h=36.38,p=1011.40",46297,97.30,True
2215,"t=21.99,h=36.38,p=1011.40",46348,356.60,True
2216,"t=21.99,h=36.38,p=1011.39",46306,293.80,True
2217,"t=21.99,h=36.38,p=1011.39",46314,218.30,True
2218,"t=21.99,h=36.38,p=1011.40",46294,218.00,True
2219,"t=21.99,h=36.38,p=1011.40",46298,247.80,True
2220,"t=21.99,h=36.36,p=1011.37",46288,218.80,True
2221,"t=21.99,h=36.36,p=1011.37",46280,387.70,True
2222,"t=21.99,h=36.36,p=1011.39",46289,98.00,True
2223,"t=21.99,h=36.36,p=1011.39",46287,95.40,True
2224,"t=21.99,h=36.36,p=1011.39",46280,94.50,True
2225,"t=21.99,h=36.35,p=1011.40",46289,179.10,True
2226,"t=21.99,h=36.35,p=1011.40",46302,96.90,True
2227,"t=22.00,h=36.35,p=1011.36",46276,244.90,True
2228,"t=22.00,h=36.35,p=1011.36",46285,162.50,True
2229,"t=22.00,h=36.35,p=1011.40",46320,232.20,True
2230,"t=22.00,h=36.35,p=1011.40",46294,96.50,True
2231,"t=21.99,h=36.36,p=1011.38",46277,96.10,True
2232,"t=21.99,h=36.36,p=1011.38",46283,369.20,True
2233,"t=21.99,h=36.34,p=1011.38",46289,177.50,True
2234,"t=21.99,h=36.34,p=1011.38",46284,330.10,True
2235,"t=21.99,h=36.34,p=1011.40",46283,299.00,True
2236,"t=21.99,h=36.34,p=1011.40",46277,375.60,True
2237,"t=21.99,h=36.34,p=1011.37",46292,298.50,True
2238,"t=21.99,h=36.34,p=1011.37",46295,353.40,True
2239,"t=21.98,h=36.33,p=1011.35",46284,291.60,True
2240,"t=21.98,h=36.33,p=1011.35",46276,184.00,True
2241,"t=21.98,h=36.33,p=1011.35",46288,142.30,True
2242,"t=21.98,h=36.33,p=1011.35",46282,95.40,True
2243,"t=21.98,h=36.33,p=1011.36",46282,95.60,True
2244,"t=21.98,h=36.33,p=1011.36",46277,95.80,True
2245,"t=21.99,h=36.32,p=1011.37",46284,293.90,True
2246,"t=21.99,h=36.32,p=1011.37",46288,218.10,True
2247,"t=21.99,h=36.32,p=1011.34",46288,283.20,True
2248,"t=21.99,h=36.32,p=1011.34",46289,95.00,True
2249,"t=21.99,h=36.32,p=1011.36",46285,367.70,True
2250,"t=21.99,h=36.32,p=1011.36",46292,283.20,True
2251,"t=22.00,h=36.31,p=1011.37",46288,217.60,True
2252,"t=22.00,h=36.31,p=1011.37",46276,212.00,True
2253,"t=22.00,h=36.32,p=1011.37",46281,97.00,True
2254,"t=22.00,h=36.32,p=1011.37",46285,246.40,True
2255,"t=22.00,h=36.29,p=1011.39",46289,219.90,True
2256,"t=22.00,h=36.29,p=1011.39",46275,217.30,True
2257,"t=21.99,h=36.29,p=1011.37",46282,215.50,True
2258,"t=21.99,h=36.29,p=1011.37",46274,355.50,True
2259,"t=22.00,h=36.29,p=1011.38",46287,267.50,True
2260,"t=22.00,h=36.29,p=1011.38",46286,309.30,True
2261,"t=22.00,h=36.29,p=1011.36",46288,221.20,True
2262,"t=22.00,h=36.29,p=1011.36",46286,296.80,True
2263,"t=21.99,h=36.31,p=1011.36",46282,218.10,True
2264,"t=21.99,h=36.31,p=1011.36",46286,355.80,True
2265,"t=22.00,h=36.29,p=1011.37",46292,168.10,True
2266,"t=22.00,h=36.29,p=1011.37",46289,354.50,True
2267,"t=21.99,h=36.29,p=1011.34",46285,141.20,True
2268,"t=21.99,h=36.29,p=1011.34",46283,353.20,True
2269,"t=21.99,h=36.29,p=1011.37",46281,269.20,True
2270,"t=21.99,h=36.29,p=1011.37",46297,96.40,True
2271,"t=21.99,h=36.31,p=1011.36",46289,358.80,True
2272,"t=21.99,h=36.31,p=1011.36",46284,218.40,True
2273,"t=21.98,h=36.30,p=1011.31",46281,409.50,True
2274,"t=21.98,h=36.30,p=1011.31",46292,97.90,True
2275,"t=21.98,h=36.30,p=1011.31",46279,344.60,True
2276,"t=21.98,h=36.30,p=1011.34",46289,366.50,True
2277,"t=21.98,h=36.30,p=1011.34",46290,207.90,True
2278,"t=21.98,h=36.30,p=1011.32",46271,95.70,True
2279,"t=21.98,h=36.30,p=1011.32",46280,217.00,True
2280,"t=22.00,h=36.32,p=1011.38",46288,345.70,True
2281,"t=22.00,h=36.32,p=1011.38",46294,212.00,True
2282,"t=21.97,h=36.33,p=1011.30",46272,214.20,True
2283,"t=21.97,h=36.33,p=1011.30",46279,218.10,True
2284,"t=21.99,h=36.32,p=1011.36",46288,98.80,True
2285,"t=21.99,h=36.32,p=1011.36",46280,95.40,True
2286,"t=21.99,h=36.32,p=1011.33",46277,316.10,True
2287,"t=21.99,h=36.32,p=1011.33",46287,96.00,True
2288,"t=21.99,h=36.29,p=1011.36",46278,393.70,True
2289,"t=21.99,h=36.29,p=1011.36",46286,356.90,True
2290,"t=22.00,h=36.31,p=1011.36",46285,228.50,True
2291,"t=22.00,h=36.31,p=1011.36",46277,94.50,True
2292,"t=22.00,h=36.32,p=1011.36",46279,247.30,True
2293,"t=22.00,h=36.32,p=1011.36",46285,233.40,True
2294,"t=22.00,h=36.32,p=1011.34",46289,97.30,True
2295,"t=22.00,h=36.32,p=1011.34",46275,94.70,True
2296,"t=21.99,h=36.29,p=1011.34",46276,352.60,True
2297,"t=21.99,h=36.29,p=1011.34",46304,164.00,True
2298,"t=22.00,h=36.31,p=1011.34",46283,279.90,True
2299,"t=22.00,h=36.31,p=1011.34",46293,215.60,True
2300,"t=21.99,h=36.32,p=1011.34",46283,110.30,True
2301,"t=21.99,h=36.32,p=1011.34",46292,335.40,True
2302,"t=22.00,h=36.31,p=1011.33",46293,270.20,True
2303,"t=22.00,h=36.31,p=1011.33",46290,218.90,True
2304,"t=21.99,h=36.32,p=1011.37",46281,187.60,True
2305,"t=21.99,h=36.32,p=1011.37",46300,358.60,True
2306,"t=22.00,h=36.31,p=1011.35",46287,97.90,True
2307,"t=22.00,h=36.31,p=1011.35",46282,271.20,True
2308,"t=22.00,h=36.32,p=1011.37",46291,214.70,True
2309,"t=22.00,h=36.32,p=1011.37",46286,267.30,True
2310,"t=22.00,h=36.31,p=1011.34",46285,219.00,True
2311,"t=22.00,h=36.31,p=1011.34",46280,243.80,True
2312,"t=21.99,h=36.32,p=1011.34",46289,237.40,True
2313,"t=21.99,h=36.32,p=1011.34",46296,212.10,True
2314,"t=22.00,h=36.32,p=1011.36",46276,352.40,True
2315,"t=22.00,h=36.32,p=1011.36",46286,142.90,True
2316,"t=21.99,h=36.31,p=1011.35",46285,97.40,True
2317,"t=21.99,h=36.31,p=1011.35",46272,93.80,True
2318,"t=22.00,h=36.31,p=1011.33",46278,354.20,True
2319,"t=22.00,h=36.31,p=1011.33",46286,358.60,True
2320,"t=21.98,h=36.30,p=1011.30",46286,321.10,True
2321,"t=21.98,h=36.30,p=1011.30",46282,106.50,True
2322,"t=21.99,h=36.29,p=1011.33",46282,354.50,True
2323,"t=21.99,h=36.29,p=1011.33",46284,202.80,True
2324,"t=21.99,h=36.29,p=1011.33",46280,93.80,True
2325,"t=21.99,h=36.29,p=1011.33",46282,360.20,True
2326,"t=21.99,h=36.29,p=1011.33",46292,97.10,True
2327,"t=22.00,h=36.28,p=1011.33",46274,96.90,True
2328,"t=22.00,h=36.28,p=1011.33",46280,95.20,True
2329,"t=22.00,h=36.31,p=1011.35",46278,267.20,True
2330,"t=22.00,h=36.31,p=1011.35",46295,218.00,True
2331,"t=22.00,h=36.29,p=1011.35",46276,121.40,True
2332,"t=22.00,h=36.29,p=1011.35",46280,351.10,True
2333,"t=21.99,h=36.32,p=1011.33",46300,240.60,True
2334,"t=21.99,h=36.32,p=1011.33",46278,215.30,True
2335,"t=22.00,h=36.29,p=1011.36",46280,310.80,True
2336,"t=22.00,h=36.29,p=1011.36",46291,167.50,True
2337,"t=22.00,h=36.31,p=1011.35",46280,354.40,True
2338,"t=22.00,h=36.31,p=1011.35",46292,146.60,True
2339,"t=22.00,h=36.31,p=1011.32",46290,98.70,True
2340,"t=22.00,h=36.31,p=1011.32",46280,350.60,True
2341,"t=22.00,h=36.31,p=1011.36",46296,211.00,True
2342,"t=22.00,h=36.31,p=1011.36",46278,271.70,True
2343,"t=22.00,h=36.31,p=1011.37",46294,215.40,True
2344,"t=22.00,h=36.31,p=1011.37",46280,353.20,True
2345,"t=22.00,h=36.31,p=1011.35",46292,97.80,True
2346,"t=22.00,h=36.31,p=1011.35",46277,96.90,True
2347,"t=22.00,h=36.29,p=1011.33",46284,389.40,True
2348,"t=22.00,h=36.29,p=1011.33",46293,293.30,True
2349,"t=22.00,h=36.32,p=1011.33",46284,97.50,True
2350,"t=22.00,h=36.32,p=1011.33",46284,95.20,True
2351,"t=22.00,h=36.31,p=1011.35",46308,289.80,True
2352,"t=22.00,h=36.31,p=1011.35",46289,218.70,True
2353,"t=21.98,h=36.29,p=1011.33",46279,212.90,True
2354,"t=21.98,h=36.29,p=1011.33",46277,94.90,True
2355,"t=22.00,h=36.28,p=1011.34",46275,243.50,True
2356,"t=22.00,h=36.28,p=1011.34",46284,216.60,True
2357,"t=21.98,h=36.32,p=1011.29",46282,356.90,True
2358,"t=21.98,h=36.32,p=1011.29",46287,96.80,True
2359,"t=21.98,h=36.29,p=1011.32",46308,351.10,True
2360,"t=21.98,h=36.29,p=1011.32",46285,245.50,True
2361,"t=21.99,h=36.28,p=1011.29",46286,301.20,True
2362,"t=21.99,h=36.28,p=1011.29",46292,146.10,True
2363,"t=21.99,h=36.28,p=1011.34",46287,324.90,True
2364,"t=21.99,h=36.28,p=1011.34",46289,98.70,True
2365,"t=22.00,h=36.27,p=1011.37",46281,96.20,True
2366,"t=22.00,h=36.27,p=1011.37",46303,242.20,True
2367,"t=22.00,h=36.27,p=1011.32",46286,403.60,True
2368,"t=22.00,h=36.27,p=1011.32",46285,225.60,True
2369,"t=22.00,h=36.27,p=1011.32",46282,95.10,True
2370,"t=22.00,h=36.27,p=1011.32",46277,268.00,True
2371,"t=22.00,h=36.27,p=1011.32",46282,216.30,True
2372,"t=22.00,h=36.27,p=1011.32",46281,267.70,True
2373,"t=22.00,h=36.27,p=1011.34",46288,215.20,True
2374,"t=22.00,h=36.27,p=1011.34",46278,113.60,True
2375,"t=22.00,h=36.27,p=1011.34",46276,93.90,True
2376,"t=22.00,h=36.27,p=1011.34",46288,349.80,True
2377,"t=22.00,h=36.27,p=1011.34",46288,96.20,True
2378,"t=22.00,h=36.27,p=1011.32",46278,148.60,True
2379,"t=22.00,h=36.27,p=1011.32",46282,98.30,True
2380,"t=22.00,h=36.26,p=1011.33",46286,278.50,True
2381,"t=22.00,h=36.26,p=1011.33",46296,358.60,True
2382,"t=21.99,h=36.27,p=1011.31",46300,115.10,True
2383,"t=21.99,h=36.27,p=1011.31",46286,96.00,True
2384,"t=22.00,h=36.27,p=1011.31",46286,94.30,True
2385,"t=22.00,h=36.27,p=1011.31",46289,311.50,True
2386,"t=22.00,h=36.26,p=1011.32",46288,301.80,True
2387,"t=22.00,h=36.26,p=1011.32",46287,268.40,True
2388,"t=21.99,h=36.27,p=1011.33",46285,217.10,True
2389,"t=21.99,h=36.27,p=1011.33",46283,313.20,True
2390,"t=21.99,h=36.25,p=1011.32",46285,352.30,True
2391,"t=21.99,h=36.25,p=1011.32",46285,230.20,True
2392,"t=21.98,h=36.27,p=1011.31",46274,96.20,True
2393,"t=21.98,h=36.27,p=1011.31",46281,350.00,True
2394,"t=21.99,h=36.28,p=1011.34",46284,232.60,True
2395,"t=21.99,h=36.28,p=1011.34",46288,96.40,True
2396,"t=21.99,h=36.27,p=1011.32",46280,196.60,True
2397,"t=21.99,h=36.27,p=1011.32",46293,231.50,True
2398,"t=21.98,h=36.28,p=1011.30",46283,359.00,True
2399,"t=21.98,h=36.28,p=1011.30",46293,137.80,True
2400,"t=21.98,h=36.26,p=1011.28",46287,2850.80,True
2401,"t=21.98,h=36.26,p=1011.28",46288,353.60,True
2402,"t=21.98,h=36.29,p=1011.29",46290,276.60,True
2403,"t=21.98,h=36.29,p=1011.29",46274,108.20,True
2404,"t=21.99,h=36.27,p=1011.32",46284,411.80,True
2405,"t=21.99,h=36.27,p=1011.32",46287,102.80,True
2406,"t=21.99,h=36.27,p=1011.32",46284,352.10,True
2407,"t=21.99,h=36.27,p=1011.32",46285,97.10,True
2408,"t=21.99,h=36.25,p=1011.30",46287,314.10,True
2409,"t=21.99,h=36.25,p=1011.30",46296,216.90,True
2410,"t=21.99,h=36.27,p=1011.33",46284,212.80,True
2411,"t=21.99,h=36.27,p=1011.33",46277,326.50,True
2412,"t=21.99,h=36.27,p=1011.31",46292,269.50,True
2413,"t=21.99,h=36.27,p=1011.31",46292,217.80,True
2414,"t=21.99,h=36.27,p=1011.31",46281,116.80,True
2415,"t=21.99,h=36.27,p=1011.31",46284,142.70,True
2416,"t=21.99,h=36.28,p=1011.33",46288,97.40,True
2417,"t=21.99,h=36.28,p=1011.33",46283,241.50,True
2418,"t=22.00,h=36.28,p=1011.33",46287,242.70,True
2419,"t=22.00,h=36.28,p=1011.33",46287,97.30,True
2420,"t=21.99,h=36.28,p=1011.30",46285,97.90,True
2421,"t=21.99,h=36.28,p=1011.30",46288,95.00,True
2422,"t=21.99,h=36.29,p=1011.32",46281,241.30,True
2423,"t=21.99,h=36.29,p=1011.32",46298,117.60,True
2424,"t=21.99,h=36.29,p=1011.30",46282,244.60,True
2425,"t=21.99,h=36.29,p=1011.30",46298,214.50,True
2426,"t=21.97,h=36.30,p=1011.28",46278,301.30,True
2427,"t=21.97,h=36.30,p=1011.28",46290,213.80,True
2428,"t=21.99,h=36.29,p=1011.31",46279,125.00,True
2429,"t=21.99,h=36.29,p=1011.31",46285,97.30,True
2430,"t=21.99,h=36.29,p=1011.31",46278,350.30,True
2431,"t=21.97,h=36.30,p=1011.26",46284,297.40,True
2432,"t=21.97,h=36.30,p=1011.26",46280,137.20,True
2433,"t=21.98,h=36.33,p=1011.28",46288,95.80,True
2434,"t=21.98,h=36.33,p=1011.28",46282,242.60,True
2435,"t=21.96,h=36.30,p=1011.23",46287,293.90,True
2436,"t=21.96,h=36.30,p=1011.23",46286,262.10,True
2437,"t=21.99,h=36.31,p=1011.29",46280,143.50,True
2438,"t=21.99,h=36.31,p=1011.29",46294,97.10,True
2439,"t=21.98,h=36.33,p=1011.29",46280,146.70,True
2440,"t=21.98,h=36.33,p=1011.29",46291,96.50,True
2441,"t=21.99,h=36.33,p=1011.28",46280,349.80,True
2442,"t=21.99,h=36.33,p=1011.28",46293,255.10,True
2443,"t=22.00,h=36.31,p=1011.30",46284,97.20,True
2444,"t=22.00,h=36.31,p=1011.30",46277,96.00,True
2445,"t=21.99,h=36.33,p=1011.27",46282,261.00,True
2446,"t=21.99,h=36.33,p=1011.27",46293,96.60,True
2447,"t=21.99,h=36.33,p=1011.28",46281,138.20,True
2448,"t=21.99,h=36.33,p=1011.28",46288,98.10,True
2449,"t=21.99,h=36.31,p=1011.27",46281,114.20,True
2450,"t=21.99,h=36.31,p=1011.27",46285,313.80,True
2451,"t=21.99,h=36.34,p=1011.30",46297,97.00,True
2452,"t=21.99,h=36.34,p=1011.30",46284,95.90,True
2453,"t=21.99,h=36.33,p=1011.27",46279,109.20,True
2454,"t=21.99,h=36.33,p=1011.27",46289,355.00,True
2455,"t=21.99,h=36.33,p=1011.30",46290,295.30,True
2456,"t=21.99,h=36.33,p=1011.30",46278,243.20,True
2457,"t=22.00,h=36.33,p=1011.30",46291,218.20,True
2458,"t=22.00,h=36.33,p=1011.30",46287,261.00,True
2459,"t=22.00,h=36.32,p=1011.32",46294,217.90,True
2460,"t=22.00,h=36.32,p=1011.32",46284,215.20,True
2461,"t=21.99,h=36.33,p=1011.31",46281,209.40,True
2462,"t=21.99,h=36.33,p=1011.31",46280,146.60,True
2463,"t=22.00,h=36.33,p=1011.29",46290,355.70,True
2464,"t=22.00,h=36.33,p=1011.29",46288,351.00,True
2465,"t=21.99,h=36.32,p=1011.28",46295,200.70,True
2466,"t=21.99,h=36.32,p=1011.28",46278,94.10,True
2467,"t=22.00,h=36.32,p=1011.29",46283,305.50,True
2468,"t=22.00,h=36.32,p=1011.29",46324,195.60,True
2469,"t=21.98,h=36.32,p=1011.26",46285,96.90,True
2470,"t=21.98,h=36.32,p=1011.26",46275,94.30,True
2471,"t=21.98,h=36.32,p=1011.27",46281,171.30,True
2472,"t=21.98,h=36.32,p=1011.27",46283,117.20,True
2473,"t=22.00,h=36.31,p=1011.29",46277,96.40,True
2474,"t=22.00,h=36.31,p=1011.29",46271,93.20,True
2475,"t=21.98,h=36.32,p=1011.28",46286,351.40,True
2476,"t=21.98,h=36.32,p=1011.28",46295,277.20,True
2477,"t=21.99,h=36.32,p=1011.30",46288,217.60,True
2478,"t=21.99,h=36.32,p=1011.30",46277,213.90,True
2479,"t=22.00,h=36.32,p=1011.29",46280,133.20,True
2480,"t=22.00,h=36.32,p=1011.29",46283,356.20,True
2481,"t=22.00,h=36.32,p=1011.30",46287,283.20,True
2482,"t=21.99,h=36.32,p=1011.29",46270,96.20,True
2483,"t=21.99,h=36.32,p=1011.29",46273,93.90,True
2484,"t=21.99,h=36.31,p=1011.31",46286,144.70,True
2485,"t=21.99,h=36.31,p=1011.31",46298,95.80,True
2486,"t=22.00,h=36.29,p=1011.32",46275,159.50,True
2487,"t=22.00,h=36.29,p=1011.32",46289,118.20,True
2488,"t=21.99,h=36.32,p=1011.30",46281,328.30,True
2489,"t=21.99,h=36.32,p=1011.30",46292,325.30,True
2490,"t=22.00,h=36.31,p=1011.29",46286,295.40,True
2491,"t=22.00,h=36.31,p=1011.29",46275,148.20,True
2492,"t=22.00,h=36.29,p=1011.32",46276,267.40,True
2493,"t=22.00,h=36.29,p=1011.32",46290,357.80,True
2494,"t=22.00,h=36.28,p=1011.31",46288,289.00,True
2495,"t=22.00,h=36.28,p=1011.31",46278,153.60,True
2496,"t=22.00,h=36.28,p=1011.30",46293,97.10,True
2497,"t=22.00,h=36.28,p=1011.30",46280,357.70,True
2498,"t=22.00,h=36.29,p=1011.30",46285,97.60,True
2499,"t=22.00,h=36.29,p=1011.30",46275,298.70,True
2500,"t=21.97,h=36.28,p=1011.27",46288,221.50,True
2501,"t=21.97,h=36.28,p=1011.27",46280,310.40,True
2502,"t=21.99,h=36.29,p=1011.29",46300,143.10,True
2503,"t=21.99,h=36.29,p=1011.29",46295,97.30,True
2504,"t=21.99,h=36.29,p=1011.29",46281,110.10,True
2505,"t=21.99,h=36.29,p=1011.29",46288,137.80,True
2506,"t=21.99,h=36.28,p=1011.25",46286,96.30,True
2507,"t=21.99,h=36.28,p=1011.25",46276,112.30,True
2508,"t=21.98,h=36.29,p=1011.27",46276,350.50,True
2509,"t=21.98,h=36.29,p=1011.27",46282,350.30,True
2510,"t=21.99,h=36.31,p=1011.28",46288,264.20,True
2511,"t=21.99,h=36.31,p=1011.28",46274,94.30,True
2512,"t=22.00,h=36.28,p=1011.28",46278,360.40,True
2513,"t=22.00,h=36.28,p=1011.28",46284,97.10,True
2514,"t=21.99,h=36.28,p=1011.32",46280,94.80,True
2515,"t=21.99,h=36.28,p=1011.32",46279,94.20,True
2516,"t=22.00,h=36.29,p=1011.30",46277,338.90,True
2517,"t=22.00,h=36.29,p=1011.30",46280,297.60,True
2518,"t=22.00,h=36.29,p=1011.28",46278,355.00,True
2519,"t=22.00,h=36.29,p=1011.28",46291,219.10,True
2520,"t=22.00,h=36.29,p=1011.28",46282,94.20,True
2521,"t=22.00,h=36.29,p=1011.28",46311,356.80,True
2522,"t=22.00,h=36.31,p=1011.31",46299,299.40,True
2523,"t=22.00,h=36.31,p=1011.31",46287,381.30,True
2524,"t=22.00,h=36.29,p=1011.31",46286,99.90,True
2525,"t=22.00,h=36.29,p=1011.31",46282,351.60,True
2526,"t=22.00,h=36.29,p=1011.28",46286,296.20,True
2527,"t=22.00,h=36.29,p=1011.28",46282,357.50,True
2528,"t=22.00,h=36.29,p=1011.31",46286,381.60,True
2529,"t=22.00,h=36.29,p=1011.31",46289,360.30,True
2530,"t=22.00,h=36.31,p=1011.28",46292,205.00,True
2531,"t=22.00,h=36.31,p=1011.28",46281,352.50,True
2532,"t=22.00,h=36.29,p=1011.30",46284,298.50,True
2533,"t=22.00,h=36.29,p=1011.30",46274,354.30,True
2534,"t=22.00,h=36.29,p=1011.30",46288,97.10,True
2535,"t=22.00,h=36.29,p=1011.30",46272,95.10,True
2536,"t=22.00,h=36.29,p=1011.30",46281,345.30,True
2537,"t=22.00,h=36.29,p=1011.25",46283,293.80,True
2538,"t=22.00,h=36.29,p=1011.25",46278,211.20,True
2539,"t=22.00,h=36.32,p=1011.27",46271,209.70,True
2540,"t=22.00,h=36.32,p=1011.27",46279,226.70,True
2541,"t=22.00,h=36.31,p=1011.27",46291,275.10,True
2542,"t=22.00,h=36.31,p=1011.27",46292,221.90,True
2543,"t=22.00,h=36.33,p=1011.30",46282,166.70,True
2544,"t=22.00,h=36.33,p=1011.30",46287,267.80,True
2545,"t=21.99,h=36.32,p=1011.26",46289,297.10,True
2546,"t=21.99,h=36.32,p=1011.26",46286,268.50,True
2547,"t=21.99,h=36.32,p=1011.25",46282,218.90,True
2548,"t=21.99,h=36.32,p=1011.25",46280,365.50,True
2549,"t=21.99,h=36.31,p=1011.26",46282,100.30,True
2550,"t=21.99,h=36.31,p=1011.26",46274,93.90,True
2551,"t=21.99,h=36.32,p=1011.26",46277,271.10,True
2552,"t=21.99,h=36.32,p=1011.26",46287,215.60,True
2553,"t=21.99,h=36.32,p=1011.27",46283,359.50,True
2554,"t=21.99,h=36.32,p=1011.27",46292,218.30,True
2555,"t=21.99,h=36.29,p=1011.27",46295,106.60,True
2556,"t=21.99,h=36.29,p=1011.27",46280,94.50,True
2557,"t=22.00,h=36.34,p=1011.29",46277,96.10,True
2558,"t=22.00,h=36.34,p=1011.29",46280,267.60,True
2559,"t=22.00,h=36.33,p=1011.30",46296,223.50,True
2560,"t=22.00,h=36.33,p=1011.30",46288,186.70,True
2561,"t=22.00,h=36.34,p=1011.29",46279,96.20,True
2562,"t=22.00,h=36.34,p=1011.29",46274,304.40,True
2563,"t=22.00,h=36.35,p=1011.27",46289,219.00,True
2564,"t=22.00,h=36.35,p=1011.27",46283,178.40,True
2565,"t=22.00,h=36.32,p=1011.28",46285,95.30,True
2566,"t=22.00,h=36.32,p=1011.28",46290,134.30,True
2567,"t=22.00,h=36.33,p=1011.27",46287,98.30,True
2568,"t=22.00,h=36.33,p=1011.27",46273,96.60,True
2569,"t=22.00,h=36.32,p=1011.29",46283,95.90,True
2570,"t=22.00,h=36.32,p=1011.29",46290,94.00,True
2571,"t=22.00,h=36.33,p=1011.30",46287,382.50,True
2572,"t=22.00,h=36.33,p=1011.30",46290,128.00,True
2573,"t=21.99,h=36.33,p=1011.26",46271,95.70,True
2574,"t=21.99,h=36.33,p=1011.26",46274,95.10,True
2575,"t=21.99,h=36.33,p=1011.27",46284,294.40,True
2576,"t=21.99,h=36.33,p=1011.27",46293,269.30,True
2577,"t=22.00,h=36.34,p=1011.27",46281,352.40,True
2578,"t=22.00,h=36.34,p=1011.27",46285,225.90,True
2579,"t=22.00,h=36.34,p=1011.28",46275,272.10,True
2580,"t=22.00,h=36.34,p=1011.28",46290,215.70,True
2581,"t=22.00,h=36.34,p=1011.28",46273,331.40,True
2582,"t=22.00,h=36.34,p=1011.28",46290,334.00,True
2583,"t=22.00,h=36.34,p=1011.28",46283,216.10,True
2584,"t=21.99,h=36.32,p=1011.25",46285,216.70,True
2585,"t=21.99,h=36.32,p=1011.25",46276,245.80,True
2586,"t=22.00,h=36.34,p=1011.27",46285,182.20,True
2587,"t=22.00,h=36.34,p=1011.27",46282,114.90,True
2588,"t=21.98,h=36.34,p=1011.28",46277,96.10,True
2589,"t=21.98,h=36.34,p=1011.28",46277,139.80,True
2590,"t=22.00,h=36.33,p=1011.28",46292,97.20,True
2591,"t=22.00,h=36.33,p=1011.28",46279,95.50,True
2592,"t=21.99,h=36.34,p=1011.25",46280,268.60,True
2593,"t=21.99,h=36.34,p=1011.25",46287,202.40,True
2594,"t=21.99,h=36.35,p=1011.26",46281,156.10,True
2595,"t=21.99,h=36.35,p=1011.26",46284,331.80,True
2596,"t=22.00,h=36.35,p=1011.26",46292,294.80,True
2597,"t=22.00,h=36.35,p=1011.26",46286,247.50,True
2598,"t=22.00,h=36.35,p=1011.28",46304,274.40,True
2599,"t=22.00,h=36.35,p=1011.28",46284,216.60,True
2600,"t=22.00,h=36.35,p=1011.30",46281,187.60,True
2601,"t=22.00,h=36.35,p=1011.30",46284,95.80,True
2602,"t=22.00,h=36.34,p=1011.29",46276,332.30,True
2603,"t=22.00,h=36.34,p=1011.29",46284,257.10,True
2604,"t=22.00,h=36.34,p=1011.30",46289,293.10,True
2605,"t=22.00,h=36.34,p=1011.30",46285,97.30,True
2606,"t=21.99,h=36.34,p=1011.26",46276,94.90,True
2607,"t=21.99,h=36.34,p=1011.26",46277,369.80,True
2608,"t=22.00,h=36.34,p=1011.27",46282,206.50,True
2609,"t=22.00,h=36.34,p=1011.27",46279,296.80,True
2610,"t=22.00,h=36.33,p=1011.28",46286,218.60,True
2611,"t=22.00,h=36.33,p=1011.28",46278,185.60,True
2612,"t=21.99,h=36.34,p=1011.25",46272,95.60,True
2613,"t=21.99,h=36.34,p=1011.25",46277,330.50,True
2614,"t=22.00,h=36.33,p=1011.27",46284,293.20,True
2615,"t=22.00,h=36.33,p=1011.27",46275,354.50,True
2616,"t=22.00,h=36.34,p=1011.28",46283,96.60,True
2617,"t=22.00,h=36.34,p=1011.28",46278,94.30,True
2618,"t=22.00,h=36.34,p=1011.28",46276,146.10,True
2619,"t=22.00,h=36.34,p=1011.28",46286,97.20,True
2620,"t=21.99,h=36.34,p=1011.28",46317,363.20,True
2621,"t=21.99,h=36.34,p=1011.28",46287,96.70,True
2622,"t=21.99,h=36.34,p=1011.25",46282,97.10,True
2623,"t=21.99,h=36.34,p=1011.25",46273,96.20,True
2624,"t=21.99,h=36.34,p=1011.25",46302,358.40,True
2625,"t=21.99,h=36.34,p=1011.25",46283,164.70,True
2626,"t=21.99,h=36.35,p=1011.26",46274,270.60,True
2627,"t=21.99,h=36.35,p=1011.26",46279,213.60,True
2628,"t=21.99,h=36.34,p=1011.27",46277,189.30,True
2629,"t=21.99,h=36.34,p=1011.27",46283,273.00,True
2630,"t=21.99,h=36.35,p=1011.25",46280,216.60,True
2631,"t=21.99,h=36.35,p=1011.25",46268,130.10,True
2632,"t=22.00,h=36.35,p=1011.26",46291,313.60,True
2633,"t=22.00,h=36.35,p=1011.26",46295,214.90,True
2634,"t=22.00,h=36.35,p=1011.26",46282,211.60,True
2635,"t=22.00,h=36.33,p=1011.25",46281,144.60,True
2636,"t=22.00,h=36.33,p=1011.25",46286,97.10,True
2637,"t=22.00,h=36.36,p=1011.24",46289,393.70,True
2638,"t=22.00,h=36.36,p=1011.24",46288,179.60,True
2639,"t=22.00,h=36.35,p=1011.25",46289,96.50,True
2640,"t=22.00,h=36.35,p=1011.25",46274,95.60,True
2641,"t=22.00,h=36.34,p=1011.27",46279,353.40,True
2642,"t=22.00,h=36.34,p=1011.27",46281,201.90,True
2643,"t=22.00,h=36.35,p=1011.26",46290,352.00,True
2644,"t=22.00,h=36.35,p=1011.26",46292,105.20,True
2645,"t=22.00,h=36.34,p=1011.24",46270,356.90,True
2646,"t=22.00,h=36.34,p=1011.24",46276,97.00,True
2647,"t=22.00,h=36.33,p=1011.25",46277,96.50,True
2648,"t=22.00,h=36.33,p=1011.25",46274,352.80,True
2649,"t=22.00,h=36.33,p=1011.29",46285,305.40,True
2650,"t=22.00,h=36.33,p=1011.29",46278,320.70,True
2651,"t=22.00,h=36.34,p=1011.28",46282,217.70,True
2652,"t=22.00,h=36.34,p=1011.28",46283,132.80,True
2653,"t=22.00,h=36.35,p=1011.26",46291,96.20,True
2654,"t=22.00,h=36.35,p=1011.26",46291,93.90,True
2655,"t=22.00,h=36.34,p=1011.29",46274,96.30,True
2656,"t=22.00,h=36.34,p=1011.29",46278,289.90,True
2657,"t=22.00,h=36.34,p=1011.28",46282,233.40,True
2658,"t=22.00,h=36.34,p=1011.28",46279,212.10,True
2659,"t=21.99,h=36.36,p=1011.24",46274,143.50,True
2660,"t=21.99,h=36.36,p=1011.24",46287,96.40,True
2661,"t=21.99,h=36.35,p=1011.24",46278,303.00,True
2662,"t=21.99,h=36.35,p=1011.24",46292,347.50,True
2663,"t=21.98,h=36.36,p=1011.24",46295,286.20,True
2664,"t=21.98,h=36.36,p=1011.24",46279,211.70,True
2665,"t=22.00,h=36.36,p=1011.25",46281,328.90,True
2666,"t=22.00,h=36.36,p=1011.25",46285,253.90,True
2667,"t=21.98,h=36.36,p=1011.23",46290,215.40,True
2668,"t=21.98,h=36.36,p=1011.23",46277,210.70,True
2669,"t=21.99,h=36.36,p=1011.25",46279,346.10,True
2670,"t=21.99,h=36.36,p=1011.25",46285,227.50,True
2671,"t=22.00,h=36.36,p=1011.24",46283,95.30,True
2672,"t=22.00,h=36.36,p=1011.24",46296,392.10,True
2673,"t=22.00,h=36.36,p=1011.25",46288,182.50,True
2674,"t=22.00,h=36.36,p=1011.25",46277,96.00,True
2675,"t=22.00,h=36.39,p=1011.26",46279,97.80,True
2676,"t=22.00,h=36.39,p=1011.26",46288,367.60,True
2677,"t=22.00,h=36.39,p=1011.26",46288,97.00,True
2678,"t=22.00,h=36.39,p=1011.26",46276,95.00,True
2679,"t=22.00,h=36.39,p=1011.25",46274,95.00,True
2680,"t=22.00,h=36.39,p=1011.25",46271,144.90,True
2681,"t=22.00,h=36.39,p=1011.22",46285,348.30,True
2682,"t=22.00,h=36.39,p=1011.22",46284,302.40,True
2683,"t=21.99,h=36.39,p=1011.24",46269,212.20,True
2684,"t=21.99,h=36.39,p=1011.24",46274,204.00,True
2685,"t=21.99,h=36.39,p=1011.24",46283,97.40,True
2686,"t=22.00,h=36.39,p=1011.26",46280,313.40,True
2687,"t=22.00,h=36.39,p=1011.26",46290,96.20,True
2688,"t=22.00,h=36.35,p=1011.24",46279,98.40,True
2689,"t=22.00,h=36.35,p=1011.24",46284,359.60,True
2690,"t=22.00,h=36.38,p=1011.25",46283,192.90,True
2691,"t=22.00,h=36.38,p=1011.25",46279,120.10,True
2692,"t=22.01,h=36.37,p=1011.27",46286,96.90,True
2693,"t=22.01,h=36.37,p=1011.27",46281,153.40,True
2694,"t=22.00,h=36.38,p=1011.27",46292,269.40,True
2695,"t=22.00,h=36.38,p=1011.27",46291,218.20,True
2696,"t=22.00,h=36.39,p=1011.27",46274,215.00,True
2697,"t=22.00,h=36.39,p=1011.27",46284,355.30,True
2698,"t=22.00,h=36.36,p=1011.25",46283,98.50,True
2699,"t=22.00,h=36.36,p=1011.25",46282,339.80,True
2700,"t=21.99,h=36.36,p=1011.24",46279,291.00,True
2701,"t=21.99,h=36.36,p=1011.24",46273,331.90,True
2702,"t=21.99,h=36.35,p=1011.24",46285,187.00,True
2703,"t=21.99,h=36.35,p=1011.24",46278,94.30,True
2704,"t=21.99,h=36.36,p=1011.26",46276,286.20,True
2705,"t=21.99,h=36.36,p=1011.26",46287,214.70,True
2706,"t=21.99,h=36.36,p=1011.27",46279,247.00,True
2707,"t=21.99,h=36.36,p=1011.27",46289,354.80,True
2708,"t=22.00,h=36.40,p=1011.26",46293,276.30,True
2709,"t=22.00,h=36.40,p=1011.26",46277,95.70,True
2710,"t=22.01,h=36.37,p=1011.26",46285,346.90,True
2711,"t=22.01,h=36.37,p=1011.26",46286,95.30,True
2712,"t=22.00,h=36.36,p=1011.25",46283,273.70,True
2713,"t=22.00,h=36.36,p=1011.25",46284,218.80,True
2714,"t=22.00,h=36.39,p=1011.28",46289,145.40,True
2715,"t=22.00,h=36.39,p=1011.28",46291,96.60,True
2716,"t=22.00,h=36.39,p=1011.28",46284,96.30,True
2717,"t=22.00,h=36.39,p=1011.28",46292,352.10,True
2718,"t=22.01,h=36.37,p=1011.28",46286,352.00,True
2719,"t=22.01,h=36.37,p=1011.28",46285,167.70,True
2720,"t=22.00,h=36.36,p=1011.25",46274,97.10,True
2721,"t=22.00,h=36.36,p=1011.25",46281,360.50,True
2722,"t=22.00,h=36.36,p=1011.26",46281,227.50,True
2723,"t=22.00,h=36.36,p=1011.26",46274,354.20,True
2724,"t=22.00,h=36.36,p=1011.26",46281,291.80,True
2725,"t=22.00,h=36.36,p=1011.26",46276,263.10,True
2726,"t=22.01,h=36.37,p=1011.29",46288,268.20,True
2727,"t=22.01,h=36.37,p=1011.29",46295,215.00,True
2728,"t=22.00,h=36.36,p=1011.26",46271,99.40,True
2729,"t=22.00,h=36.36,p=1011.26",46277,95.70,True
2730,"t=22.01,h=36.37,p=1011.26",46278,135.30,True
2731,"t=22.01,h=36.37,p=1011.26",46292,262.90,True
2732,"t=22.00,h=36.36,p=1011.26",46286,353.40,True
2733,"t=22.00,h=36.36,p=1011.26",46283,283.30,True
2734,"t=22.00,h=36.36,p=1011.27",46290,287.70,True
2735,"t=22.00,h=36.36,p=1011.27",46286,99.00,True
2736,"t=22.00,h=36.36,p=1011.27",46276,98.50,True
2737,"t=22.00,h=36.35,p=1011.22",46277,96.70,True
2738,"t=22.00,h=36.35,p=1011.22",46278,96.10,True
2739,"t=21.99,h=36.36,p=1011.22",46273,354.40,True
2740,"t=21.99,h=36.36,p=1011.22",46282,209.70,True
2741,"t=22.00,h=36.35,p=1011.25",46274,97.10,True
2742,"t=22.00,h=36.35,p=1011.25",46283,94.00,True
2743,"t=21.99,h=36.35,p=1011.24",46280,147.20,True
2744,"t=21.99,h=36.35,p=1011.24",46286,99.50,True
2745,"t=21.99,h=36.36,p=1011.25",46277,293.40,True
2746,"t=21.99,h=36.36,p=1011.25",46289,210.50,True
2747,"t=21.99,h=36.38,p=1011.24",46311,296.90,True
2748,"t=21.99,h=36.38,p=1011.24",46310,216.50,True
2749,"t=22.00,h=36.38,p=1011.25",46277,147.10,True
2750,"t=22.00,h=36.38,p=1011.25",46277,93.90,True
2751,"t=22.00,h=36.36,p=1011.25",46276,356.10,True
2752,"t=22.00,h=36.36,p=1011.25",46290,356.20,True
2753,"t=22.00,h=36.35,p=1011.23",46284,296.20,True
2754,"t=22.00,h=36.35,p=1011.23",46273,95.10,True
2755,"t=22.00,h=36.36,p=1011.27",46280,294.00,True
2756,"t=22.00,h=36.36,p=1011.27",46289,216.00,True
2757,"t=22.01,h=36.33,p=1011.27",46307,94.20,True
2758,"t=22.01,h=36.33,p=1011.27",46280,93.40,True
2759,"t=22.01,h=36.35,p=1011.24",46278,103.20,True
2760,"t=22.01,h=36.35,p=1011.24",46275,263.60,True
2761,"t=22.01,h=36.33,p=1011.24",46297,353.20,True
2762,"t=22.01,h=36.33,p=1011.24",46287,159.20,True
2763,"t=22.01,h=36.34,p=1011.26",46283,98.00,True
2764,"t=22.01,h=36.34,p=1011.26",46278,326.40,True
2765,"t=22.01,h=36.35,p=1011.23",46289,319.60,True
2766,"t=22.01,h=36.35,p=1011.23",46282,111.80,True
2767,"t=22.00,h=36.36,p=1011.23",46276,134.50,True
2768,"t=22.00,h=36.36,p=1011.23",46280,154.30,True
2769,"t=22.01,h=36.34,p=1011.27",46287,97.30,True
2770,"t=22.01,h=36.34,p=1011.27",46281,278.00,True
2771,"t=22.01,h=36.33,p=1011.24",46291,214.60,True
2772,"t=22.01,h=36.33,p=1011.24",46289,210.00,True
2773,"t=22.00,h=36.34,p=1011.25",46276,293.80,True
2774,"t=22.00,h=36.34,p=1011.25",46287,214.70,True
2775,"t=21.99,h=36.34,p=1011.23",46279,326.90,True
2776,"t=21.99,h=36.34,p=1011.23",46293,216.70,True
2777,"t=21.99,h=36.33,p=1011.23",46275,143.00,True
2778,"t=21.99,h=36.33,p=1011.23",46288,98.30,True
2779,"t=21.99,h=36.33,p=1011.22",46284,265.40,True
2780,"t=21.99,h=36.33,p=1011.22",46282,354.70,True
2781,"t=21.99,h=36.33,p=1011.23",46284,254.00,True
2782,"t=21.99,h=36.33,p=1011.23",46272,95.10,True
2783,"t=22.00,h=36.33,p=1011.26",46282,266.70,True
2784,"t=22.00,h=36.33,p=1011.26",46290,268.30,True
2785,"t=22.00,h=36.33,p=1011.20",46289,391.70,True
2786,"t=22.00,h=36.33,p=1011.20",46289,137.40,True
2787,"t=22.00,h=36.33,p=1011.22",46277,96.10,True
2788,"t=22.00,h=36.33,p=1011.22",46281,150.40,True
2789,"t=22.00,h=36.33,p=1011.22",46286,97.20,True
2790,"t=22.01,h=36.33,p=1011.23",46276,322.90,True
2791,"t=22.01,h=36.33,p=1011.23",46286,214.10,True
2792,"t=22.00,h=36.31,p=1011.25",46281,171.80,True
2793,"t=22.00,h=36.31,p=1011.25",46290,193.70,True
2794,"t=22.00,h=36.31,p=1011.24",46302,142.40,True
2795,"t=22.00,h=36.31,p=1011.24",46310,145.40,True
2796,"t=22.00,h=36.32,p=1011.24",46292,157.90,True
2797,"t=22.00,h=36.32,p=1011.24",46300,141.60,True
2798,"t=22.01,h=36.30,p=1011.24",46284,189.20,True
2799,"t=22.01,h=36.30,p=1011.24",46285,98.40,True
2800,"t=22.01,h=36.31,p=1011.25",46290,244.70,True
2801,"t=22.01,h=36.31,p=1011.25",46285,236.30,True
2802,"t=22.01,h=36.31,p=1011.23",46277,137.90,True
2803,"t=22.01,h=36.31,p=1011.23",46278,377.60,True
2804,"t=22.01,h=36.31,p=1011.29",46303,244.10,True
2805,"t=22.01,h=36.31,p=1011.29",46297,236.50,True
2806,"t=22.01,h=36.33,p=1011.26",46282,110.80,True
2807,"t=22.01,h=36.33,p=1011.26",46282,263.60,True
2808,"t=22.01,h=36.34,p=1011.26",46288,102.00,True
2809,"t=22.01,h=36.34,p=1011.26",46278,174.50,True
2810,"t=22.00,h=36.29,p=1011.23",46279,99.40,True
2811,"t=22.00,h=36.29,p=1011.23",46274,139.70,True
2812,"t=22.00,h=36.29,p=1011.22",46294,97.40,True
2813,"t=22.00,h=36.29,p=1011.22",46299,116.80,True
2814,"t=21.99,h=36.29,p=1011.23",46291,172.20,True
2815,"t=21.99,h=36.29,p=1011.23",46290,96.30,True
2816,"t=21.99,h=36.29,p=1011.22",46279,95.30,True
2817,"t=21.99,h=36.29,p=1011.22",46279,96.30,True
2818,"t=21.99,h=36.32,p=1011.23",46287,362.70,True
2819,"t=21.99,h=36.32,p=1011.23",46290,269.90,True
2820,"t=22.01,h=36.35,p=1011.25",46282,96.70,True
2821,"t=22.01,h=36.35,p=1011.25",46279,94.10,True
2822,"t=22.00,h=36.33,p=1011.23",46277,96.90,True
2823,"t=22.00,h=36.33,p=1011.23",46282,139.20,True
2824,"t=22.00,h=36.33,p=1011.26",46289,101.10,True
2825,"t=22.00,h=36.33,p=1011.26",46278,105.70,True
2826,"t=22.01,h=36.34,p=1011.26",46292,355.40,True
2827,"t=22.01,h=36.34,p=1011.26",46284,232.70,True
2828,"t=22.01,h=36.34,p=1011.23",46280,98.10,True
2829,"t=22.01,h=36.34,p=1011.23",46284,138.40,True
2830,"t=22.01,h=36.34,p=1011.25",46283,97.10,True
2831,"t=22.01,h=36.34,p=1011.25",46276,242.10,True
2832,"t=22.01,h=36.34,p=1011.23",46294,328.10,True
2833,"t=22.01,h=36.34,p=1011.23",46292,215.20,True
2834,"t=22.01,h=36.35,p=1011.25",46280,214.00,True
2835,"t=22.01,h=36.35,p=1011.25",46287,222.60,True
2836,"t=22.01,h=36.35,p=1011.22",46281,394.80,True
2837,"t=22.01,h=36.35,p=1011.22",46296,214.00,True
2838,"t=22.00,h=36.35,p=1011.25",46279,97.00,True
2839,"t=22.00,h=36.35,p=1011.25",46285,95.20,True
2840,"t=22.00,h=36.35,p=1011.25",46283,184.60,True
2841,"t=21.99,h=36.35,p=1011.22",46296,113.70,True
2842,"t=21.99,h=36.35,p=1011.22",46280,95.70,True
2843,"t=22.00,h=36.34,p=1011.24",46272,96.00,True
2844,"t=22.00,h=36.34,p=1011.24",46279,356.30,True
2845,"t=22.01,h=36.37,p=1011.26",46293,291.20,True
2846,"t=22.01,h=36.37,p=1011.26",46277,91.70,True
2847,"t=21.99,h=36.35,p=1011.23",46283,94.40,True
2848,"t=21.99,h=36.35,p=1011.23",46278,393.50,True
2849,"t=22.01,h=36.38,p=1011.24",46285,97.30,True
2850,"t=22.01,h=36.38,p=1011.24",46275,143.90,True
2851,"t=21.99,h=36.35,p=1011.22",46295,269.50,True
2852,"t=21.99,h=36.35,p=1011.22",46290,215.90,True
2853,"t=21.99,h=36.36,p=1011.21",46291,95.20,True
2854,"t=21.99,h=36.36,p=1011.21",46285,353.50,True
2855,"t=22.00,h=36.34,p=1011.22",46293,209.70,True
2856,"t=22.00,h=36.34,p=1011.22",46284,97.10,True
2857,"t=21.99,h=36.34,p=1011.22",46289,277.80,True
2858,"t=21.99,h=36.34,p=1011.22",46299,214.10,True
2859,"t=22.00,h=36.33,p=1011.22",46279,142.10,True
2860,"t=22.00,h=36.33,p=1011.22",46291,96.60,True
2861,"t=22.00,h=36.35,p=1011.23",46277,288.10,True
2862,"t=22.00,h=36.35,p=1011.23",46288,175.30,True
2863,"t=22.01,h=36.35,p=1011.27",46277,354.60,True
2864,"t=22.01,h=36.35,p=1011.27",46288,294.10,True
2865,"t=22.01,h=36.38,p=1011.25",46284,353.50,True
2866,"t=22.01,h=36.38,p=1011.25",46294,292.80,True
2867,"t=22.00,h=36.36,p=1011.21",46278,350.40,True
2868,"t=22.00,h=36.36,p=1011.21",46288,354.10,True
2869,"t=22.00,h=36.38,p=1011.25",46282,298.80,True
2870,"t=22.00,h=36.38,p=1011.25",46277,332.20,True
2871,"t=22.00,h=36.36,p=1011.22",46291,264.30,True
2872,"t=22.00,h=36.36,p=1011.22",46273,350.70,True
2873,"t=22.00,h=36.36,p=1011.26",46284,353.90,True
2874,"t=22.00,h=36.36,p=1011.26",46281,294.50,True
2875,"t=22.01,h=36.38,p=1011.23",46278,122.10,True
2876,"t=22.01,h=36.38,p=1011.23",46275,358.20,True
2877,"t=22.01,h=36.39,p=1011.25",46292,98.30,True
2878,"t=22.01,h=36.39,p=1011.25",46281,369.20,True
2879,"t=22.01,h=36.39,p=1011.24",46293,98.90,True
2880,"t=22.01,h=36.39,p=1011.24",46281,175.80,True
2881,"t=22.00,h=36.39,p=1011.26",46294,331.20,True
2882,"t=22.00,h=36.39,p=1011.26",46286,295.80,True
2883,"t=22.00,h=36.39,p=1011.25",46278,169.80,True
2884,"t=22.00,h=36.39,p=1011.25",46284,342.00,True
2885,"t=22.00,h=36.39,p=1011.26",46286,96.90,True
2886,"t=22.00,h=36.39,p=1011.26",46279,95.20,True
2887,"t=22.00,h=36.40,p=1011.23",46274,144.90,True
2888,"t=22.00,h=36.40,p=1011.23",46287,98.20,True
2889,"t=22.00,h=36.40,p=1011.23",46305,294.10,True
2890,"t=22.00,h=36.39,p=1011.26",46294,354.20,True
2891,"t=22.00,h=36.39,p=1011.26",46289,327.90,True
2892,"t=21.99,h=36.41,p=1011.22",46286,96.70,True
2893,"t=21.99,h=36.41,p=1011.22",46274,346.70,True
2894,"t=22.00,h=36.40,p=1011.28",46290,168.40,True
2895,"t=22.00,h=36.40,p=1011.28",46278,269.70,True
2896,"t=22.00,h=36.39,p=1011.24",46291,216.00,True
2897,"t=22.00,h=36.39,p=1011.24",46283,145.30,True
2898,"t=22.00,h=36.39,p=1011.23",46281,292.60,True
2899,"t=22.00,h=36.39,p=1011.23",46291,215.20,True
2900,"t=22.00,h=36.39,p=1011.24",46283,243.90,True
2901,"t=22.00,h=36.39,p=1011.24",46293,254.60,True
2902,"t=22.01,h=36.39,p=1011.25",46285,219.60,True
2903,"t=22.01,h=36.39,p=1011.25",46277,162.90,True
2904,"t=22.01,h=36.38,p=1011.25",46284,285.50,True
2905,"t=22.01,h=36.38,p=1011.25",46294,216.50,True
2906,"t=22.01,h=36.39,p=1011.23",46280,293.50,True
2907,"t=22.01,h=36.39,p=1011.23",46290,237.30,True
2908,"t=22.01,h=36.39,p=1011.23",46281,355.40,True
2909,"t=22.01,h=36.39,p=1011.23",46290,94.40,True
2910,"t=22.01,h=36.37,p=1011.25",46284,273.40,True
2911,"t=22.01,h=36.37,p=1011.25",46291,99.10,True
2912,"t=22.01,h=36.37,p=1011.26",46291,108.00,True
2913,"t=22.01,h=36.37,p=1011.26",46284,263.80,True
2914,"t=22.01,h=36.39,p=1011.25",46288,144.10,True
2915,"t=22.01,h=36.39,p=1011.25",46294,270.70,True
2916,"t=22.00,h=36.39,p=1011.22",46288,297.50,True
2917,"t=22.00,h=36.39,p=1011.22",46284,364.20,True
2918,"t=22.01,h=36.37,p=1011.22",46294,182.10,True
2919,"t=22.01,h=36.37,p=1011.22",46286,146.40,True
2920,"t=22.00,h=36.39,p=1011.25",46284,96.30,True
2921,"t=22.00,h=36.39,p=1011.25",46283,301.30,True
2922,"t=22.00,h=36.38,p=1011.25",46289,96.60,True
2923,"t=22.00,h=36.38,p=1011.25",46281,340.70,True
2924,"t=22.01,h=36.39,p=1011.27",46306,296.50,True
2925,"t=22.01,h=36.39,p=1011.27",46288,268.90,True
2926,"t=22.00,h=36.39,p=1011.27",46289,232.00,True
2927,"t=22.00,h=36.39,p=1011.27",46277,193.50,True
2928,"t=21.99,h=36.39,p=1011.24",46283,351.20,True
2929,"t=21.99,h=36.39,p=1011.24",46286,95.50,True
2930,"t=22.00,h=36.39,p=1011.26",46281,356.60,True
2931,"t=22.00,h=36.39,p=1011.26",46293,109.90,True
2932,"t=22.01,h=36.40,p=1011.25",46277,276.40,True
2933,"t=22.01,h=36.40,p=1011.25",46287,275.80,True
2934,"t=22.00,h=36.39,p=1011.23",46287,218.70,True
2935,"t=22.00,h=36.39,p=1011.23",46283,194.30,True
2936,"t=22.01,h=36.40,p=1011.23",46290,120.40,True
2937,"t=22.01,h=36.40,p=1011.23",46291,96.60,True
2938,"t=22.01,h=36.39,p=1011.27",46287,95.70,True
2939,"t=22.01,h=36.39,p=1011.27",46293,119.40,True
2940,"t=22.01,h=36.39,p=1011.24",46293,183.50,True
2941,"t=22.01,h=36.39,p=1011.24",46286,97.80,True
2942,"t=22.01,h=36.39,p=1011.24",46278,94.70,True
2943,"t=22.01,h=36.38,p=1011.25",46281,96.30,True
2944,"t=22.01,h=36.38,p=1011.25",46282,94.90,True
2945,"t=22.01,h=36.38,p=1011.25",46288,337.30,True
2946,"t=22.01,h=36.38,p=1011.25",46291,295.30,True
2947,"t=22.01,h=36.38,p=1011.23",46275,136.20,True
2948,"t=22.01,h=36.38,p=1011.23",46284,96.60,True
2949,"t=22.01,h=36.39,p=1011.26",46279,380.90,True
2950,"t=22.01,h=36.39,p=1011.26",46293,348.80,True
2951,"t=22.01,h=36.38,p=1011.29",46283,358.00,True
2952,"t=22.01,h=36.38,p=1011.29",46287,220.20,True
2953,"t=22.01,h=36.39,p=1011.27",46289,214.90,True
2954,"t=22.01,h=36.39,p=1011.27",46312,142.30,True
2955,"t=22.01,h=36.38,p=1011.25",46292,98.00,True
2956,"t=22.01,h=36.38,p=1011.25",46286,161.10,True
2957,"t=22.01,h=36.39,p=1011.26",46288,206.70,True
2958,"t=22.01,h=36.39,p=1011.26",46285,96.40,True
2959,"t=22.01,h=36.39,p=1011.25",46276,96.90,True
2960,"t=22.01,h=36.39,p=1011.25",46279,356.80,True
2961,"t=22.01,h=36.39,p=1011.24",46290,97.90,True
2962,"t=22.01,h=36.39,p=1011.24",46281,356.80,True
2963,"t=22.01,h=36.35,p=1011.23",46283,260.00,True
2964,"t=22.01,h=36.35,p=1011.23",46275,94.60,True
2965,"t=22.00,h=36.38,p=1011.21",46281,281.40,True
2966,"t=22.00,h=36.38,p=1011.21",46284,219.00,True
2967,"t=22.01,h=36.39,p=1011.25",46277,214.40,True
2968,"t=22.01,h=36.39,p=1011.25",46278,98.50,True
2969,"t=22.00,h=36.38,p=1011.23",46279,272.10,True
2970,"t=22.00,h=36.38,p=1011.23",46286,219.90,True
2971,"t=21.99,h=36.38,p=1011.21",46295,347.20,True
2972,"t=21.99,h=36.38,p=1011.21",46302,288.50,True
2973,"t=21.99,h=36.36,p=1011.24",46277,147.70,True
2974,"t=21.99,h=36.36,p=1011.24",46280,120.10,True
2975,"t=22.00,h=36.38,p=1011.22",46285,360.60,True
2976,"t=22.00,h=36.38,p=1011.22",46287,214.90,True
2977,"t=22.01,h=36.38,p=1011.24",46276,120.20,True
2978,"t=22.01,h=36.38,p=1011.24",46280,96.00,True
2979,"t=22.01,h=36.38,p=1011.26",46276,213.00,True
2980,"t=22.01,h=36.38,p=1011.26",46271,150.40,True
2981,"t=22.01,h=36.38,p=1011.24",46281,96.10,True
2982,"t=22.01,h=36.38,p=1011.24",46270,93.70,True
2983,"t=22.01,h=36.37,p=1011.27",46280,94.80,True
2984,"t=22.01,h=36.37,p=1011.27",46277,342.40,True
2985,"t=22.01,h=36.37,p=1011.27",46286,97.00,True
2986,"t=22.01,h=36.37,p=1011.27",46278,266.20,True
2987,"t=22.01,h=36.37,p=1011.26",46291,209.90,True
2988,"t=22.01,h=36.37,p=1011.26",46284,358.00,True
2989,"t=22.01,h=36.37,p=1011.26",46289,95.30,True
2990,"t=22.01,h=36.37,p=1011.26",46280,322.40,True
2991,"t=22.01,h=36.35,p=1011.26",46283,116.40,True
2992,"t=22.01,h=36.35,p=1011.26",46282,355.60,True
2993,"t=22.01,h=36.35,p=1011.26",46284,97.60,True
2994,"t=22.01,h=36.38,p=1011.28",46284,354.40,True
2995,"t=22.01,h=36.38,p=1011.28",46285,104.60,True
2996,"t=22.01,h=36.34,p=1011.26",46282,354.90,True
2997,"t=22.01,h=36.34,p=1011.26",46285,354.20,True
2998,"t=22.01,h=36.35,p=1011.23",46285,306.30,True
2999,"t=22.01,h=36.35,p=1011.23",46285,237.60,True
